date,value,cash,holdings
2021-01-04,150000.0,150000.0,0.0
2021-01-05,150000.0,150000.0,0.0
2021-01-06,150000.0,150000.0,0.0
2021-01-07,150000.0,150000.0,0.0
2021-01-08,150000.0,150000.0,0.0
2021-01-11,150000.0,150000.0,0.0
2021-01-12,150000.0,150000.0,0.0
2021-01-13,150000.0,150000.0,0.0
2021-01-14,150000.0,150000.0,0.0
2021-01-15,150000.0,150000.0,0.0
2021-01-19,150000.0,150000.0,0.0
2021-01-20,150000.0,150000.0,0.0
2021-01-21,150000.0,150000.0,0.0
2021-01-22,150000.0,150000.0,0.0
2021-01-25,150000.0,150000.0,0.0
2021-01-26,150000.0,150000.0,0.0
2021-01-27,150000.0,150000.0,0.0
2021-01-28,150000.0,150000.0,0.0
2021-01-29,150000.0,150000.0,0.0
2021-02-01,149550.19856993866,-383.61145050811774,149933.81002044678
2021-02-02,150542.71475951385,-383.61145050811774,150926.32621002197
2021-02-03,152182.48285262298,-383.61145050811774,152566.0943031311
2021-02-04,152789.83324782562,-383.61145050811774,153173.44469833374
2021-02-05,153675.51524321747,-383.61145050811774,154059.1266937256
2021-02-08,155970.4791828842,-383.61145050811774,156354.09063339233
2021-02-09,155977.51605574798,-383.61145050811774,156361.1275062561
2021-02-10,156842.59613387298,-383.61145050811774,157226.2075843811
2021-02-11,156901.90306060028,-383.61145050811774,157285.5145111084
2021-02-12,157602.34954421234,-383.61145050811774,157985.96099472046
2021-02-16,158736.61267440033,-383.61145050811774,159120.22412490845
2021-02-17,160257.62482421112,-383.61145050811774,160641.23627471924
2021-02-18,159023.5820385666,-383.61145050811774,159407.1934890747
2021-02-19,160352.2755047531,-383.61145050811774,160735.88695526123
2021-02-22,161557.79418151092,-383.61145050811774,161941.40563201904
2021-02-23,162131.83092848968,-383.61145050811774,162515.4423789978
2021-02-24,164886.31056182098,-383.61145050811774,165269.9220123291
2021-02-25,162069.88158385467,-383.61145050811774,162453.4930343628
2021-02-26,159544.61945693207,-383.61145050811774,159928.2309074402
2021-03-01,163131.3416602707,90.16075969695765,163041.18090057373
2021-03-02,163108.69912029267,90.16075969695765,163018.5383605957
2021-03-03,163491.50338054658,90.16075969695765,163401.3426208496
2021-03-04,162815.5909774399,90.16075969695765,162725.43021774292
2021-03-05,167195.1929442978,90.16075969695765,167105.03218460083
2021-03-08,168342.93111873628,90.16075969695765,168252.7703590393
2021-03-09,168587.56190181733,90.16075969695765,168497.40114212036
2021-03-10,170626.36626888276,90.16075969695765,170536.2055091858
2021-03-11,171700.91269756318,90.16075969695765,171610.7519378662
2021-03-12,172607.83505321504,90.16075969695765,172517.67429351807
2021-03-15,172684.5570457077,90.16075969695765,172594.39628601074
2021-03-16,171248.40432811738,90.16075969695765,171158.2435684204
2021-03-17,171856.54697490693,90.16075969695765,171766.38621520996
2021-03-18,168952.8184859848,90.16075969695765,168862.65772628784
2021-03-19,169173.06213069917,90.16075969695765,169082.9013710022
2021-03-22,169010.89491344453,90.16075969695765,168920.73415374756
2021-03-23,166535.52364803315,90.16075969695765,166445.36288833618
2021-03-24,167143.8708350754,90.16075969695765,167053.71007537842
2021-03-25,168896.13522411347,90.16075969695765,168805.9744644165
2021-03-26,172358.28451992036,90.16075969695765,172268.1237602234
2021-03-29,171344.76456905366,90.16075969695765,171254.6038093567
2021-03-30,171100.7455337143,90.16075969695765,171010.58477401733
2021-03-31,170048.96216274262,90.16075969695765,169958.80140304565
2021-04-01,171614.70455638887,92.13414852143265,171522.57040786743
2021-04-05,172175.68864147188,92.13414852143265,172083.55449295044
2021-04-06,171354.1632050705,92.13414852143265,171262.02905654907
2021-04-07,171381.05088512422,92.13414852143265,171288.91673660278
2021-04-08,171101.76656047822,92.13414852143265,171009.6324119568
2021-04-09,171562.97058574678,92.13414852143265,171470.83643722534
2021-04-12,170716.82781688691,92.13414852143265,170624.69366836548
2021-04-13,170906.933045311,92.13414852143265,170814.79889678955
2021-04-14,172380.53770915986,92.13414852143265,172288.40356063843
2021-04-15,172708.59564678193,92.13414852143265,172616.4614982605
2021-04-16,173448.11729518892,92.13414852143265,173355.98314666748
2021-04-19,173199.57959453584,92.13414852143265,173107.4454460144
2021-04-20,170794.57259075166,92.13414852143265,170702.43844223022
2021-04-21,172798.98290340425,92.13414852143265,172706.8487548828
2021-04-22,171132.856709404,92.13414852143265,171040.72256088257
2021-04-23,172519.39975826265,92.13414852143265,172427.2656097412
2021-04-26,172365.47184841157,92.13414852143265,172273.33769989014
2021-04-27,172997.0038880539,92.13414852143265,172904.86973953247
2021-04-28,174643.6515168381,92.13414852143265,174551.51736831665
2021-04-29,175864.00747386934,92.13414852143265,175771.8733253479
2021-04-30,172477.21215145112,92.13414852143265,172385.0780029297
2021-05-03,175266.0098962021,92.13414852143265,175173.87574768066
2021-05-04,174893.4024895859,92.13414852143265,174801.26834106445
2021-05-05,177209.13396160127,92.13414852143265,177116.99981307983
2021-05-06,178180.7912797165,92.13414852143265,178088.65713119507
2021-05-07,180127.01974193574,92.13414852143265,180034.8855934143
2021-05-10,179579.63732997896,92.13414852143265,179487.50318145752
2021-05-11,176481.19716732026,92.13414852143265,176389.06301879883
2021-05-12,174092.72942058565,92.13414852143265,174000.5952720642
2021-05-13,175088.27193920137,92.13414852143265,174996.13779067993
2021-05-14,178173.88257686616,92.13414852143265,178081.74842834473
2021-05-17,178975.73622600557,92.13414852143265,178883.60207748413
2021-05-18,176898.06965724946,92.13414852143265,176805.93550872803
2021-05-19,174350.84660045625,92.13414852143265,174258.7124519348
2021-05-20,175443.31253520967,92.13414852143265,175351.17838668823
2021-05-21,175825.28163234712,92.13414852143265,175733.14748382568
2021-05-24,177169.591664238,92.13414852143265,177077.45751571655
2021-05-25,175951.9448823166,92.13414852143265,175859.81073379517
2021-05-26,176685.00231258394,92.13414852143265,176592.8681640625
2021-05-27,176492.42642681123,92.13414852143265,176400.2922782898
2021-05-28,176858.34914485933,92.13414852143265,176766.2149963379
2021-06-01,179135.5670758896,53.78785149384825,179081.77922439575
2021-06-02,179944.71306053924,53.78785149384825,179890.9252090454
2021-06-03,179202.5780774765,53.78785149384825,179148.79022598267
2021-06-04,180502.48826042938,53.78785149384825,180448.70040893555
2021-06-07,180487.18769280243,53.78785149384825,180433.3998413086
2021-06-08,181144.84493843841,53.78785149384825,181091.05708694458
2021-06-09,180145.91340462494,53.78785149384825,180092.1255531311
2021-06-10,180737.849416893,53.78785149384825,180684.06156539917
2021-06-11,180778.21051995087,53.78785149384825,180724.42266845703
2021-06-14,180288.57103936005,53.78785149384825,180234.7831878662
2021-06-15,181483.33989540863,53.78785149384825,181429.5520439148
2021-06-16,180019.909006279,53.78785149384825,179966.12115478516
2021-06-17,177473.70105187225,53.78785149384825,177419.91320037842
2021-06-18,173481.60244194794,53.78785149384825,173427.8145904541
2021-06-21,176868.86960045624,53.78785149384825,176815.0817489624
2021-06-22,177277.4479085617,53.78785149384825,177223.66005706787
2021-06-23,176858.87623421478,53.78785149384825,176805.08838272095
2021-06-24,178207.80291191864,53.78785149384825,178154.0150604248
2021-06-25,179079.41256157684,53.78785149384825,179025.624710083
2021-06-28,176735.8317243271,53.78785149384825,176682.04387283325
2021-06-29,176686.26118675995,53.78785149384825,176632.4733352661
2021-06-30,176895.001886528,53.78785149384825,176841.21403503418
2021-07-01,178364.70216038515,89.34605076601962,178275.35610961914
2021-07-02,178326.41802265932,89.34605076601962,178237.0719718933
2021-07-06,175863.04950764467,89.34605076601962,175773.70345687866
2021-07-07,175611.16350224306,89.34605076601962,175521.81745147705
2021-07-08,174000.0726094513,89.34605076601962,173910.7265586853
2021-07-09,176788.61738255312,89.34605076601962,176699.2713317871
2021-07-12,177128.93246128847,89.34605076601962,177039.58641052246
2021-07-13,175942.7322392731,89.34605076601962,175853.38618850708
2021-07-14,175092.86905720521,89.34605076601962,175003.5230064392
2021-07-15,174119.11276295473,89.34605076601962,174029.76671218872
2021-07-16,171782.79084828187,89.34605076601962,171693.44479751587
2021-07-19,168942.97028782655,89.34605076601962,168853.62423706055
2021-07-20,170751.9629674225,89.34605076601962,170662.6169166565
2021-07-21,173980.16522648622,89.34605076601962,173890.81917572021
2021-07-22,173249.47702458192,89.34605076601962,173160.13097381592
2021-07-23,174032.73521855165,89.34605076601962,173943.38916778564
2021-07-26,175068.03422978212,89.34605076601962,174978.6881790161
2021-07-27,174128.88060810853,89.34605076601962,174039.53455734253
2021-07-28,175181.30933049013,89.34605076601962,175091.96327972412
2021-07-29,177008.33859684755,89.34605076601962,176918.99254608154
2021-07-30,175950.8435368805,89.34605076601962,175861.4974861145
2021-08-02,176121.6489339142,89.34605076601962,176032.3028831482
2021-08-03,178043.50373890687,89.34605076601962,177954.15768814087
2021-08-04,175877.04114964296,89.34605076601962,175787.69509887695
2021-08-05,176844.17091038515,89.34605076601962,176754.82485961914
2021-08-06,176980.6270222931,89.34605076601962,176891.2809715271
2021-08-09,176382.59667637636,89.34605076601962,176293.25062561035
2021-08-10,178106.4626698761,89.34605076601962,178017.1166191101
2021-08-11,179022.51031163026,89.34605076601962,178933.16426086426
2021-08-12,178678.6845059662,89.34605076601962,178589.3384552002
2021-08-13,178221.88760044862,89.34605076601962,178132.54154968262
2021-08-16,177352.57673695375,89.34605076601962,177263.23068618774
2021-08-17,176041.80912449647,89.34605076601962,175952.46307373047
2021-08-18,173931.3619427948,89.34605076601962,173842.0158920288
2021-08-19,171575.49117710878,89.34605076601962,171486.14512634277
2021-08-20,172464.02291539003,89.34605076601962,172374.67686462402
2021-08-23,174864.31010105897,89.34605076601962,174774.96405029297
2021-08-24,176286.80652668764,89.34605076601962,176197.46047592163
2021-08-25,177093.79941227724,89.34605076601962,177004.45336151123
2021-08-26,175428.1800275116,89.34605076601962,175338.8339767456
2021-08-27,177177.58273365785,89.34605076601962,177088.23668289185
2021-08-30,177040.1506047516,89.34605076601962,176950.8045539856
2021-08-31,176480.80367329408,89.34605076601962,176391.45762252808
2021-09-01,176308.1525842247,29.690120845809115,176278.4624633789
2021-09-02,178100.17641845322,29.690120845809115,178070.48629760742
2021-09-03,178130.80824294663,29.690120845809115,178101.11812210083
2021-09-07,177326.77122893906,29.690120845809115,177297.08110809326
2021-09-08,175948.7637788353,29.690120845809115,175919.0736579895
2021-09-09,175760.67528930283,29.690120845809115,175730.98516845703
2021-09-10,175083.94715896226,29.690120845809115,175054.25703811646
2021-09-13,176761.32534041977,29.690120845809115,176731.63521957397
2021-09-14,174877.7237435875,29.690120845809115,174848.0336227417
2021-09-15,177094.4298173485,29.690120845809115,177064.7396965027
2021-09-16,176377.24726119614,29.690120845809115,176347.55714035034
2021-09-17,175131.62587371445,29.690120845809115,175101.93575286865
2021-09-20,171568.5079042015,29.690120845809115,171538.8177833557
2021-09-21,171909.1325112877,29.690120845809115,171879.4423904419
2021-09-22,174937.42553725815,29.690120845809115,174907.73541641235
2021-09-23,177967.55933013535,29.690120845809115,177937.86920928955
2021-09-24,177839.94993606186,29.690120845809115,177810.25981521606
2021-09-27,180144.75001540757,29.690120845809115,180115.05989456177
2021-09-28,178578.41003814316,29.690120845809115,178548.71991729736
2021-09-29,178503.6337701378,29.690120845809115,178473.943649292
2021-09-30,175849.19410720444,29.690120845809115,175819.50398635864
2021-10-01,178497.83845767213,20.234297363286835,178477.60416030884
2021-10-04,178034.0370279236,20.234297363286835,178013.8027305603
2021-10-05,179134.67379244996,20.234297363286835,179114.43949508667
2021-10-06,177907.95222720338,20.234297363286835,177887.7179298401
2021-10-07,179870.7822633667,20.234297363286835,179850.54796600342
2021-10-08,181163.2023302002,20.234297363286835,181142.9680328369
2021-10-11,180097.5686860962,20.234297363286835,180077.3343887329
2021-10-12,180044.56555041505,20.234297363286835,180024.33125305176
2021-10-13,181138.68412646485,20.234297363286835,181118.44982910156
2021-10-14,183167.24577197267,20.234297363286835,183147.01147460938
2021-10-15,184269.6659112854,20.234297363286835,184249.43161392212
2021-10-18,184120.7485071106,20.234297363286835,184100.5142097473
2021-10-19,186043.93675479127,20.234297363286835,186023.70245742798
2021-10-20,187613.7398668213,20.234297363286835,187593.505569458
2021-10-21,186451.46300753785,20.234297363286835,186431.22871017456
2021-10-22,187324.25044116212,20.234297363286835,187304.01614379883
2021-10-25,188163.39184436036,20.234297363286835,188143.15754699707
2021-10-26,187762.05663546754,20.234297363286835,187741.82233810425
2021-10-27,184838.58732470704,20.234297363286835,184818.35302734375
2021-10-28,186747.40195330812,20.234297363286835,186727.16765594482
2021-10-29,186865.1324449463,20.234297363286835,186844.898147583
2021-11-01,188525.22209131625,57.53932154084253,188467.6827697754
2021-11-02,187908.00910150912,57.53932154084253,187850.46977996826
2021-11-03,188691.8889995804,57.53932154084253,188634.34967803955
2021-11-04,188611.3249584427,57.53932154084253,188553.78563690186
2021-11-05,190297.1456905594,57.53932154084253,190239.60636901855
2021-11-08,191051.80939447787,57.53932154084253,190994.270072937
2021-11-09,191395.2954021683,57.53932154084253,191337.75608062744
2021-11-10,189256.1005169144,57.53932154084253,189198.56119537354
2021-11-11,190221.05890619662,57.53932154084253,190163.51958465576
2021-11-12,190828.39921533968,57.53932154084253,190770.85989379883
2021-11-15,192073.95954859164,57.53932154084253,192016.42022705078
2021-11-16,192110.15019953158,57.53932154084253,192052.61087799072
2021-11-17,191157.31038629916,57.53932154084253,191099.7710647583
2021-11-18,190364.798064827,57.53932154084253,190307.25874328613
2021-11-19,187608.15682184603,57.53932154084253,187550.61750030518
2021-11-22,188874.09246027377,57.53932154084253,188816.5531387329
2021-11-23,190504.53517877962,57.53932154084253,190446.99585723877
2021-11-24,190694.90792810824,57.53932154084253,190637.36860656738
2021-11-26,186077.93567621615,57.53932154084253,186020.3963546753
2021-11-29,186634.38228571322,57.53932154084253,186576.84296417236
2021-11-30,183297.3816219559,57.53932154084253,183239.84230041504
2021-12-01,182053.17625013736,18.938762344382702,182034.23748779297
2021-12-02,186026.53414503482,18.938762344382702,186007.59538269043
2021-12-03,185094.89431349185,18.938762344382702,185075.95555114746
2021-12-06,187416.54592481998,18.938762344382702,187397.6071624756
2021-12-07,190521.11402479556,18.938762344382702,190502.17526245117
2021-12-08,190913.50504652408,18.938762344382702,190894.5662841797
2021-12-09,189753.72722975162,18.938762344382702,189734.78846740723
2021-12-10,190523.34408155826,18.938762344382702,190504.40531921387
2021-12-13,187425.31714979556,18.938762344382702,187406.37838745117
2021-12-14,187254.7410542145,18.938762344382702,187235.80229187012
2021-12-15,188011.16779676822,18.938762344382702,187992.22903442383
2021-12-16,188921.38250318912,18.938762344382702,188902.44374084473
2021-12-17,186249.36707655338,18.938762344382702,186230.42831420898
2021-12-20,184733.0938679352,18.938762344382702,184714.15510559082
2021-12-21,187728.5089375153,18.938762344382702,187709.5701751709
2021-12-22,188999.41659132388,18.938762344382702,188980.4778289795
2021-12-23,189813.92351881412,18.938762344382702,189794.98475646973
2021-12-27,192471.59992567447,18.938762344382702,192452.66116333008
2021-12-28,192263.7730061188,18.938762344382702,192244.8342437744
2021-12-29,192095.26360670474,18.938762344382702,192076.32484436035
2021-12-30,191958.5814625397,18.938762344382702,191939.6427001953
2021-12-31,191798.22295729068,18.938762344382702,191779.2841949463
2022-01-03,193446.63187757877,18.938762344382702,193427.69311523438
2022-01-04,195516.36014906314,18.938762344382702,195497.42138671875
2022-01-05,194727.3063618317,18.938762344382702,194708.3675994873
2022-01-06,195180.4543568268,18.938762344382702,195161.51559448242
2022-01-07,196665.44079176334,18.938762344382702,196646.50202941895
2022-01-10,196366.24869886783,18.938762344382702,196347.30993652344
2022-01-11,199582.56832472232,18.938762344382702,199563.62956237793
2022-01-12,200091.9289967194,18.938762344382702,200072.990234375
2022-01-13,199151.95858351138,18.938762344382702,199133.019821167
2022-01-14,200413.44596449283,18.938762344382702,200394.50720214844
2022-01-18,198964.0772663727,18.938762344382702,198945.13850402832
2022-01-19,198067.97358290103,18.938762344382702,198049.03482055664
2022-01-20,196368.02785841373,18.938762344382702,196349.08909606934
2022-01-21,193648.7629658356,18.938762344382702,193629.8242034912
2022-01-24,193812.46772352603,18.938762344382702,193793.52896118164
2022-01-25,196691.61227003482,18.938762344382702,196672.67350769043
2022-01-26,195998.7462116852,18.938762344382702,195979.80744934082
2022-01-27,196938.99322096255,18.938762344382702,196920.05445861816
2022-01-28,195480.67287794498,18.938762344382702,195461.7341156006
2022-01-31,197658.8579670563,18.938762344382702,197639.9192047119
2022-02-01,200184.92617700197,-657.7666177978502,200842.6927947998
2022-02-02,200660.04127023317,-657.7666177978502,201317.807888031
2022-02-03,199638.5713681946,-657.7666177978502,200296.33798599243
2022-02-04,198615.17678735353,-657.7666177978502,199272.94340515137
2022-02-07,198988.21512887574,-657.7666177978502,199645.98174667358
2022-02-08,198478.52147958375,-657.7666177978502,199136.2880973816
2022-02-09,199218.31722543336,-657.7666177978502,199876.0838432312
2022-02-10,197445.24711129762,-657.7666177978502,198103.01372909546
2022-02-11,198589.52704141237,-657.7666177978502,199247.2936592102
2022-02-14,197127.69800851442,-657.7666177978502,197785.46462631226
2022-02-15,196609.73064324952,-657.7666177978502,197267.49726104736
2022-02-16,197186.12525079347,-657.7666177978502,197843.8918685913
2022-02-17,197292.9416036377,-657.7666177978502,197950.70822143555
2022-02-18,197970.5659055481,-657.7666177978502,198628.33252334595
2022-02-22,197689.69061181642,-657.7666177978502,198347.45722961426
2022-02-23,196657.58484552003,-657.7666177978502,197315.35146331787
2022-02-24,196520.73470208741,-657.7666177978502,197178.50131988525
2022-02-25,197762.83705041505,-657.7666177978502,198420.6036682129
2022-02-28,199712.82602975465,-657.7666177978502,200370.5926475525
2022-03-01,200862.10608354188,23.433003097546752,200838.67308044434
2022-03-02,199023.3719641266,23.433003097546752,198999.93896102905
2022-03-03,199798.75557389832,23.433003097546752,199775.32257080078
2022-03-04,201074.1036802826,23.433003097546752,201050.67067718506
2022-03-07,200000.95031800843,23.433003097546752,199977.5173149109
2022-03-08,199963.8571859894,23.433003097546752,199940.42418289185
2022-03-09,199462.66973558045,23.433003097546752,199439.2367324829
2022-03-10,198675.93898072816,23.433003097546752,198652.50597763062
2022-03-11,198688.43255296326,23.433003097546752,198664.99954986572
2022-03-14,196413.08325257874,23.433003097546752,196389.6502494812
2022-03-15,195697.08839479066,23.433003097546752,195673.65539169312
2022-03-16,197167.6574064789,23.433003097546752,197144.22440338135
2022-03-17,197184.20782914734,23.433003097546752,197160.7748260498
2022-03-18,198424.87247911072,23.433003097546752,198401.43947601318
2022-03-21,196920.91081681824,23.433003097546752,196897.4778137207
2022-03-22,196121.4152037201,23.433003097546752,196097.98220062256
2022-03-23,197649.71280351258,23.433003097546752,197626.27980041504
2022-03-24,197342.6202742157,23.433003097546752,197319.18727111816
2022-03-25,196668.85723558045,23.433003097546752,196645.4242324829
2022-03-28,196866.33867707825,23.433003097546752,196842.9056739807
2022-03-29,197626.79237046815,23.433003097546752,197603.3593673706
2022-03-30,198168.7891050873,23.433003097546752,198145.35610198975
2022-03-31,197674.33644929505,23.433003097546752,197650.9034461975
2022-04-01,198245.0373466835,186.13063129044139,198058.90671539307
2022-04-04,197841.07354816055,186.13063129044139,197654.94291687012
2022-04-05,195595.83512958145,186.13063129044139,195409.70449829102
2022-04-06,194809.59697803116,186.13063129044139,194623.46634674072
2022-04-07,194543.76494678116,186.13063129044139,194357.63431549072
2022-04-08,194093.18435748672,186.13063129044139,193907.0537261963
2022-04-11,192302.53642352676,186.13063129044139,192116.40579223633
2022-04-12,192443.85605701065,186.13063129044139,192257.72542572021
2022-04-13,193178.89144214249,186.13063129044139,192992.76081085205
2022-04-14,191554.20278247452,186.13063129044139,191368.07215118408
2022-04-18,191355.23677142715,186.13063129044139,191169.10614013672
2022-04-19,190819.5875709877,186.13063129044139,190633.45693969727
2022-04-20,192410.79075702286,186.13063129044139,192224.66012573242
2022-04-21,190837.50807269668,186.13063129044139,190651.37744140625
2022-04-22,189485.110878788,186.13063129044139,189298.98024749756
2022-04-25,189874.75339587784,186.13063129044139,189688.6227645874
2022-04-26,189973.99610217666,186.13063129044139,189787.86547088623
2022-04-27,189133.26453479385,186.13063129044139,188947.13390350342
2022-04-28,190182.44943317032,186.13063129044139,189996.31880187988
2022-04-29,188391.45884784317,186.13063129044139,188205.32821655273
2022-05-02,187503.9244697914,186.13063129044139,187317.79383850098
2022-05-03,188486.0554970131,186.13063129044139,188299.92486572266
2022-05-04,189893.05433734512,186.13063129044139,189706.9237060547
2022-05-05,187006.00533374405,186.13063129044139,186819.8747024536
2022-05-06,186173.55285724258,186.13063129044139,185987.42222595215
2022-05-09,184983.61093982315,186.13063129044139,184797.48030853271
2022-05-10,185762.4953468666,186.13063129044139,185576.36471557617
2022-05-11,187106.12269672012,186.13063129044139,186919.9920654297
2022-05-12,187179.45780261612,186.13063129044139,186993.32717132568
2022-05-13,187031.47656329727,186.13063129044139,186845.34593200684
2022-05-16,187423.1714104042,186.13063129044139,187237.04077911377
2022-05-17,187200.1284416542,186.13063129044139,187013.99781036377
2022-05-18,187497.01673205948,186.13063129044139,187310.88610076904
2022-05-19,187650.8423088417,186.13063129044139,187464.71167755127
2022-05-20,188562.17319568252,186.13063129044139,188376.0425643921
2022-05-23,188132.5390327797,186.13063129044139,187946.40840148926
2022-05-24,189363.25962909317,186.13063129044139,189177.12899780273
2022-05-25,190179.91103442764,186.13063129044139,189993.7804031372
2022-05-26,190376.62295611954,186.13063129044139,190190.4923248291
2022-05-27,191125.8431404457,186.13063129044139,190939.71250915527
2022-05-31,189154.72378619766,186.13063129044139,188968.59315490723
2022-06-01,189008.31761418533,171.47333012771466,188836.84428405762
2022-06-02,189374.88598118973,171.47333012771466,189203.412651062
2022-06-03,189044.36407719803,171.47333012771466,188872.8907470703
2022-06-06,187687.6822000618,171.47333012771466,187516.20886993408
2022-06-07,188962.22868214798,171.47333012771466,188790.75535202026
2022-06-08,188079.92235814285,171.47333012771466,187908.44902801514
2022-06-09,187520.95389043045,171.47333012771466,187349.48056030273
2022-06-10,186294.725317585,171.47333012771466,186123.25198745728
2022-06-13,182381.4036012764,171.47333012771466,182209.93027114868
2022-06-14,181495.75247822952,171.47333012771466,181324.2791481018
2022-06-15,182799.08861027908,171.47333012771466,182627.61528015137
2022-06-16,181905.27214680862,171.47333012771466,181733.7988166809
2022-06-17,181592.96250020218,171.47333012771466,181421.48917007446
2022-06-21,181203.18896733475,171.47333012771466,181031.71563720703
2022-06-22,182426.57202397537,171.47333012771466,182255.09869384766
2022-06-23,182616.78114567947,171.47333012771466,182445.30781555176
2022-06-24,182374.30559407425,171.47333012771466,182202.83226394653
2022-06-27,181980.9393221016,171.47333012771466,181809.46599197388
2022-06-28,182294.2777429695,171.47333012771466,182122.8044128418
2022-06-29,183031.66721593094,171.47333012771466,182860.19388580322
2022-06-30,183344.5451799507,171.47333012771466,183173.071849823
2022-07-01,184320.33243389512,214.31313534164383,184106.01929855347
2022-07-05,184255.073690609,214.31313534164383,184040.76055526733
2022-07-06,182778.95848293687,214.31313534164383,182564.64534759521
2022-07-07,182848.94444866563,214.31313534164383,182634.63131332397
2022-07-08,181980.29141827012,214.31313534164383,181765.97828292847
2022-07-11,182726.08521099473,214.31313534164383,182511.77207565308
2022-07-12,182893.3709623375,214.31313534164383,182679.05782699585
2022-07-13,183608.15088863755,214.31313534164383,183393.8377532959
2022-07-14,182468.27327175523,214.31313534164383,182253.96013641357
2022-07-15,183383.09123058702,214.31313534164383,183168.77809524536
2022-07-18,182888.92143078233,214.31313534164383,182674.60829544067
2022-07-19,183563.78661938096,214.31313534164383,183349.4734840393
2022-07-20,183917.6174757042,214.31313534164383,183703.30434036255
2022-07-21,185246.6170522728,214.31313534164383,185032.30391693115
2022-07-22,186168.13509197618,214.31313534164383,185953.82195663452
2022-07-25,185985.6686842003,214.31313534164383,185771.35554885864
2022-07-26,185686.18176861192,214.31313534164383,185471.86863327026
2022-07-27,185956.14046688462,214.31313534164383,185741.82733154297
2022-07-28,186807.8660947838,214.31313534164383,186593.55295944214
2022-07-29,188059.73010082627,214.31313534164383,187845.41696548462
2022-08-01,189293.08869854733,-40.31724627687501,189333.40594482422
2022-08-02,187241.77300946042,-40.31724627687501,187282.0902557373
2022-08-03,187892.19096295163,-40.31724627687501,187932.50820922852
2022-08-04,187230.29556195065,-40.31724627687501,187270.61280822754
2022-08-05,186233.04568402097,-40.31724627687501,186273.36293029785
2022-08-08,187414.75638500974,-40.31724627687501,187455.07363128662
2022-08-09,187273.80086437985,-40.31724627687501,187314.11811065674
2022-08-10,188051.98604504392,-40.31724627687501,188092.3032913208
2022-08-11,187639.47219006345,-40.31724627687501,187679.78943634033
2022-08-12,188752.02491680905,-40.31724627687501,188792.34216308594
2022-08-15,188014.69848553464,-40.31724627687501,188055.01573181152
2022-08-16,188390.79418865964,-40.31724627687501,188431.11143493652
2022-08-17,187441.7727424316,-40.31724627687501,187482.0899887085
2022-08-18,188051.0004417114,-40.31724627687501,188091.31768798828
2022-08-19,186345.3149024658,-40.31724627687501,186385.63214874268
2022-08-22,185244.4715720825,-40.31724627687501,185284.78881835938
2022-08-23,186018.3055564575,-40.31724627687501,186058.62280273438
2022-08-24,185962.53333966061,-40.31724627687501,186002.8505859375
2022-08-25,187736.21301190183,-40.31724627687501,187776.5302581787
2022-08-26,186620.700484436,-40.31724627687501,186661.0177307129
2022-08-29,186188.60195843503,-40.31724627687501,186228.9192047119
2022-08-30,184966.74983135983,-40.31724627687501,185007.06707763672
2022-08-31,183732.94872967526,-40.31724627687501,183773.26597595215
2022-09-01,181760.02527232358,-46.87696461489796,181806.90223693848
2022-09-02,182266.31926341244,-46.87696461489796,182313.19622802734
2022-09-06,180202.51818080136,-46.87696461489796,180249.39514541626
2022-09-07,181452.15007014462,-46.87696461489796,181499.02703475952
2022-09-08,180951.24582667538,-46.87696461489796,180998.12279129028
2022-09-09,181966.90508265683,-46.87696461489796,182013.78204727173
2022-09-12,181817.06104273984,-46.87696461489796,181863.93800735474
2022-09-13,180803.5228576202,-46.87696461489796,180850.3998222351
2022-09-14,181374.40060801693,-46.87696461489796,181421.27757263184
2022-09-15,180928.89887995907,-46.87696461489796,180975.77584457397
2022-09-16,179781.29680628964,-46.87696461489796,179828.17377090454
2022-09-19,180101.95832820126,-46.87696461489796,180148.83529281616
2022-09-20,179027.0811843414,-46.87696461489796,179073.9581489563
2022-09-21,179728.03637309262,-46.87696461489796,179774.91333770752
2022-09-22,177791.67708201596,-46.87696461489796,177838.55404663086
2022-09-23,176542.44104380795,-46.87696461489796,176589.31800842285
2022-09-26,174502.0715446014,-46.87696461489796,174548.9485092163
2022-09-27,172760.6149253387,-46.87696461489796,172807.4918899536
2022-09-28,176005.85766596982,-46.87696461489796,176052.73463058472
2022-09-29,175249.0397414703,-46.87696461489796,175295.9167060852
2022-09-30,174161.81325526425,-46.87696461489796,174208.69021987915
2022-10-03,176513.8073424835,-46.87696461489796,176560.6843070984
2022-10-04,177636.89168162533,-46.87696461489796,177683.76864624023
2022-10-05,176950.34993357846,-46.87696461489796,176997.22689819336
2022-10-06,176628.92640299984,-46.87696461489796,176675.80336761475
2022-10-07,175440.01986308285,-46.87696461489796,175486.89682769775
2022-10-10,174032.3264541168,-46.87696461489796,174079.2034187317
2022-10-11,174152.16983027646,-46.87696461489796,174199.04679489136
2022-10-12,174529.0856475372,-46.87696461489796,174575.9626121521
2022-10-13,175042.33449168393,-46.87696461489796,175089.21145629883
2022-10-14,173574.3052444,-46.87696461489796,173621.1822090149
2022-10-17,173817.13900370785,-46.87696461489796,173864.01596832275
2022-10-18,174256.82676692196,-46.87696461489796,174303.70373153687
2022-10-19,173261.7589072723,-46.87696461489796,173308.6358718872
2022-10-20,172263.78670878598,-46.87696461489796,172310.66367340088
2022-10-21,172029.74004359433,-46.87696461489796,172076.61700820923
2022-10-24,171450.165576889,-46.87696461489796,171497.0425415039
2022-10-25,173718.59061427304,-46.87696461489796,173765.46757888794
2022-10-26,175019.55177684018,-46.87696461489796,175066.42874145508
2022-10-27,175619.02896876523,-46.87696461489796,175665.90593338013
2022-10-28,175507.21591181942,-46.87696461489796,175554.09287643433
2022-10-31,174963.99514002987,-46.87696461489796,175010.87210464478
2022-11-01,175916.05865616605,127.03746933743031,175789.0211868286
2022-11-02,174924.99923844144,127.03746933743031,174797.961769104
2022-11-03,174726.27319474026,127.03746933743031,174599.23572540283
2022-11-04,174410.23779816434,127.03746933743031,174283.2003288269
2022-11-07,174052.93896622464,127.03746933743031,173925.9014968872
2022-11-08,174962.21248383328,127.03746933743031,174835.17501449585
2022-11-09,174180.32415528104,127.03746933743031,174053.2866859436
2022-11-10,178096.61749787137,127.03746933743031,177969.58002853394
2022-11-11,178613.674798439,127.03746933743031,178486.63732910156
2022-11-14,178304.94667191312,127.03746933743031,178177.90920257568
2022-11-15,179777.01264328763,127.03746933743031,179649.9751739502
2022-11-16,180849.46298737332,127.03746933743031,180722.4255180359
2022-11-17,180147.85444397732,127.03746933743031,180020.8169746399
2022-11-18,179533.25688309476,127.03746933743031,179406.21941375732
2022-11-21,179565.98849243924,127.03746933743031,179438.9510231018
2022-11-22,181371.72842926785,127.03746933743031,181244.69095993042
2022-11-23,182667.74406571194,127.03746933743031,182540.7065963745
2022-11-25,182410.42035813138,127.03746933743031,182283.38288879395
2022-11-28,181921.29737992093,127.03746933743031,181794.2599105835
2022-11-29,181441.71911759183,127.03746933743031,181314.6816482544
2022-11-30,182612.91415543362,127.03746933743031,182485.8766860962
2022-12-01,184567.165464447,-346.8760509033513,184914.04151535034
2022-12-02,184218.94694714353,-346.8760509033513,184565.82299804688
2022-12-05,180450.16241650388,-346.8760509033513,180797.03846740723
2022-12-06,177752.08876614377,-346.8760509033513,178098.96481704712
2022-12-07,177774.2551594238,-346.8760509033513,178121.13121032715
2022-12-08,178666.6819134216,-346.8760509033513,179013.55796432495
2022-12-09,175817.76230816648,-346.8760509033513,176164.63835906982
2022-12-12,177403.5923748474,-346.8760509033513,177750.46842575073
2022-12-13,180039.03609661863,-346.8760509033513,180385.91214752197
2022-12-14,179316.36239819333,-346.8760509033513,179663.23844909668
2022-12-15,176264.41858105466,-346.8760509033513,176611.294631958
2022-12-16,174461.7883511047,-346.8760509033513,174808.66440200806
2022-12-19,174108.33080868528,-346.8760509033513,174455.20685958862
2022-12-20,175573.22129635618,-346.8760509033513,175920.09734725952
2022-12-21,177801.33847241208,-346.8760509033513,178148.21452331543
2022-12-22,175598.76224331663,-346.8760509033513,175945.63829421997
2022-12-23,178351.55898861692,-346.8760509033513,178698.43503952026
2022-12-27,179429.46522335813,-346.8760509033513,179776.34127426147
2022-12-28,176406.9762821655,-346.8760509033513,176753.85233306885
2022-12-29,178626.3684444885,-346.8760509033513,178973.24449539185
2022-12-30,178430.50848202512,-346.8760509033513,178777.38453292847
2023-01-03,176162.37327389524,-346.8760509033513,176509.24932479858
2023-01-04,177324.9909191589,-346.8760509033513,177671.86697006226
2023-01-05,177976.1637821655,-346.8760509033513,178323.03983306885
2023-01-06,181270.0464535217,-346.8760509033513,181616.92250442505
2023-01-09,181203.5255299072,-346.8760509033513,181550.40158081055
2023-01-10,182302.43838314817,-346.8760509033513,182649.3144340515
2023-01-11,182753.8377476196,-346.8760509033513,183100.71379852295
2023-01-12,184984.39724163816,-346.8760509033513,185331.2732925415
2023-01-13,185569.06448178098,-346.8760509033513,185915.94053268433
2023-01-17,186240.1830349426,-346.8760509033513,186587.05908584595
2023-01-18,184074.6273785095,-346.8760509033513,184421.50342941284
2023-01-19,184737.03302960203,-346.8760509033513,185083.90908050537
2023-01-20,187047.86112408445,-346.8760509033513,187394.7371749878
2023-01-23,187883.68056683347,-346.8760509033513,188230.55661773682
2023-01-24,187650.9352894287,-346.8760509033513,187997.81134033203
2023-01-25,187377.26907162473,-346.8760509033513,187724.14512252808
2023-01-26,191707.0217800598,-346.8760509033513,192053.89783096313
2023-01-27,188652.17123608396,-346.8760509033513,188999.0472869873
2023-01-30,185176.36574749753,-346.8760509033513,185523.24179840088
2023-01-31,186194.92566494748,-346.8760509033513,186541.80171585083
2023-02-01,186024.26523768614,103.93261897275318,185920.33261871338
2023-02-02,185494.31756388853,103.93261897275318,185390.38494491577
2023-02-03,184523.46211039732,103.93261897275318,184419.52949142456
2023-02-06,183137.88587367247,103.93261897275318,183033.9532546997
2023-02-07,186031.80526148985,103.93261897275318,185927.8726425171
2023-02-08,183472.21083247373,103.93261897275318,183368.27821350098
2023-02-09,182507.910955307,103.93261897275318,182403.97833633423
2023-02-10,184519.16383158872,103.93261897275318,184415.23121261597
2023-02-13,185046.2478388519,103.93261897275318,184942.31521987915
2023-02-14,185605.27691447447,103.93261897275318,185501.3442955017
2023-02-15,184332.15794551084,103.93261897275318,184228.2253265381
2023-02-16,182667.45646846006,103.93261897275318,182563.5238494873
2023-02-17,180112.59847819517,103.93261897275318,180008.6658592224
2023-02-21,177695.90937983702,103.93261897275318,177591.97676086426
2023-02-22,177169.9243143768,103.93261897275318,177065.99169540405
2023-02-23,178474.70427500914,103.93261897275318,178370.77165603638
2023-02-24,177293.40469920347,103.93261897275318,177189.4720802307
2023-02-27,178110.51869761656,103.93261897275318,178006.5860786438
2023-02-28,176773.7697542877,103.93261897275318,176669.83713531494
2023-03-01,177483.0954458351,-621.5832498436178,178104.6786956787
2023-03-02,177044.2034284706,-621.5832498436178,177665.7866783142
2023-03-03,179264.90162106702,-621.5832498436178,179886.48487091064
2023-03-06,178635.2232114906,-621.5832498436178,179256.80646133423
2023-03-07,178518.98143216321,-621.5832498436178,179140.56468200684
2023-03-08,178584.27097150037,-621.5832498436178,179205.854221344
2023-03-09,178214.2521116371,-621.5832498436178,178835.8353614807
2023-03-10,180347.6491491432,-621.5832498436178,180969.23239898682
2023-03-13,180238.46152707288,-621.5832498436178,180860.0447769165
2023-03-14,179381.38696881483,-621.5832498436178,180002.97021865845
2023-03-15,179700.5255567665,-621.5832498436178,180322.1088066101
2023-03-16,179519.71199628065,-621.5832498436178,180141.29524612427
2023-03-17,180211.19423505018,-621.5832498436178,180832.7774848938
2023-03-20,180035.56410809705,-621.5832498436178,180657.14735794067
2023-03-21,180111.98601361463,-621.5832498436178,180733.56926345825
2023-03-22,180607.46758862684,-621.5832498436178,181229.05083847046
2023-03-23,180517.106573307,-621.5832498436178,181138.68982315063
2023-03-24,180988.60062237928,-621.5832498436178,181610.1838722229
2023-03-27,179494.90239545057,-621.5832498436178,180116.4856452942
2023-03-28,179932.09761258314,-621.5832498436178,180553.68086242676
2023-03-29,180116.16986294935,-621.5832498436178,180737.75311279297
2023-03-30,180752.62438794324,-621.5832498436178,181374.20763778687
2023-03-31,182098.74913998792,-621.5832498436178,182720.33238983154
2023-04-03,183267.4994489784,-621.5832498436178,183889.08269882202
2023-04-04,183356.07639905164,-621.5832498436178,183977.65964889526
2023-04-05,184248.04196377943,-621.5832498436178,184869.62521362305
2023-04-06,184262.06745740125,-621.5832498436178,184883.65070724487
2023-04-10,183198.75595303724,-621.5832498436178,183820.33920288086
2023-04-11,183587.55979367445,-621.5832498436178,184209.14304351807
2023-04-12,183541.7907392616,-621.5832498436178,184163.37398910522
2023-04-13,183385.112432682,-621.5832498436178,184006.69568252563
2023-04-14,182667.32164593885,-621.5832498436178,183288.90489578247
2023-04-17,181647.4719640846,-621.5832498436178,182269.05521392822
2023-04-18,181933.829393589,-621.5832498436178,182555.41264343262
2023-04-19,181733.24798794935,-621.5832498436178,182354.83123779297
2023-04-20,182299.26393338392,-621.5832498436178,182920.84718322754
2023-04-21,181763.2056295509,-621.5832498436178,182384.78887939453
2023-04-24,182771.6166174049,-621.5832498436178,183393.19986724854
2023-04-25,183240.052175724,-621.5832498436178,183861.63542556763
2023-04-26,182078.39921780775,-621.5832498436178,182699.98246765137
2023-04-27,181682.21733304212,-621.5832498436178,182303.80058288574
2023-04-28,183187.0083639259,-621.5832498436178,183808.59161376953
2023-05-01,180430.8336698303,-315.5347574463128,180746.3684272766
2023-05-02,175952.17038171383,-315.5347574463128,176267.70513916016
2023-05-03,174161.23565118405,-315.5347574463128,174476.77040863037
2023-05-04,173429.33750741574,-315.5347574463128,173744.87226486206
2023-05-05,177093.31805245968,-315.5347574463128,177408.852809906
2023-05-08,176922.2329274902,-315.5347574463128,177237.76768493652
2023-05-09,176400.02438943478,-315.5347574463128,176715.5591468811
2023-05-10,175303.22226159665,-315.5347574463128,175618.75701904297
2023-05-11,174319.23845498654,-315.5347574463128,174634.77321243286
2023-05-12,174246.58060662838,-315.5347574463128,174562.1153640747
2023-05-15,175695.40741174313,-315.5347574463128,176010.94216918945
2023-05-16,172764.88147943112,-315.5347574463128,173080.41623687744
2023-05-17,174720.42608468625,-315.5347574463128,175035.96084213257
2023-05-18,175051.79733483883,-315.5347574463128,175367.33209228516
2023-05-19,175699.49111764523,-315.5347574463128,176015.02587509155
2023-05-22,175073.66171090695,-315.5347574463128,175389.19646835327
2023-05-23,175552.2979223022,-315.5347574463128,175867.83267974854
2023-05-24,174686.87735192868,-315.5347574463128,175002.412109375
2023-05-25,173047.5606481323,-315.5347574463128,173363.0954055786
2023-05-26,173443.78532998654,-315.5347574463128,173759.32008743286
2023-05-30,172020.18849008175,-315.5347574463128,172335.72324752808
2023-05-31,169997.72690408322,-315.5347574463128,170313.26166152954
2023-06-01,171675.9005736656,-67.39348990253035,171743.29406356812
2023-06-02,174708.52829354475,-67.39348990253035,174775.92178344727
2023-06-05,174069.17981713483,-67.39348990253035,174136.57330703735
2023-06-06,175119.27727120588,-67.39348990253035,175186.6707611084
2023-06-07,176482.8063849754,-67.39348990253035,176550.19987487793
2023-06-08,176785.15343850324,-67.39348990253035,176852.54692840576
2023-06-09,176467.362640316,-67.39348990253035,176534.7561302185
2023-06-12,176245.60251229475,-67.39348990253035,176312.99600219727
2023-06-13,177396.41965096662,-67.39348990253035,177463.81314086914
2023-06-14,176748.49407571027,-67.39348990253035,176815.8875656128
2023-06-15,178476.3203696556,-67.39348990253035,178543.7138595581
2023-06-16,178039.5947760887,-67.39348990253035,178106.9882659912
2023-06-20,175780.68351739118,-67.39348990253035,175848.0770072937
2023-06-21,176348.35991280744,-67.39348990253035,176415.75340270996
2023-06-22,174893.39913933942,-67.39348990253035,174960.79262924194
2023-06-23,173637.3181380577,-67.39348990253035,173704.7116279602
2023-06-26,174935.674850399,-67.39348990253035,175003.0683403015
2023-06-27,175649.29695504377,-67.39348990253035,175716.6904449463
2023-06-28,176215.7453002281,-67.39348990253035,176283.13879013062
2023-06-29,176706.88240807722,-67.39348990253035,176774.27589797974
2023-06-30,178032.08316033552,-67.39348990253035,178099.47665023804
2023-07-03,178306.51053612898,-67.39348990253035,178373.9040260315
2023-07-05,177082.29125588606,-67.39348990253035,177149.68474578857
2023-07-06,174205.08840172956,-67.39348990253035,174272.48189163208
2023-07-07,175541.9346122093,-67.39348990253035,175609.32810211182
2023-07-10,176344.06347268293,-67.39348990253035,176411.45696258545
2023-07-11,178684.92977517316,-67.39348990253035,178752.32326507568
2023-07-12,180371.82247918317,-67.39348990253035,180439.2159690857
2023-07-13,180851.31389992902,-67.39348990253035,180918.70738983154
2023-07-14,178653.30001061628,-67.39348990253035,178720.6935005188
2023-07-17,178708.3782538719,-67.39348990253035,178775.7717437744
2023-07-18,179834.46759408186,-67.39348990253035,179901.86108398438
2023-07-19,180421.66054146955,-67.39348990253035,180489.05403137207
2023-07-20,180830.13751214216,-67.39348990253035,180897.53100204468
2023-07-21,181651.20449441145,-67.39348990253035,181718.59798431396
2023-07-24,182870.55422204206,-67.39348990253035,182937.94771194458
2023-07-25,183495.20909493635,-67.39348990253035,183562.60258483887
2023-07-26,183419.61719506452,-67.39348990253035,183487.01068496704
2023-07-27,182005.8686141319,-67.39348990253035,182073.26210403442
2023-07-28,182914.9174498863,-67.39348990253035,182982.31093978882
2023-07-31,184737.69208138654,-67.39348990253035,184805.08557128906
2023-08-01,183273.64435708613,168.37908685297566,183105.26527023315
2023-08-02,180924.88273751826,168.37908685297566,180756.50365066528
2023-08-03,180495.35817849726,168.37908685297566,180326.9790916443
2023-08-04,181023.3459829101,168.37908685297566,180854.96689605713
2023-08-07,181686.56192147822,168.37908685297566,181518.18283462524
2023-08-08,181484.10584390254,168.37908685297566,181315.72675704956
2023-08-09,181934.2984327087,168.37908685297566,181765.9193458557
2023-08-10,182007.52854287715,168.37908685297566,181839.14945602417
2023-08-11,182805.0923436889,168.37908685297566,182636.71325683594
2023-08-14,182500.55507409663,168.37908685297566,182332.17598724365
2023-08-15,179581.42539346308,168.37908685297566,179413.0463066101
2023-08-16,178611.3822721252,168.37908685297566,178443.00318527222
2023-08-17,178957.83312356562,168.37908685297566,178789.45403671265
2023-08-18,179514.9158872375,168.37908685297566,179346.53680038452
2023-08-21,179245.99798333735,168.37908685297566,179077.61889648438
2023-08-22,178606.82997262568,168.37908685297566,178438.4508857727
2023-08-23,179512.871526123,168.37908685297566,179344.49243927002
2023-08-24,178159.87572229,168.37908685297566,177991.496635437
2023-08-25,179104.29300057978,168.37908685297566,178935.9139137268
2023-08-28,180130.4705632934,168.37908685297566,179962.09147644043
2023-08-29,181376.56678521723,168.37908685297566,181208.18769836426
2023-08-30,181546.0707486877,168.37908685297566,181377.69166183472
2023-08-31,181579.04957330317,168.37908685297566,181410.6704864502
2023-09-01,182925.95714403148,16.597875842996643,182909.35926818848
2023-09-05,182564.21107698436,16.597875842996643,182547.61320114136
2023-09-06,182159.57063890452,16.597875842996643,182142.97276306152
2023-09-07,181612.10412813182,16.597875842996643,181595.50625228882
2023-09-08,182299.88392473216,16.597875842996643,182283.28604888916
2023-09-11,181412.42871309276,16.597875842996643,181395.83083724976
2023-09-12,182671.56471086497,16.597875842996643,182654.96683502197
2023-09-13,181852.73866487498,16.597875842996643,181836.14078903198
2023-09-14,183622.15685487742,16.597875842996643,183605.55897903442
2023-09-15,182309.85607362742,16.597875842996643,182293.25819778442
2023-09-18,182386.75333238597,16.597875842996643,182370.15545654297
2023-09-19,182157.88733507151,16.597875842996643,182141.28945922852
2023-09-20,181344.32489992137,16.597875842996643,181327.72702407837
2023-09-21,179028.07535005565,16.597875842996643,179011.47747421265
2023-09-22,179471.9441473579,16.597875842996643,179455.3462715149
2023-09-25,180665.09239030833,16.597875842996643,180648.49451446533
2023-09-26,178970.2883055305,16.597875842996643,178953.6904296875
2023-09-27,180721.65572572703,16.597875842996643,180705.05784988403
2023-09-28,181440.6592581367,16.597875842996643,181424.0613822937
2023-09-29,180101.13408494944,16.597875842996643,180084.53620910645
2023-10-02,177834.80415178294,16.597875842996643,177818.20627593994
2023-10-03,176635.52570177073,16.597875842996643,176618.92782592773
2023-10-04,174814.62372041697,16.597875842996643,174798.02584457397
2023-10-05,175432.94158388133,16.597875842996643,175416.34370803833
2023-10-06,176026.50694108958,16.597875842996643,176009.90906524658
2023-10-09,178654.9484541511,16.597875842996643,178638.3505783081
2023-10-10,179699.12292695994,16.597875842996643,179682.52505111694
2023-10-11,177946.7272169685,16.597875842996643,177930.1293411255
2023-10-12,176805.48072267527,16.597875842996643,176788.88284683228
2023-10-13,177736.1489355659,16.597875842996643,177719.5510597229
2023-10-16,179183.78740144725,16.597875842996643,179167.18952560425
2023-10-17,180392.81295610423,16.597875842996643,180376.21508026123
2023-10-18,179411.95895601268,16.597875842996643,179395.36108016968
2023-10-19,178524.19264818187,16.597875842996643,178507.59477233887
2023-10-20,176483.83789659495,16.597875842996643,176467.24002075195
2023-10-23,173585.62756563182,16.597875842996643,173569.02968978882
2023-10-24,172556.31725908275,16.597875842996643,172539.71938323975
2023-10-25,171336.78261018748,16.597875842996643,171320.18473434448
2023-10-26,170365.2601416206,16.597875842996643,170348.6622657776
2023-10-27,165616.47685838694,16.597875842996643,165599.87898254395
2023-10-30,167190.65552736277,16.597875842996643,167174.05765151978
2023-10-31,167626.0465338325,16.597875842996643,167609.4486579895
2023-11-01,167075.61285046765,-634.3044697838319,167709.91732025146
2023-11-02,169462.5165064735,-634.3044697838319,170096.82097625732
2023-11-03,170119.29590253063,-634.3044697838319,170753.60037231445
2023-11-06,169291.68694714733,-634.3044697838319,169925.99141693115
2023-11-07,169961.7174036903,-634.3044697838319,170596.02187347412
2023-11-08,170858.00249127575,-634.3044697838319,171492.30696105957
2023-11-09,169104.1296503944,-634.3044697838319,169738.43412017822
2023-11-10,169770.67464856335,-634.3044697838319,170404.97911834717
2023-11-13,169715.46218518444,-634.3044697838319,170349.76665496826
2023-11-14,171903.81496838757,-634.3044697838319,172538.1194381714
2023-11-15,171046.3016856117,-634.3044697838319,171680.6061553955
2023-11-16,171562.84901074597,-634.3044697838319,172197.15348052979
2023-11-17,172384.54768017956,-634.3044697838319,173018.85214996338
2023-11-20,172901.4403498573,-634.3044697838319,173535.7448196411
2023-11-21,172753.74763898083,-634.3044697838319,173388.05210876465
2023-11-22,173122.3119929237,-634.3044697838319,173756.61646270752
2023-11-24,172445.69082287975,-634.3044697838319,173079.99529266357
2023-11-27,173510.89255932995,-634.3044697838319,174145.19702911377
2023-11-28,173783.77016095349,-634.3044697838319,174418.0746307373
2023-11-29,174576.10479382702,-634.3044697838319,175210.40926361084
2023-11-30,173853.20684460827,-634.3044697838319,174487.5113143921
2023-12-01,175149.19759147638,-353.34239799506076,175502.53998947144
2023-12-04,174402.26821678155,-353.34239799506076,174755.6106147766
2023-12-05,172942.94358985894,-353.34239799506076,173296.285987854
2023-12-06,172560.6988007354,-353.34239799506076,172914.04119873047
2023-12-07,173048.10850685113,-353.34239799506076,173401.4509048462
2023-12-08,174123.95757835382,-353.34239799506076,174477.29997634888
2023-12-11,174494.78104179376,-353.34239799506076,174848.12343978882
2023-12-12,173383.1612984466,-353.34239799506076,173736.50369644165
2023-12-13,176075.52391593927,-353.34239799506076,176428.86631393433
2023-12-14,180185.006303482,-353.34239799506076,180538.34870147705
2023-12-15,178945.66521614068,-353.34239799506076,179299.00761413574
2023-12-18,179254.8132263946,-353.34239799506076,179608.15562438965
2023-12-19,181308.5396248626,-353.34239799506076,181661.88202285767
2023-12-20,179229.8352715301,-353.34239799506076,179583.17766952515
2023-12-21,180986.14476936334,-353.34239799506076,181339.4871673584
2023-12-22,181340.37309043878,-353.34239799506076,181693.71548843384
2023-12-26,182506.74886863702,-353.34239799506076,182860.09126663208
2023-12-27,182554.42236106866,-353.34239799506076,182907.76475906372
2023-12-28,181501.14380043023,-353.34239799506076,181854.4861984253
2023-12-29,181065.01416557305,-353.34239799506076,181418.35656356812
2024-01-02,180825.01295631402,-353.34239799506076,181178.35535430908
2024-01-03,181308.56067436212,-353.34239799506076,181661.90307235718
2024-01-04,180201.91201560968,-353.34239799506076,180555.25441360474
2024-01-05,180359.0191284942,-353.34239799506076,180712.36152648926
2024-01-08,180825.31849067681,-353.34239799506076,181178.66088867188
2024-01-09,178295.83123176568,-353.34239799506076,178649.17362976074
2024-01-10,177981.0629326629,-353.34239799506076,178334.40533065796
2024-01-11,178466.78372734063,-353.34239799506076,178820.1261253357
2024-01-12,179457.88273017877,-353.34239799506076,179811.22512817383
2024-01-16,176257.94259803765,-353.34239799506076,176611.28499603271
2024-01-17,174877.81635063165,-353.34239799506076,175231.1587486267
2024-01-18,174898.24564521783,-353.34239799506076,175251.5880432129
2024-01-19,175814.069471054,-353.34239799506076,176167.41186904907
2024-01-22,176196.34909599298,-353.34239799506076,176549.69149398804
2024-01-23,175648.11638420098,-353.34239799506076,176001.45878219604
2024-01-24,177107.7456833648,-353.34239799506076,177461.08808135986
2024-01-25,179551.16664283746,-353.34239799506076,179904.50904083252
2024-01-26,180167.6028153228,-353.34239799506076,180520.94521331787
2024-01-29,180531.41738288873,-353.34239799506076,180884.7597808838
2024-01-30,181179.53581016534,-353.34239799506076,181532.8782081604
2024-01-31,179001.0700318145,-353.34239799506076,179354.41242980957
2024-02-01,180100.2915507125,52.97787960045971,180047.31367111206
2024-02-02,181229.25882823937,52.97787960045971,181176.28094863892
2024-02-05,180624.18085964196,52.97787960045971,180571.2029800415
2024-02-06,181604.55283840172,52.97787960045971,181551.57495880127
2024-02-07,181802.58688838952,52.97787960045971,181749.60900878906
2024-02-08,182752.44261272423,52.97787960045971,182699.46473312378
2024-02-09,181569.44788082116,52.97787960045971,181516.4700012207
2024-02-12,182884.2847376632,52.97787960045971,182831.30685806274
2024-02-13,180192.33686931603,52.97787960045971,180139.35898971558
2024-02-14,181550.72923763268,52.97787960045971,181497.75135803223
2024-02-15,185280.94567211144,52.97787960045971,185227.967792511
2024-02-16,185037.51136501305,52.97787960045971,184984.5334854126
2024-02-20,184609.19859035485,52.97787960045971,184556.2207107544
2024-02-21,185839.52921779625,52.97787960045971,185786.5513381958
2024-02-22,187026.8722163009,52.97787960045971,186973.89433670044
2024-02-23,186869.14642055504,52.97787960045971,186816.1685409546
2024-02-26,186716.53896053307,52.97787960045971,186663.56108093262
2024-02-27,186030.16399868004,52.97787960045971,185977.1861190796
2024-02-28,185562.9966669845,52.97787960045971,185510.01878738403
2024-02-29,185863.20680339806,52.97787960045971,185810.2289237976
2024-03-01,187109.76195211022,-300.80906229407736,187410.5710144043
2024-03-04,185760.95441121666,-300.80906229407736,186061.76347351074
2024-03-05,186300.76581258385,-300.80906229407736,186601.57487487793
2024-03-06,186922.0670783004,-300.80906229407736,187222.87614059448
2024-03-07,187889.1933524093,-300.80906229407736,188190.00241470337
2024-03-08,187857.32407826988,-300.80906229407736,188158.13314056396
2024-03-11,188311.1639067611,-300.80906229407736,188611.97296905518
2024-03-12,188460.17986363976,-300.80906229407736,188760.98892593384
2024-03-13,189117.06259221642,-300.80906229407736,189417.8716545105
2024-03-14,188583.26987142174,-300.80906229407736,188884.07893371582
2024-03-15,188624.58052510826,-300.80906229407736,188925.38958740234
2024-03-18,188496.3638007125,-300.80906229407736,188797.1728630066
2024-03-19,189295.45823735802,-300.80906229407736,189596.2672996521
2024-03-20,189570.2427107772,-300.80906229407736,189871.0517730713
2024-03-21,190043.90438909142,-300.80906229407736,190344.7134513855
2024-03-22,190020.05832738488,-300.80906229407736,190320.86738967896
2024-03-25,190316.33798665612,-300.80906229407736,190617.1470489502
2024-03-26,189963.4671751937,-300.80906229407736,190264.2762374878
2024-03-27,191376.8720557174,-300.80906229407736,191677.68111801147
2024-03-28,191922.07412786095,-300.80906229407736,192222.88319015503
2024-04-01,191255.23682727426,-105.65256176383699,191360.8893890381
2024-04-02,190875.8052743873,-105.65256176383699,190981.45783615112
2024-04-03,191701.48598804086,-105.65256176383699,191807.1385498047
2024-04-04,190763.41648807138,-105.65256176383699,190869.0690498352
2024-04-05,191844.59162845224,-105.65256176383699,191950.24419021606
2024-04-08,191832.5265306434,-105.65256176383699,191938.17909240723
2024-04-09,192349.72736301034,-105.65256176383699,192455.37992477417
2024-04-10,190927.19266070932,-105.65256176383699,191032.84522247314
2024-04-11,190760.05884112924,-105.65256176383699,190865.71140289307
2024-04-12,187494.7688478431,-105.65256176383699,187600.42140960693
2024-04-15,186066.31050815195,-105.65256176383699,186171.96306991577
2024-04-16,184446.30000629037,-105.65256176383699,184551.9525680542
2024-04-17,184339.16527881235,-105.65256176383699,184444.81784057617
2024-04-18,184665.29638995737,-105.65256176383699,184770.9489517212
2024-04-19,185970.0032228431,-105.65256176383699,186075.65578460693
2024-04-22,187606.40813769907,-105.65256176383699,187712.0606994629
2024-04-23,188869.24043216318,-105.65256176383699,188974.892993927
2024-04-24,188996.3732141456,-105.65256176383699,189102.02577590942
2024-04-25,189367.98599567026,-105.65256176383699,189473.63855743408
2024-04-26,190296.95111789316,-105.65256176383699,190402.60367965698
2024-04-29,191447.4002641639,-105.65256176383699,191553.05282592773
2024-04-30,187198.28052081674,-105.65256176383699,187303.93308258057
2024-05-01,184925.46735041423,-591.2818561287546,185516.74920654297
2024-05-02,185663.75220148845,-591.2818561287546,186255.0340576172
2024-05-03,186544.49594538493,-591.2818561287546,187135.77780151367
2024-05-06,187149.21512263102,-591.2818561287546,187740.49697875977
2024-05-07,187631.7575649528,-591.2818561287546,188223.03942108154
2024-05-08,187171.31988184733,-591.2818561287546,187762.60173797607
2024-05-09,188034.90799372477,-591.2818561287546,188626.18984985352
2024-05-10,187638.8754467277,-591.2818561287546,188230.15730285645
2024-05-13,187760.7504314689,-591.2818561287546,188352.03228759766
2024-05-14,188244.45962946696,-591.2818561287546,188835.7414855957
2024-05-15,189452.7120937614,-591.2818561287546,190043.99394989014
2024-05-16,189267.0756344108,-591.2818561287546,189858.35749053955
2024-05-17,188968.90481226725,-591.2818561287546,189560.186668396
2024-05-20,188601.26408045573,-591.2818561287546,189192.54593658447
2024-05-21,188831.5429882316,-591.2818561287546,189422.82484436035
2024-05-22,188525.10839503093,-591.2818561287546,189116.39025115967
2024-05-23,187848.32017176432,-591.2818561287546,188439.60202789307
2024-05-24,188326.23059504313,-591.2818561287546,188917.51245117188
2024-05-28,187295.0152553825,-591.2818561287546,187886.29711151123
2024-05-29,185895.97663538737,-591.2818561287546,186487.2584915161
2024-05-30,186982.7821010856,-591.2818561287546,187574.06395721436
2024-05-31,188121.74701350016,-591.2818561287546,188713.0288696289
2024-06-03,188873.6512569694,-591.2818561287546,189464.93311309814
2024-06-04,189445.92618220134,-591.2818561287546,190037.20803833008
2024-06-05,190102.76140253825,-591.2818561287546,190694.043258667
2024-06-06,190088.5099224357,-591.2818561287546,190679.79177856445
2024-06-07,188496.53763239665,-591.2818561287546,189087.8194885254
2024-06-10,188132.22973292155,-591.2818561287546,188723.5115890503
2024-06-11,188780.30157130046,-591.2818561287546,189371.5834274292
2024-06-12,189335.66084711833,-591.2818561287546,189926.94270324707
2024-06-13,190191.76055567546,-591.2818561287546,190783.0424118042
2024-06-14,190681.96574061198,-591.2818561287546,191273.24759674072
2024-06-17,190072.25012629313,-591.2818561287546,190663.53198242188
2024-06-18,190933.19239466471,-591.2818561287546,191524.47425079346
2024-06-20,190730.57281153483,-591.2818561287546,191321.85466766357
2024-06-21,190616.0152477531,-591.2818561287546,191207.29710388184
2024-06-24,191397.04178278727,-591.2818561287546,191988.32363891602
2024-06-25,191349.64658015055,-591.2818561287546,191940.9284362793
2024-06-26,189900.49102442546,-591.2818561287546,190491.7728805542
2024-06-27,190264.1855892448,-591.2818561287546,190855.46744537354
2024-06-28,188920.63958399577,-591.2818561287546,189511.9214401245
2024-07-01,187085.78212576287,-281.3370491944146,187367.11917495728
2024-07-02,187346.12058477776,-281.3370491944146,187627.45763397217
2024-07-03,188006.0196593322,-281.3370491944146,188287.3567085266
2024-07-05,186769.03805761712,-281.3370491944146,187050.37510681152
2024-07-08,186949.17386083977,-281.3370491944146,187230.51091003418
2024-07-09,185956.14420538323,-281.3370491944146,186237.48125457764
2024-07-10,188015.02562551873,-281.3370491944146,188296.36267471313
2024-07-11,189615.8488867797,-281.3370491944146,189897.18593597412
2024-07-12,190884.45615988152,-281.3370491944146,191165.79320907593
2024-07-15,191507.72994451897,-281.3370491944146,191789.06699371338
2024-07-16,193277.1821883239,-281.3370491944146,193558.5192375183
2024-07-17,194078.442796997,-281.3370491944146,194359.7798461914
2024-07-18,193417.01093130486,-281.3370491944146,193698.34798049927
2024-07-19,191313.66952352898,-281.3370491944146,191595.0065727234
2024-07-22,191367.750685028,-281.3370491944146,191649.0877342224
2024-07-23,189458.95838766472,-281.3370491944146,189740.29543685913
2024-07-24,188381.8918555297,-281.3370491944146,188663.22890472412
2024-07-25,189784.31283407586,-281.3370491944146,190065.64988327026
2024-07-26,192320.95210867302,-281.3370491944146,192602.28915786743
2024-07-29,191418.86630087273,-281.3370491944146,191700.20335006714
2024-07-30,193038.3557456054,-281.3370491944146,193319.6927947998
2024-07-31,194582.40914755242,-281.3370491944146,194863.74619674683
2024-08-01,188071.41554635612,-345.9568367615466,188417.37238311768
2024-08-02,186698.59141915885,-345.9568367615466,187044.5482559204
2024-08-05,184158.25649636833,-345.9568367615466,184504.21333312988
2024-08-06,183305.35401528922,-345.9568367615466,183651.31085205078
2024-08-07,182754.49518960563,-345.9568367615466,183100.4520263672
2024-08-08,184431.89104837028,-345.9568367615466,184777.84788513184
2024-08-09,185133.12983316032,-345.9568367615466,185479.08666992188
2024-08-12,185022.29303353874,-345.9568367615466,185368.2498703003
2024-08-13,186104.8301810607,-345.9568367615466,186450.78701782227
2024-08-14,186317.55782693473,-345.9568367615466,186663.5146636963
2024-08-15,187656.37169259635,-345.9568367615466,188002.3285293579
2024-08-16,188203.35409158317,-345.9568367615466,188549.31092834473
2024-08-19,189414.69438546745,-345.9568367615466,189760.651222229
2024-08-20,188669.71741098014,-345.9568367615466,189015.6742477417
2024-08-21,189603.60128396598,-345.9568367615466,189949.55812072754
2024-08-22,188880.3967246398,-345.9568367615466,189226.35356140137
2024-08-23,191114.19343179313,-345.9568367615466,191460.1502685547
2024-08-26,191059.01203530876,-345.9568367615466,191404.9688720703
2024-08-27,190643.32955545036,-345.9568367615466,190989.2863922119
2024-08-28,190023.74026864616,-345.9568367615466,190369.69710540771
2024-08-29,190531.66434854118,-345.9568367615466,190877.62118530273
2024-08-30,190605.7820624694,-345.9568367615466,190951.73889923096
2024-09-03,189015.82207864372,-345.9568367615466,189361.77891540527
2024-09-04,188584.9832496032,-345.9568367615466,188930.94008636475
2024-09-05,188228.6685141906,-345.9568367615466,188574.62535095215
2024-09-06,186543.44593423454,-345.9568367615466,186889.4027709961
2024-09-09,187621.10760110465,-345.9568367615466,187967.0644378662
2024-09-10,187084.96694558708,-345.9568367615466,187430.92378234863
2024-09-11,187097.2107734069,-345.9568367615466,187443.16761016846
2024-09-12,187936.17697518913,-345.9568367615466,188282.13381195068
2024-09-13,189106.36915963737,-345.9568367615466,189452.32599639893
2024-09-16,190297.9698371276,-345.9568367615466,190643.92667388916
2024-09-17,190566.25662606803,-345.9568367615466,190912.2134628296
2024-09-18,190078.71519845573,-345.9568367615466,190424.67203521729
2024-09-19,191527.05374520866,-345.9568367615466,191873.01058197021
2024-09-20,190931.46697610465,-345.9568367615466,191277.4238128662
2024-09-23,191690.09557717887,-345.9568367615466,192036.05241394043
2024-09-24,192354.5348700866,-345.9568367615466,192700.49170684814
2024-09-25,190408.40513986198,-345.9568367615466,190754.36197662354
2024-09-26,191307.70318215934,-345.9568367615466,191653.6600189209
2024-09-27,192476.23346322624,-345.9568367615466,192822.1902999878
2024-09-30,192565.97800820915,-345.9568367615466,192911.9348449707
2024-10-01,193296.80509831992,298.1986072310572,192998.60649108887
2024-10-02,193428.1044986495,298.1986072310572,193129.90589141846
2024-10-03,192826.4595515975,298.1986072310572,192528.26094436646
2024-10-04,192864.54107167808,298.1986072310572,192566.34246444702
2024-10-07,192523.71566274253,298.1986072310572,192225.51705551147
2024-10-08,191250.54737737266,298.1986072310572,190952.3487701416
2024-10-09,191486.88278462974,298.1986072310572,191188.68417739868
2024-10-10,191452.7267062911,298.1986072310572,191154.52809906006
2024-10-11,192046.26889684287,298.1986072310572,191748.07028961182
2024-10-14,192306.45063665,298.1986072310572,192008.25202941895
2024-10-15,190792.81333043662,298.1986072310572,190494.61472320557
2024-10-16,191706.04205205527,298.1986072310572,191407.84344482422
2024-10-17,191865.34748723594,298.1986072310572,191567.14888000488
2024-10-18,192114.80517842856,298.1986072310572,191816.6065711975
2024-10-21,190688.64002873984,298.1986072310572,190390.4414215088
2024-10-22,190334.74887731162,298.1986072310572,190036.55027008057
2024-10-23,189387.22676732627,298.1986072310572,189089.02816009521
2024-10-24,189833.3069446334,298.1986072310572,189535.10833740234
2024-10-25,189630.53366735068,298.1986072310572,189332.33506011963
2024-10-28,189914.8914821395,298.1986072310572,189616.69287490845
2024-10-29,189072.69802358237,298.1986072310572,188774.49941635132
2024-10-30,188646.5806720504,298.1986072310572,188348.38206481934
2024-10-31,188656.49671437827,298.1986072310572,188358.29810714722
2024-11-01,189029.69603480902,-251.47325382622773,189281.16928863525
2024-11-04,190404.6219762763,-251.47325382622773,190656.09523010254
2024-11-05,191026.33157863226,-251.47325382622773,191277.8048324585
2024-11-06,189480.1457036933,-251.47325382622773,189731.61895751953
2024-11-07,190589.59818782416,-251.47325382622773,190841.0714416504
2024-11-08,191388.57338466254,-251.47325382622773,191640.04663848877
2024-11-11,191067.94029750433,-251.47325382622773,191319.41355133057
2024-11-12,189495.6404012641,-251.47325382622773,189747.11365509033
2024-11-13,188999.23044337836,-251.47325382622773,189250.7036972046
2024-11-14,189660.90027370062,-251.47325382622773,189912.37352752686
2024-11-15,189270.05504359808,-251.47325382622773,189521.52829742432
2024-11-18,189620.14381160346,-251.47325382622773,189871.6170654297
2024-11-19,189867.78484859076,-251.47325382622773,190119.258102417
2024-11-20,189833.4820379218,-251.47325382622773,190084.95529174805
2024-11-21,189983.87286891547,-251.47325382622773,190235.3461227417
2024-11-22,190334.26118983832,-251.47325382622773,190585.73444366455
2024-11-25,192292.74284114447,-251.47325382622773,192544.2160949707
2024-11-26,192017.60548152533,-251.47325382622773,192269.07873535156
2024-11-27,192521.13403834906,-251.47325382622773,192772.6072921753
2024-11-29,193514.72065486517,-251.47325382622773,193766.1939086914
2024-12-02,193817.56606807318,-251.47325382622773,194069.0393218994
2024-12-03,193178.94093074408,-251.47325382622773,193430.4141845703
2024-12-04,193686.75141658392,-251.47325382622773,193938.22467041016
2024-12-05,193918.4784215888,-251.47325382622773,194169.95167541504
2024-12-06,193708.5844472846,-251.47325382622773,193960.05770111084
2024-12-09,193196.0162176093,-251.47325382622773,193447.48947143555
2024-12-10,192545.59027614203,-251.47325382622773,192797.06352996826
2024-12-11,191855.94179286566,-251.47325382622773,192107.4150466919
2024-12-12,190593.74564113226,-251.47325382622773,190845.2188949585
2024-12-13,189645.88757838812,-251.47325382622773,189897.36083221436
2024-12-16,189365.47609462347,-251.47325382622773,189616.9493484497
2024-12-17,189334.29926814642,-251.47325382622773,189585.77252197266
2024-12-18,187377.92733516303,-251.47325382622773,187629.40058898926
2024-12-19,185936.8332036933,-251.47325382622773,186188.30645751953
2024-12-20,186707.5340856513,-251.47325382622773,186959.00733947754
2024-12-23,186136.3800710639,-251.47325382622773,186387.85332489014
2024-12-24,186641.40514125433,-251.47325382622773,186892.87839508057
2024-12-26,186663.61830653754,-251.47325382622773,186915.09156036377
2024-12-27,185998.3002828559,-251.47325382622773,186249.77353668213
2024-12-30,186302.19204463568,-251.47325382622773,186553.6652984619
2024-12-31,186127.6383031806,-251.47325382622773,186379.11155700684
2025-01-02,186502.7363714179,-251.47325382622773,186754.20962524414
2025-01-03,186527.72359981146,-251.47325382622773,186779.1968536377
2025-01-06,186283.4881795844,-251.47325382622773,186534.96143341064
2025-01-07,185593.09489955512,-251.47325382622773,185844.56815338135
2025-01-08,185707.76542415228,-251.47325382622773,185959.23867797852
2025-01-10,185187.97027339545,-251.47325382622773,185439.44352722168
2025-01-13,185422.00915278998,-251.47325382622773,185673.4824066162
2025-01-14,185611.2503332099,-251.47325382622773,185862.72358703613
2025-01-15,187226.08099879828,-251.47325382622773,187477.5542526245
2025-01-16,187627.5610250434,-251.47325382622773,187879.03427886963
2025-01-17,188106.38462581244,-251.47325382622773,188357.85787963867
2025-01-21,188783.40179195013,-251.47325382622773,189034.87504577637
2025-01-22,188144.22951259222,-251.47325382622773,188395.70276641846
2025-01-23,187729.00834407416,-251.47325382622773,187980.4815979004
2025-01-24,188080.04368342963,-251.47325382622773,188331.51693725586
2025-01-27,189074.1254857978,-251.47325382622773,189325.59873962402
2025-01-28,188882.7331899604,-251.47325382622773,189134.20644378662
2025-01-29,188709.8157476386,-251.47325382622773,188961.28900146484
2025-01-30,189260.61621608344,-251.47325382622773,189512.08946990967
2025-01-31,187876.30946101752,-251.47325382622773,188127.78271484375
2025-02-03,188284.83536281195,-251.47325382622773,188536.30861663818
2025-02-04,189089.33881892767,-251.47325382622773,189340.8120727539
2025-02-05,190411.5170568427,-251.47325382622773,190662.99031066895
2025-02-06,190202.97460689154,-251.47325382622773,190454.44786071777
2025-02-07,189657.25111140814,-251.47325382622773,189908.72436523438
2025-02-10,189903.07885493842,-251.47325382622773,190154.55210876465
2025-02-11,189636.9803670844,-251.47325382622773,189888.45362091064
2025-02-12,188305.74580897894,-251.47325382622773,188557.21906280518
2025-02-13,189965.528355976,-251.47325382622773,190217.00160980225
2025-02-14,190532.02792872992,-251.47325382622773,190783.50118255615
2025-02-18,189919.98803462592,-251.47325382622773,190171.46128845215
2025-02-19,190041.75735225287,-251.47325382622773,190293.2306060791
2025-02-20,190564.04577388373,-251.47325382622773,190815.51902770996
2025-02-21,191041.06404628363,-251.47325382622773,191292.53730010986
2025-02-24,191332.29494227972,-251.47325382622773,191583.76819610596
2025-02-25,192545.2453283271,-251.47325382622773,192796.71858215332
2025-02-26,192860.370152851,-251.47325382622773,193111.84340667725
2025-02-27,192156.49409236517,-251.47325382622773,192407.9673461914
2025-02-28,193312.02491511908,-251.47325382622773,193563.4981689453
2025-03-03,193009.33764400092,-251.47325382622773,193260.81089782715
2025-03-04,191785.75998439398,-251.47325382622773,192037.23323822021
2025-03-05,191435.31308497992,-251.47325382622773,191686.78633880615
2025-03-06,191273.12457027045,-251.47325382622773,191524.59782409668
2025-03-07,191673.58322658148,-251.47325382622773,191925.05648040771
2025-03-10,192186.6412557563,-251.47325382622773,192438.11450958252
2025-03-11,191095.5972875556,-251.47325382622773,191347.07054138184
2025-03-12,190507.11745204535,-251.47325382622773,190758.59070587158
2025-03-13,191058.94822444525,-251.47325382622773,191310.42147827148
2025-03-14,191397.235425373,-251.47325382622773,191648.70867919922
2025-03-17,192288.82155360785,-251.47325382622773,192540.29480743408
2025-03-18,192486.32592525092,-251.47325382622773,192737.79917907715
2025-03-19,193312.74254359808,-251.47325382622773,193564.21579742432
2025-03-20,193297.34039058295,-251.47325382622773,193548.81364440918
2025-03-21,192687.14115657416,-251.47325382622773,192938.6144104004
2025-03-24,192068.741246601,-251.47325382622773,192320.21450042725
2025-03-25,192147.46827449408,-251.47325382622773,192398.9415283203
2025-03-26,191688.57322444525,-251.47325382622773,191940.04647827148
2025-03-27,191343.81796016303,-251.47325382622773,191595.29121398926
2025-03-28,192039.4088033637,-251.47325382622773,192290.88205718994
2025-03-31,192900.6452764472,-251.47325382622773,193152.11853027344
2025-04-01,193683.82455273048,175.5940687216802,193508.2304840088
2025-04-02,193587.19328136818,175.5940687216802,193411.59921264648
2025-04-03,192184.1829168357,175.5940687216802,192008.588848114
2025-04-04,190659.82879085914,175.5940687216802,190484.23472213745
2025-04-07,187635.8101598777,175.5940687216802,187460.216091156
2025-04-08,185606.0096380271,175.5940687216802,185430.41556930542
2025-04-09,188433.14407558815,175.5940687216802,188257.55000686646
2025-04-10,184789.75050945656,175.5940687216802,184614.15644073486
2025-04-11,185816.09583874122,175.5940687216802,185640.50177001953
2025-04-14,186566.65177746193,175.5940687216802,186391.05770874023
2025-04-15,186812.2280065574,175.5940687216802,186636.6339378357
2025-04-16,187088.16539593117,175.5940687216802,186912.57132720947
2025-04-17,186930.0324041404,175.5940687216802,186754.4383354187
2025-04-21,185084.14876766579,175.5940687216802,184908.5546989441
2025-04-22,186243.816595272,175.5940687216802,186068.2225265503
2025-04-23,187048.2324354209,175.5940687216802,186872.63836669922
2025-04-24,188407.89282055275,175.5940687216802,188232.29875183105
2025-04-25,188940.97080440895,175.5940687216802,188765.37673568726
2025-04-28,189640.98905010597,175.5940687216802,189465.39498138428
2025-04-29,190292.5516645469,175.5940687216802,190116.9575958252
2025-04-30,189419.01043148414,175.5940687216802,189243.41636276245
2025-05-01,188983.76379269784,229.38271207038733,188754.38108062744
2025-05-02,188869.58633298104,229.38271207038733,188640.20362091064
2025-05-05,188150.7275797767,229.38271207038733,187921.3448677063
2025-05-06,188321.6381327552,229.38271207038733,188092.2554206848
2025-05-07,188630.76011151497,229.38271207038733,188401.37739944458
2025-05-08,188012.45563763802,229.38271207038733,187783.07292556763
2025-05-09,188317.99286908333,229.38271207038733,188088.61015701294
2025-05-12,188510.76755017464,229.38271207038733,188281.38483810425
2025-05-13,188362.92280072396,229.38271207038733,188133.54008865356
2025-05-14,187658.71826810067,229.38271207038733,187429.33555603027
2025-05-15,188604.052336399,229.38271207038733,188374.6696243286
2025-05-16,188909.68311948006,229.38271207038733,188680.30040740967
2025-05-19,188601.3608157081,229.38271207038733,188371.9781036377
2025-05-20,187983.30811185067,229.38271207038733,187753.92539978027
2025-05-21,186271.48630398934,229.38271207038733,186042.10359191895
2025-05-22,186601.70053738778,229.38271207038733,186372.31782531738
2025-05-23,186835.65621823494,229.38271207038733,186606.27350616455
2025-05-27,188301.168150608,229.38271207038733,188071.7854385376
2025-05-28,187587.47627896492,229.38271207038733,187358.09356689453
2025-05-29,188528.62829465096,229.38271207038733,188299.24558258057
2025-05-30,188476.9389178199,229.38271207038733,188247.5562057495
2025-06-02,188064.5979601783,229.38271207038733,187835.2152481079
2025-06-03,188190.36173123543,229.38271207038733,187960.97901916504
2025-06-04,189213.7731768531,229.38271207038733,188984.39046478271
2025-06-05,189245.96909207528,229.38271207038733,189016.58638000488
2025-06-06,188816.7655245704,229.38271207038733,188587.3828125
2025-06-09,189046.68038052742,229.38271207038733,188817.29766845703
2025-06-10,189860.5014407081,229.38271207038733,189631.1187286377
2025-06-11,190191.0092532081,229.38271207038733,189961.6265411377
2025-06-12,191212.10589474862,229.38271207038733,190982.72318267822
2025-06-13,190315.52281827157,229.38271207038733,190086.14010620117
2025-06-16,189766.15728635018,229.38271207038733,189536.77457427979
2025-06-17,190642.1677233619,229.38271207038733,190412.7850112915
2025-06-18,190695.12896603768,229.38271207038733,190465.74625396729
2025-06-20,190599.90514249032,229.38271207038733,190370.52243041992
2025-06-23,190707.27698392098,229.38271207038733,190477.8942718506
2025-06-24,191189.91572446053,229.38271207038733,190960.53301239014
2025-06-25,191134.09892148201,229.38271207038733,190904.71620941162
2025-06-26,191866.70905942147,229.38271207038733,191637.32634735107
2025-06-27,191484.2683169288,229.38271207038733,191254.8856048584
2025-06-30,192222.9608370704,229.38271207038733,191993.578125
2025-07-01,192437.18151722327,-360.8858045540571,192798.06732177734
2025-07-02,194209.1937547721,-360.8858045540571,194570.07955932617
2025-07-03,194633.21278248206,-360.8858045540571,194994.09858703613
2025-07-07,192912.48650989906,-360.8858045540571,193273.37231445312
2025-07-08,196436.53744373695,-360.8858045540571,196797.42324829102
2025-07-09,196547.65280018226,-360.8858045540571,196908.53860473633
2025-07-10,197675.1495348014,-360.8858045540571,198036.03533935547
2025-07-11,197158.4515520133,-360.8858045540571,197519.33735656738
2025-07-14,195471.57939014808,-360.8858045540571,195832.46519470215
2025-07-15,193643.0489641227,-360.8858045540571,194003.93476867676
2025-07-16,193685.6240068473,-360.8858045540571,194046.50981140137
2025-07-17,194974.7983995475,-360.8858045540571,195335.68420410156
2025-07-18,194019.2620988883,-360.8858045540571,194380.14790344238
2025-07-21,194354.32333240882,-360.8858045540571,194715.2091369629
2025-07-22,195837.2951952018,-360.8858045540571,196198.18099975586
2025-07-23,199092.24078236,-360.8858045540571,199453.12658691406
2025-07-24,199417.06245289222,-360.8858045540571,199777.9482574463
2025-07-25,199118.7169176139,-360.8858045540571,199479.60272216797
2025-07-28,198769.83738575355,-360.8858045540571,199130.72319030762
2025-07-29,198811.32118091956,-360.8858045540571,199172.20698547363
2025-07-30,196116.43405018226,-360.8858045540571,196477.31985473633
2025-07-31,194003.61585865394,-360.8858045540571,194364.501663208
2025-08-01,193097.14978493113,135.6985901679448,192961.45119476318
2025-08-04,194343.1542710151,135.6985901679448,194207.45568084717
2025-08-05,195385.18600548166,135.6985901679448,195249.48741531372
2025-08-06,195430.79605186838,135.6985901679448,195295.09746170044
2025-08-07,195783.5599602546,135.6985901679448,195647.86137008667
2025-08-08,197217.4468201484,135.6985901679448,197081.74822998047
2025-08-11,195986.1084030952,135.6985901679448,195850.40981292725
2025-08-12,197970.26473701853,135.6985901679448,197834.5661468506
2025-08-13,200084.44526375193,135.6985901679448,199948.74667358398
2025-08-14,199212.9692849006,135.6985901679448,199077.27069473267
2025-08-15,200291.42834556955,135.6985901679448,200155.7297554016
2025-08-18,199828.60952843088,135.6985901679448,199692.91093826294
2025-08-19,199203.44121254343,135.6985901679448,199067.7426223755
2025-08-20,199823.60080040354,135.6985901679448,199687.9022102356
2025-08-21,200534.04945839304,135.6985901679448,200398.3508682251
2025-08-22,203981.79356087107,135.6985901679448,203846.09497070312
2025-08-25,202945.27882851023,135.6985901679448,202809.58023834229
2025-08-26,202418.69024742502,135.6985901679448,202282.99165725708
2025-08-27,203424.2720154609,135.6985901679448,203288.57342529297
2025-08-28,203708.73015678782,135.6985901679448,203573.03156661987
2025-08-29,204166.38272179026,135.6985901679448,204030.6841316223
2025-09-02,204036.14147652048,135.6985901679448,203900.44288635254
2025-09-03,202139.43324745554,135.6985901679448,202003.7346572876
2025-09-04,202499.2671555366,135.6985901679448,202363.56856536865
2025-09-05,201283.1401871528,135.6985901679448,201147.44159698486
2025-09-08,202032.7995003547,135.6985901679448,201897.10091018677
2025-09-09,202171.98294914622,135.6985901679448,202036.28435897827
2025-09-10,203521.24967277903,135.6985901679448,203385.55108261108
2025-09-11,205101.90194404978,135.6985901679448,204966.20335388184
2025-09-12,203612.0842675056,135.6985901679448,203476.38567733765
2025-09-15,203942.15305412668,135.6985901679448,203806.45446395874
2025-09-16,205120.08192528147,135.6985901679448,204984.38333511353
2025-09-17,205555.34642494578,135.6985901679448,205419.64783477783
2025-09-18,205180.9916199531,135.6985901679448,205045.29302978516
2025-09-19,203604.13300407786,135.6985901679448,203468.4344139099
2025-09-22,203768.30311668772,135.6985901679448,203632.60452651978
2025-09-23,204531.35621727366,135.6985901679448,204395.6576271057
2025-09-24,204961.40759743113,135.6985901679448,204825.70900726318
2025-09-25,204602.67931068796,135.6985901679448,204466.98072052002
2025-09-26,205300.8023079719,135.6985901679448,205165.10371780396
2025-09-29,203787.02641762156,135.6985901679448,203651.3278274536
2025-09-30,203812.97080696482,135.6985901679448,203677.27221679688
2025-10-01,204390.29138087458,117.29485224908986,204272.9965286255
2025-10-02,203833.5975561065,117.29485224908986,203716.30270385742
2025-10-03,204572.55763148493,117.29485224908986,204455.26277923584
2025-10-06,205032.7836828155,117.29485224908986,204915.4888305664
2025-10-07,204360.12676142878,117.29485224908986,204242.8319091797
2025-10-08,204041.67227076716,117.29485224908986,203924.37741851807
2025-10-09,201988.67790126032,117.29485224908986,201871.38304901123
2025-10-10,197652.8353109283,117.29485224908986,197535.5404586792
2025-10-13,200804.92171382136,117.29485224908986,200687.62686157227
2025-10-14,201495.1577215118,117.29485224908986,201377.8628692627
2025-10-15,202079.22826289362,117.29485224908986,201961.93341064453
2025-10-16,201712.3895559234,117.29485224908986,201595.09470367432
2025-10-17,202610.86922358698,117.29485224908986,202493.5743713379
2025-10-20,204712.19995021052,117.29485224908986,204594.90509796143
2025-10-21,204343.57652949519,117.29485224908986,204226.2816772461
2025-10-22,204923.03491114802,117.29485224908986,204805.74005889893
2025-10-23,206084.62039088435,117.29485224908986,205967.32553863525
2025-10-24,205912.7167043609,117.29485224908986,205795.42185211182
2025-10-27,206715.02550410456,117.29485224908986,206597.73065185547
2025-10-28,205669.62787532038,117.29485224908986,205552.3330230713
2025-10-29,205590.16224574274,117.29485224908986,205472.86739349365
2025-10-30,204391.23231410212,117.29485224908986,204273.93746185303
2025-10-31,206521.42912196345,117.29485224908986,206404.13426971436
2025-11-03,205048.22879695124,117.29485224908986,204930.93394470215
2025-11-04,203155.2776861114,117.29485224908986,203037.9828338623
2025-11-05,203954.241400711,117.29485224908986,203836.9465484619
2025-11-06,203292.03192805476,117.29485224908986,203174.73707580566
2025-11-07,204854.68315791315,117.29485224908986,204737.38830566406
2025-11-10,206341.93492793269,117.29485224908986,206224.6400756836
2025-11-11,207747.51004695124,117.29485224908986,207630.21519470215
2025-11-12,206918.0610036773,117.29485224908986,206800.76615142822
2025-11-13,206712.280753128,117.29485224908986,206594.9859008789
2025-11-14,207531.2340307159,117.29485224908986,207413.9391784668
2025-11-17,204558.89017390436,117.29485224908986,204441.59532165527
2025-11-18,204575.87222956843,117.29485224908986,204458.57737731934
2025-11-19,203039.92761897272,117.29485224908986,202922.63276672363
2025-11-20,200491.2793493194,117.29485224908986,200373.9844970703
2025-11-21,202406.86601924128,117.29485224908986,202289.5711669922
2025-11-24,202719.64144038386,117.29485224908986,202602.34658813477
2025-11-25,203863.28064631647,117.29485224908986,203745.98579406738
2025-11-26,205379.99119471735,117.29485224908986,205262.69634246826
2025-11-28,206840.71466731257,117.29485224908986,206723.41981506348
2025-12-01,207004.80867026513,120.69864676660858,206884.11002349854
2025-12-02,206045.92161582178,120.69864676660858,205925.22296905518
2025-12-03,207738.17528556054,120.69864676660858,207617.47663879395
2025-12-04,208316.04383109277,120.69864676660858,208195.34518432617
2025-12-05,207722.17680381006,120.69864676660858,207601.47815704346
2025-12-08,206609.70490287011,120.69864676660858,206489.00625610352
2025-12-09,206406.30953238672,120.69864676660858,206285.61088562012
2025-12-10,209468.9568788833,120.69864676660858,209348.2582321167
2025-12-11,209734.99619315332,120.69864676660858,209614.29754638672
2025-12-12,208670.1763078994,120.69864676660858,208549.4776611328
2025-12-15,208905.4845125503,120.69864676660858,208784.7858657837
2025-12-16,206373.3548815078,120.69864676660858,206252.6562347412
2025-12-17,207244.3180620498,120.69864676660858,207123.6194152832
2025-12-18,206761.13361380761,120.69864676660858,206640.43496704102
2025-12-19,207570.7989427871,120.69864676660858,207450.1002960205
2025-12-22,209308.86206839746,120.69864676660858,209188.16342163086
2025-12-23,209923.89818595117,120.69864676660858,209803.19953918457
2025-12-24,210195.5200731582,120.69864676660858,210074.8214263916
2025-12-26,210215.9621889419,120.69864676660858,210095.2635421753
2025-12-29,210289.81395743554,120.69864676660858,210169.11531066895
2025-12-30,211088.3400881118,120.69864676660858,210967.64144134521
