ticker,name,market
005930.KS,005930,KOSPI
000660.KS,000660,KOSPI
373220.KS,373220,KOSPI
005380.KS,005380,KOSPI
005935.KS,005935,KOSPI
207940.KS,207940,KOSPI
402340.KS,402340,KOSPI
012450.KS,012450,KOSPI
329180.KS,329180,KOSPI
034020.KS,034020,KOSPI
000270.KS,000270,KOSPI
105560.KS,105560,KOSPI
028260.KS,028260,KOSPI
068270.KS,068270,KOSPI
042660.KS,042660,KOSPI
035420.KS,035420,KOSPI
055550.KS,055550,KOSPI
012330.KS,012330,KOSPI
032830.KS,032830,KOSPI
015760.KS,015760,KOSPI
010130.KS,010130,KOSPI
267260.KS,267260,KOSPI
006400.KS,006400,KOSPI
005490.KS,005490,KOSPI
009540.KS,009540,KOSPI
086790.KS,086790,KOSPI
035720.KS,035720,KOSPI
010140.KS,010140,KOSPI
051910.KS,051910,KOSPI
064350.KS,064350,KOSPI
298040.KS,298040,KOSPI
000810.KS,000810,KOSPI
316140.KS,316140,KOSPI
034730.KS,034730,KOSPI
003670.KS,003670,KOSPI
009150.KS,009150,KOSPI
006800.KS,006800,KOSPI
138040.KS,138040,KOSPI
011200.KS,011200,KOSPI
267250.KS,267250,KOSPI
096770.KS,096770,KOSPI
086280.KS,086280,KOSPI
042700.KS,042700,KOSPI
024110.KS,024110,KOSPI
010120.KS,010120,KOSPI
033780.KS,033780,KOSPI
272210.KS,272210,KOSPI
066570.KS,066570,KOSPI
047810.KS,047810,KOSPI
352820.KS,352820,KOSPI
0126Z0.KS,0126Z0,KOSPI
017670.KS,017670,KOSPI
000150.KS,000150,KOSPI
003550.KS,003550,KOSPI
030200.KS,030200,KOSPI
018260.KS,018260,KOSPI
259960.KS,259960,KOSPI
307950.KS,307950,KOSPI
000720.KS,000720,KOSPI
079550.KS,079550,KOSPI
010950.KS,010950,KOSPI
071050.KS,071050,KOSPI
047050.KS,047050,KOSPI
323410.KS,323410,KOSPI
039490.KS,039490,KOSPI
278470.KS,278470,KOSPI
005387.KS,005387,KOSPI
005830.KS,005830,KOSPI
326030.KS,326030,KOSPI
007660.KS,007660,KOSPI
003230.KS,003230,KOSPI
005940.KS,005940,KOSPI
377300.KS,377300,KOSPI
000100.KS,000100,KOSPI
003490.KS,003490,KOSPI
000880.KS,000880,KOSPI
443060.KS,443060,KOSPI
161390.KS,161390,KOSPI
016360.KS,016360,KOSPI
090430.KS,090430,KOSPI
454910.KS,454910,KOSPI
180640.KS,180640,KOSPI
006260.KS,006260,KOSPI
032640.KS,032640,KOSPI
064400.KS,064400,KOSPI
128940.KS,128940,KOSPI
029780.KS,029780,KOSPI
028050.KS,028050,KOSPI
005385.KS,005385,KOSPI
022100.KS,022100,KOSPI
011070.KS,011070,KOSPI
034220.KS,034220,KOSPI
078930.KS,078930,KOSPI
001040.KS,001040,KOSPI
021240.KS,021240,KOSPI
241560.KS,241560,KOSPI
066970.KS,066970,KOSPI
088980.KS,088980,KOSPI
450080.KS,450080,KOSPI
267270.KS,267270,KOSPI
052690.KS,052690,KOSPI
138930.KS,138930,KOSPI
001440.KS,001440,KOSPI
036570.KS,036570,KOSPI
009830.KS,009830,KOSPI
082740.KS,082740,KOSPI
271560.KS,271560,KOSPI
062040.KS,062040,KOSPI
000990.KS,000990,KOSPI
175330.KS,175330,KOSPI
251270.KS,251270,KOSPI
011790.KS,011790,KOSPI
004020.KS,004020,KOSPI
051900.KS,051900,KOSPI
002380.KS,002380,KOSPI
302440.KS,302440,KOSPI
011780.KS,011780,KOSPI
035250.KS,035250,KOSPI
011170.KS,011170,KOSPI
111770.KS,111770,KOSPI
036460.KS,036460,KOSPI
017800.KS,017800,KOSPI
103140.KS,103140,KOSPI
018880.KS,018880,KOSPI
031210.KS,031210,KOSPI
457190.KS,457190,KOSPI
097950.KS,097950,KOSPI
004990.KS,004990,KOSPI
103590.KS,103590,KOSPI
014680.KS,014680,KOSPI
071970.KS,071970,KOSPI
204320.KS,204320,KOSPI
088350.KS,088350,KOSPI
012750.KS,012750,KOSPI
004170.KS,004170,KOSPI
489790.KS,489790,KOSPI
008930.KS,008930,KOSPI
439260.KS,439260,KOSPI
009420.KS,009420,KOSPI
001720.KS,001720,KOSPI
012510.KS,012510,KOSPI
353200.KS,353200,KOSPI
005850.KS,005850,KOSPI
383220.KS,383220,KOSPI
009970.KS,009970,KOSPI
051600.KS,051600,KOSPI
026960.KS,026960,KOSPI
004800.KS,004800,KOSPI
028670.KS,028670,KOSPI
004370.KS,004370,KOSPI
000240.KS,000240,KOSPI
001450.KS,001450,KOSPI
001430.KS,001430,KOSPI
139480.KS,139480,KOSPI
081660.KS,081660,KOSPI
030000.KS,030000,KOSPI
139130.KS,139130,KOSPI
097230.KS,097230,KOSPI
011210.KS,011210,KOSPI
023590.KS,023590,KOSPI
002790.KS,002790,KOSPI
336260.KS,336260,KOSPI
000120.KS,000120,KOSPI
361610.KS,361610,KOSPI
020150.KS,020150,KOSPI
192820.KS,192820,KOSPI
010060.KS,010060,KOSPI
003690.KS,003690,KOSPI
023530.KS,023530,KOSPI
047040.KS,047040,KOSPI
462870.KS,462870,KOSPI
018670.KS,018670,KOSPI
282330.KS,282330,KOSPI
069960.KS,069960,KOSPI
000155.KS,000155,KOSPI
006280.KS,006280,KOSPI
483650.KS,483650,KOSPI
069620.KS,069620,KOSPI
00680K.KS,00680K,KOSPI
006040.KS,006040,KOSPI
017960.KS,017960,KOSPI
008770.KS,008770,KOSPI
005070.KS,005070,KOSPI
003570.KS,003570,KOSPI
007070.KS,007070,KOSPI
032350.KS,032350,KOSPI
375500.KS,375500,KOSPI
073240.KS,073240,KOSPI
112610.KS,112610,KOSPI
298020.KS,298020,KOSPI
395400.KS,395400,KOSPI
085620.KS,085620,KOSPI
006360.KS,006360,KOSPI
161890.KS,161890,KOSPI
007810.KS,007810,KOSPI
020560.KS,020560,KOSPI
034230.KS,034230,KOSPI
007310.KS,007310,KOSPI
007340.KS,007340,KOSPI
003540.KS,003540,KOSPI
000500.KS,000500,KOSPI
077970.KS,077970,KOSPI
001120.KS,001120,KOSPI
294870.KS,294870,KOSPI
005440.KS,005440,KOSPI
051915.KS,051915,KOSPI
003090.KS,003090,KOSPI
120110.KS,120110,KOSPI
030610.KS,030610,KOSPI
001800.KS,001800,KOSPI
003530.KS,003530,KOSPI
484870.KS,484870,KOSPI
229640.KS,229640,KOSPI
330590.KS,330590,KOSPI
249420.KS,249420,KOSPI
000080.KS,000080,KOSPI
004000.KS,004000,KOSPI
415640.KS,415640,KOSPI
300720.KS,300720,KOSPI
005300.KS,005300,KOSPI
185750.KS,185750,KOSPI
298050.KS,298050,KOSPI
285130.KS,285130,KOSPI
100090.KS,100090,KOSPI
071320.KS,071320,KOSPI
000815.KS,000815,KOSPI
000670.KS,000670,KOSPI
192080.KS,192080,KOSPI
012630.KS,012630,KOSPI
075580.KS,075580,KOSPI
082640.KS,082640,KOSPI
195870.KS,195870,KOSPI
137310.KS,137310,KOSPI
089860.KS,089860,KOSPI
365550.KS,365550,KOSPI
009240.KS,009240,KOSPI
006120.KS,006120,KOSPI
001740.KS,001740,KOSPI
280360.KS,280360,KOSPI
006650.KS,006650,KOSPI
181710.KS,181710,KOSPI
079160.KS,079160,KOSPI
030190.KS,030190,KOSPI
003160.KS,003160,KOSPI
064960.KS,064960,KOSPI
192400.KS,192400,KOSPI
317450.KS,317450,KOSPI
281820.KS,281820,KOSPI
00088K.KS,00088K,KOSPI
036530.KS,036530,KOSPI
093370.KS,093370,KOSPI
003240.KS,003240,KOSPI
004490.KS,004490,KOSPI
108320.KS,108320,KOSPI
499790.KS,499790,KOSPI
066575.KS,066575,KOSPI
000210.KS,000210,KOSPI
071055.KS,071055,KOSPI
005690.KS,005690,KOSPI
009450.KS,009450,KOSPI
100840.KS,100840,KOSPI
003470.KS,003470,KOSPI
451800.KS,451800,KOSPI
014820.KS,014820,KOSPI
003620.KS,003620,KOSPI
069260.KS,069260,KOSPI
0120G0.KS,0120G0,KOSPI
114090.KS,114090,KOSPI
003850.KS,003850,KOSPI
002350.KS,002350,KOSPI
007700.KS,007700,KOSPI
248070.KS,248070,KOSPI
001680.KS,001680,KOSPI
079900.KS,079900,KOSPI
025540.KS,025540,KOSPI
214320.KS,214320,KOSPI
381970.KS,381970,KOSPI
005250.KS,005250,KOSPI
005180.KS,005180,KOSPI
039130.KS,039130,KOSPI
000640.KS,000640,KOSPI
001060.KS,001060,KOSPI
001270.KS,001270,KOSPI
00104K.KS,00104K,KOSPI
002020.KS,002020,KOSPI
019170.KS,019170,KOSPI
950210.KS,950210,KOSPI
010780.KS,010780,KOSPI
000370.KS,000370,KOSPI
293940.KS,293940,KOSPI
008730.KS,008730,KOSPI
268280.KS,268280,KOSPI
475150.KS,475150,KOSPI
005420.KS,005420,KOSPI
057050.KS,057050,KOSPI
002840.KS,002840,KOSPI
383800.KS,383800,KOSPI
058650.KS,058650,KOSPI
456040.KS,456040,KOSPI
001570.KS,001570,KOSPI
005880.KS,005880,KOSPI
006380.KS,006380,KOSPI
005389.KS,005389,KOSPI
322000.KS,322000,KOSPI
002030.KS,002030,KOSPI
090460.KS,090460,KOSPI
017940.KS,017940,KOSPI
336370.KS,336370,KOSPI
002240.KS,002240,KOSPI
003545.KS,003545,KOSPI
005810.KS,005810,KOSPI
002960.KS,002960,KOSPI
105630.KS,105630,KOSPI
003030.KS,003030,KOSPI
377740.KS,377740,KOSPI
001500.KS,001500,KOSPI
192650.KS,192650,KOSPI
016380.KS,016380,KOSPI
014830.KS,014830,KOSPI
093050.KS,093050,KOSPI
094800.KS,094800,KOSPI
145720.KS,145720,KOSPI
006220.KS,006220,KOSPI
271940.KS,271940,KOSPI
004690.KS,004690,KOSPI
105840.KS,105840,KOSPI
090435.KS,090435,KOSPI
284740.KS,284740,KOSPI
016610.KS,016610,KOSPI
170900.KS,170900,KOSPI
097520.KS,097520,KOSPI
000400.KS,000400,KOSPI
017810.KS,017810,KOSPI
453340.KS,453340,KOSPI
033240.KS,033240,KOSPI
145990.KS,145990,KOSPI
016800.KS,016800,KOSPI
034310.KS,034310,KOSPI
009900.KS,009900,KOSPI
178920.KS,178920,KOSPI
029530.KS,029530,KOSPI
003300.KS,003300,KOSPI
091810.KS,091810,KOSPI
009410.KS,009410,KOSPI
016590.KS,016590,KOSPI
000070.KS,000070,KOSPI
004700.KS,004700,KOSPI
161000.KS,161000,KOSPI
130660.KS,130660,KOSPI
026890.KS,026890,KOSPI
183190.KS,183190,KOSPI
348950.KS,348950,KOSPI
037270.KS,037270,KOSPI
448730.KS,448730,KOSPI
015360.KS,015360,KOSPI
089590.KS,089590,KOSPI
002710.KS,002710,KOSPI
357120.KS,357120,KOSPI
005610.KS,005610,KOSPI
029460.KS,029460,KOSPI
006110.KS,006110,KOSPI
344820.KS,344820,KOSPI
092200.KS,092200,KOSPI
060980.KS,060980,KOSPI
005945.KS,005945,KOSPI
000650.KS,000650,KOSPI
031430.KS,031430,KOSPI
072710.KS,072710,KOSPI
200880.KS,200880,KOSPI
003280.KS,003280,KOSPI
001530.KS,001530,KOSPI
403550.KS,403550,KOSPI
460860.KS,460860,KOSPI
011500.KS,011500,KOSPI
003000.KS,003000,KOSPI
001390.KS,001390,KOSPI
000157.KS,000157,KOSPI
020000.KS,020000,KOSPI
027410.KS,027410,KOSPI
004310.KS,004310,KOSPI
001200.KS,001200,KOSPI
001940.KS,001940,KOSPI
126720.KS,126720,KOSPI
217590.KS,217590,KOSPI
015860.KS,015860,KOSPI
432320.KS,432320,KOSPI
084010.KS,084010,KOSPI
475560.KS,475560,KOSPI
272450.KS,272450,KOSPI
417310.KS,417310,KOSPI
452260.KS,452260,KOSPI
126560.KS,126560,KOSPI
011930.KS,011930,KOSPI
009155.KS,009155,KOSPI
104700.KS,104700,KOSPI
138490.KS,138490,KOSPI
007690.KS,007690,KOSPI
003520.KS,003520,KOSPI
034120.KS,034120,KOSPI
084690.KS,084690,KOSPI
017860.KS,017860,KOSPI
008060.KS,008060,KOSPI
024720.KS,024720,KOSPI
306200.KS,306200,KOSPI
006405.KS,006405,KOSPI
025860.KS,025860,KOSPI
018250.KS,018250,KOSPI
003960.KS,003960,KOSPI
001820.KS,001820,KOSPI
012030.KS,012030,KOSPI
194370.KS,194370,KOSPI
001510.KS,001510,KOSPI
010690.KS,010690,KOSPI
009160.KS,009160,KOSPI
017390.KS,017390,KOSPI
286940.KS,286940,KOSPI
092230.KS,092230,KOSPI
002810.KS,002810,KOSPI
005090.KS,005090,KOSPI
123890.KS,123890,KOSPI
033270.KS,033270,KOSPI
002310.KS,002310,KOSPI
005720.KS,005720,KOSPI
033530.KS,033530,KOSPI
034830.KS,034830,KOSPI
241590.KS,241590,KOSPI
377190.KS,377190,KOSPI
088260.KS,088260,KOSPI
007160.KS,007160,KOSPI
011760.KS,011760,KOSPI
900140.KS,900140,KOSPI
009290.KS,009290,KOSPI
003200.KS,003200,KOSPI
002320.KS,002320,KOSPI
128820.KS,128820,KOSPI
092790.KS,092790,KOSPI
006340.KS,006340,KOSPI
334890.KS,334890,KOSPI
009470.KS,009470,KOSPI
003920.KS,003920,KOSPI
009680.KS,009680,KOSPI
002900.KS,002900,KOSPI
003120.KS,003120,KOSPI
000490.KS,000490,KOSPI
000320.KS,000320,KOSPI
096760.KS,096760,KOSPI
010580.KS,010580,KOSPI
013890.KS,013890,KOSPI
000680.KS,000680,KOSPI
02826K.KS,02826K,KOSPI
004360.KS,004360,KOSPI
0030R0.KS,0030R0,KOSPI
001340.KS,001340,KOSPI
078520.KS,078520,KOSPI
000430.KS,000430,KOSPI
122900.KS,122900,KOSPI
003220.KS,003220,KOSPI
001460.KS,001460,KOSPI
005500.KS,005500,KOSPI
108670.KS,108670,KOSPI
035150.KS,035150,KOSPI
136490.KS,136490,KOSPI
058430.KS,058430,KOSPI
001750.KS,001750,KOSPI
033920.KS,033920,KOSPI
007460.KS,007460,KOSPI
035510.KS,035510,KOSPI
226320.KS,226320,KOSPI
005950.KS,005950,KOSPI
001790.KS,001790,KOSPI
001630.KS,001630,KOSPI
007570.KS,007570,KOSPI
037710.KS,037710,KOSPI
244920.KS,244920,KOSPI
008490.KS,008490,KOSPI
051905.KS,051905,KOSPI
000050.KS,000050,KOSPI
007860.KS,007860,KOSPI
004980.KS,004980,KOSPI
487570.KS,487570,KOSPI
001130.KS,001130,KOSPI
012200.KS,012200,KOSPI
210980.KS,210980,KOSPI
005010.KS,005010,KOSPI
030210.KS,030210,KOSPI
001230.KS,001230,KOSPI
000540.KS,000540,KOSPI
028100.KS,028100,KOSPI
053210.KS,053210,KOSPI
404990.KS,404990,KOSPI
003070.KS,003070,KOSPI
084680.KS,084680,KOSPI
003350.KS,003350,KOSPI
000480.KS,000480,KOSPI
000140.KS,000140,KOSPI
117580.KS,117580,KOSPI
003610.KS,003610,KOSPI
001080.KS,001080,KOSPI
005680.KS,005680,KOSPI
004430.KS,004430,KOSPI
006805.KS,006805,KOSPI
011785.KS,011785,KOSPI
271980.KS,271980,KOSPI
339770.KS,339770,KOSPI
102460.KS,102460,KOSPI
000860.KS,000860,KOSPI
001780.KS,001780,KOSPI
134380.KS,134380,KOSPI
003555.KS,003555,KOSPI
095570.KS,095570,KOSPI
010820.KS,010820,KOSPI
214420.KS,214420,KOSPI
000520.KS,000520,KOSPI
003547.KS,003547,KOSPI
039570.KS,039570,KOSPI
025000.KS,025000,KOSPI
010955.KS,010955,KOSPI
298690.KS,298690,KOSPI
005430.KS,005430,KOSPI
003650.KS,003650,KOSPI
102260.KS,102260,KOSPI
053690.KS,053690,KOSPI
002150.KS,002150,KOSPI
004380.KS,004380,KOSPI
001045.KS,001045,KOSPI
044450.KS,044450,KOSPI
234080.KS,234080,KOSPI
012610.KS,012610,KOSPI
011690.KS,011690,KOSPI
001520.KS,001520,KOSPI
016580.KS,016580,KOSPI
213500.KS,213500,KOSPI
101530.KS,101530,KOSPI
016880.KS,016880,KOSPI
008970.KS,008970,KOSPI
025820.KS,025820,KOSPI
004560.KS,004560,KOSPI
081000.KS,081000,KOSPI
013580.KS,013580,KOSPI
025620.KS,025620,KOSPI
004710.KS,004710,KOSPI
001250.KS,001250,KOSPI
003720.KS,003720,KOSPI
272550.KS,272550,KOSPI
006060.KS,006060,KOSPI
097955.KS,097955,KOSPI
009070.KS,009070,KOSPI
031440.KS,031440,KOSPI
015230.KS,015230,KOSPI
010100.KS,010100,KOSPI
400760.KS,400760,KOSPI
293480.KS,293480,KOSPI
004090.KS,004090,KOSPI
000390.KS,000390,KOSPI
014280.KS,014280,KOSPI
037560.KS,037560,KOSPI
002100.KS,002100,KOSPI
002170.KS,002170,KOSPI
000300.KS,000300,KOSPI
071840.KS,071840,KOSPI
000020.KS,000020,KOSPI
462520.KS,462520,KOSPI
123690.KS,123690,KOSPI
011000.KS,011000,KOSPI
090350.KS,090350,KOSPI
100250.KS,100250,KOSPI
016450.KS,016450,KOSPI
019440.KS,019440,KOSPI
018470.KS,018470,KOSPI
009270.KS,009270,KOSPI
00279K.KS,00279K,KOSPI
003460.KS,003460,KOSPI
012320.KS,012320,KOSPI
001360.KS,001360,KOSPI
008110.KS,008110,KOSPI
107590.KS,107590,KOSPI
008350.KS,008350,KOSPI
014710.KS,014710,KOSPI
002390.KS,002390,KOSPI
317400.KS,317400,KOSPI
000700.KS,000700,KOSPI
092220.KS,092220,KOSPI
002990.KS,002990,KOSPI
070960.KS,070960,KOSPI
460850.KS,460850,KOSPI
000970.KS,000970,KOSPI
008040.KS,008040,KOSPI
019680.KS,019680,KOSPI
083420.KS,083420,KOSPI
089470.KS,089470,KOSPI
003830.KS,003830,KOSPI
084670.KS,084670,KOSPI
027970.KS,027970,KOSPI
009580.KS,009580,KOSPI
298000.KS,298000,KOSPI
078000.KS,078000,KOSPI
094280.KS,094280,KOSPI
004970.KS,004970,KOSPI
210540.KS,210540,KOSPI
000230.KS,000230,KOSPI
214390.KS,214390,KOSPI
036420.KS,036420,KOSPI
003480.KS,003480,KOSPI
011280.KS,011280,KOSPI
004250.KS,004250,KOSPI
077500.KS,077500,KOSPI
350520.KS,350520,KOSPI
007540.KS,007540,KOSPI
095720.KS,095720,KOSPI
016710.KS,016710,KOSPI
015890.KS,015890,KOSPI
079430.KS,079430,KOSPI
005800.KS,005800,KOSPI
248170.KS,248170,KOSPI
013570.KS,013570,KOSPI
024090.KS,024090,KOSPI
011700.KS,011700,KOSPI
035000.KS,035000,KOSPI
002220.KS,002220,KOSPI
363280.KS,363280,KOSPI
004150.KS,004150,KOSPI
002200.KS,002200,KOSPI
003580.KS,003580,KOSPI
004080.KS,004080,KOSPI
014580.KS,014580,KOSPI
010660.KS,010660,KOSPI
002620.KS,002620,KOSPI
019180.KS,019180,KOSPI
021820.KS,021820,KOSPI
002460.KS,002460,KOSPI
03473K.KS,03473K,KOSPI
267290.KS,267290,KOSPI
012800.KS,012800,KOSPI
005960.KS,005960,KOSPI
120030.KS,120030,KOSPI
044820.KS,044820,KOSPI
007110.KS,007110,KOSPI
267850.KS,267850,KOSPI
069460.KS,069460,KOSPI
139990.KS,139990,KOSPI
015590.KS,015590,KOSPI
020120.KS,020120,KOSPI
067830.KS,067830,KOSPI
014530.KS,014530,KOSPI
004140.KS,004140,KOSPI
063160.KS,063160,KOSPI
004960.KS,004960,KOSPI
101140.KS,101140,KOSPI
058850.KS,058850,KOSPI
016740.KS,016740,KOSPI
017370.KS,017370,KOSPI
013520.KS,013520,KOSPI
214330.KS,214330,KOSPI
014160.KS,014160,KOSPI
000105.KS,000105,KOSPI
007210.KS,007210,KOSPI
006660.KS,006660,KOSPI
013360.KS,013360,KOSPI
023800.KS,023800,KOSPI
227840.KS,227840,KOSPI
034590.KS,034590,KOSPI
005870.KS,005870,KOSPI
023450.KS,023450,KOSPI
011330.KS,011330,KOSPI
017900.KS,017900,KOSPI
011810.KS,011810,KOSPI
068290.KS,068290,KOSPI
001020.KS,001020,KOSPI
008700.KS,008700,KOSPI
264900.KS,264900,KOSPI
036580.KS,036580,KOSPI
017550.KS,017550,KOSPI
014790.KS,014790,KOSPI
004840.KS,004840,KOSPI
002450.KS,002450,KOSPI
003060.KS,003060,KOSPI
006840.KS,006840,KOSPI
011150.KS,011150,KOSPI
396690.KS,396690,KOSPI
119650.KS,119650,KOSPI
032560.KS,032560,KOSPI
002780.KS,002780,KOSPI
008260.KS,008260,KOSPI
000180.KS,000180,KOSPI
005740.KS,005740,KOSPI
480370.KS,480370,KOSPI
002720.KS,002720,KOSPI
33626K.KS,33626K,KOSPI
002600.KS,002600,KOSPI
058860.KS,058860,KOSPI
163560.KS,163560,KOSPI
007980.KS,007980,KOSPI
078935.KS,078935,KOSPI
023000.KS,023000,KOSPI
085310.KS,085310,KOSPI
002700.KS,002700,KOSPI
004720.KS,004720,KOSPI
014440.KS,014440,KOSPI
023810.KS,023810,KOSPI
000850.KS,000850,KOSPI
001560.KS,001560,KOSPI
004890.KS,004890,KOSPI
010960.KS,010960,KOSPI
111380.KS,111380,KOSPI
000590.KS,000590,KOSPI
096775.KS,096775,KOSPI
006490.KS,006490,KOSPI
013870.KS,013870,KOSPI
006890.KS,006890,KOSPI
079980.KS,079980,KOSPI
010040.KS,010040,KOSPI
007280.KS,007280,KOSPI
001275.KS,001275,KOSPI
372910.KS,372910,KOSPI
004100.KS,004100,KOSPI
338100.KS,338100,KOSPI
012690.KS,012690,KOSPI
009770.KS,009770,KOSPI
003780.KS,003780,KOSPI
092780.KS,092780,KOSPI
011390.KS,011390,KOSPI
001260.KS,001260,KOSPI
009180.KS,009180,KOSPI
006880.KS,006880,KOSPI
001470.KS,001470,KOSPI
009200.KS,009200,KOSPI
006090.KS,006090,KOSPI
007590.KS,007590,KOSPI
002795.KS,002795,KOSPI
005750.KS,005750,KOSPI
002760.KS,002760,KOSPI
000220.KS,000220,KOSPI
004830.KS,004830,KOSPI
018500.KS,018500,KOSPI
004440.KS,004440,KOSPI
071090.KS,071090,KOSPI
013700.KS,013700,KOSPI
055490.KS,055490,KOSPI
024900.KS,024900,KOSPI
031820.KS,031820,KOSPI
111110.KS,111110,KOSPI
120115.KS,120115,KOSPI
016090.KS,016090,KOSPI
37550L.KS,37550L,KOSPI
004540.KS,004540,KOSPI
129260.KS,129260,KOSPI
001290.KS,001290,KOSPI
001380.KS,001380,KOSPI
000910.KS,000910,KOSPI
092440.KS,092440,KOSPI
000725.KS,000725,KOSPI
002630.KS,002630,KOSPI
003010.KS,003010,KOSPI
133820.KS,133820,KOSPI
378850.KS,378850,KOSPI
004060.KS,004060,KOSPI
003925.KS,003925,KOSPI
001210.KS,001210,KOSPI
047400.KS,047400,KOSPI
357250.KS,357250,KOSPI
004910.KS,004910,KOSPI
100220.KS,100220,KOSPI
155660.KS,155660,KOSPI
011300.KS,011300,KOSPI
000950.KS,000950,KOSPI
017180.KS,017180,KOSPI
017040.KS,017040,KOSPI
004450.KS,004450,KOSPI
005305.KS,005305,KOSPI
001620.KS,001620,KOSPI
308170.KS,308170,KOSPI
004920.KS,004920,KOSPI
014990.KS,014990,KOSPI
002140.KS,002140,KOSPI
072130.KS,072130,KOSPI
058730.KS,058730,KOSPI
075180.KS,075180,KOSPI
023960.KS,023960,KOSPI
025560.KS,025560,KOSPI
041650.KS,041650,KOSPI
28513K.KS,28513K,KOSPI
123700.KS,123700,KOSPI
021050.KS,021050,KOSPI
001550.KS,001550,KOSPI
004770.KS,004770,KOSPI
011230.KS,011230,KOSPI
009190.KS,009190,KOSPI
000890.KS,000890,KOSPI
004410.KS,004410,KOSPI
071950.KS,071950,KOSPI
010770.KS,010770,KOSPI
007815.KS,007815,KOSPI
481850.KS,481850,KOSPI
011420.KS,011420,KOSPI
025530.KS,025530,KOSPI
009835.KS,009835,KOSPI
003080.KS,003080,KOSPI
069730.KS,069730,KOSPI
002920.KS,002920,KOSPI
006370.KS,006370,KOSPI
007610.KS,007610,KOSPI
090080.KS,090080,KOSPI
009320.KS,009320,KOSPI
002410.KS,002410,KOSPI
003475.KS,003475,KOSPI
093240.KS,093240,KOSPI
004870.KS,004870,KOSPI
051630.KS,051630,KOSPI
006980.KS,006980,KOSPI
023350.KS,023350,KOSPI
001465.KS,001465,KOSPI
118000.KS,118000,KOSPI
006125.KS,006125,KOSPI
002880.KS,002880,KOSPI
008870.KS,008870,KOSPI
025750.KS,025750,KOSPI
012160.KS,012160,KOSPI
027740.KS,027740,KOSPI
37550K.KS,37550K,KOSPI
012280.KS,012280,KOSPI
357430.KS,357430,KOSPI
006740.KS,006740,KOSPI
014910.KS,014910,KOSPI
019175.KS,019175,KOSPI
020760.KS,020760,KOSPI
008250.KS,008250,KOSPI
003465.KS,003465,KOSPI
109070.KS,109070,KOSPI
465770.KS,465770,KOSPI
145270.KS,145270,KOSPI
003535.KS,003535,KOSPI
008420.KS,008420,KOSPI
019490.KS,019490,KOSPI
000760.KS,000760,KOSPI
090370.KS,090370,KOSPI
026940.KS,026940,KOSPI
002360.KS,002360,KOSPI
049800.KS,049800,KOSPI
000215.KS,000215,KOSPI
134790.KS,134790,KOSPI
009810.KS,009810,KOSPI
000040.KS,000040,KOSPI
005030.KS,005030,KOSPI
074610.KS,074610,KOSPI
002870.KS,002870,KOSPI
33637K.KS,33637K,KOSPI
024890.KS,024890,KOSPI
005360.KS,005360,KOSPI
014130.KS,014130,KOSPI
001070.KS,001070,KOSPI
013000.KS,013000,KOSPI
023150.KS,023150,KOSPI
005820.KS,005820,KOSPI
446070.KS,446070,KOSPI
35320K.KS,35320K,KOSPI
004365.KS,004365,KOSPI
033250.KS,033250,KOSPI
002690.KS,002690,KOSPI
003680.KS,003680,KOSPI
006570.KS,006570,KOSPI
009140.KS,009140,KOSPI
006200.KS,006200,KOSPI
011090.KS,011090,KOSPI
007120.KS,007120,KOSPI
010400.KS,010400,KOSPI
002025.KS,002025,KOSPI
33626L.KS,33626L,KOSPI
009460.KS,009460,KOSPI
002820.KS,002820,KOSPI
004270.KS,004270,KOSPI
002420.KS,002420,KOSPI
010640.KS,010640,KOSPI
45226K.KS,45226K,KOSPI
069640.KS,069640,KOSPI
024070.KS,024070,KOSPI
005320.KS,005320,KOSPI
030720.KS,030720,KOSPI
005110.KS,005110,KOSPI
008775.KS,008775,KOSPI
044380.KS,044380,KOSPI
003495.KS,003495,KOSPI
002210.KS,002210,KOSPI
143210.KS,143210,KOSPI
008600.KS,008600,KOSPI
002070.KS,002070,KOSPI
084870.KS,084870,KOSPI
001420.KS,001420,KOSPI
088790.KS,088790,KOSPI
015020.KS,015020,KOSPI
002355.KS,002355,KOSPI
001685.KS,001685,KOSPI
00499K.KS,00499K,KOSPI
019685.KS,019685,KOSPI
001770.KS,001770,KOSPI
005257.KS,005257,KOSPI
145210.KS,145210,KOSPI
18064K.KS,18064K,KOSPI
012170.KS,012170,KOSPI
025890.KS,025890,KOSPI
015260.KS,015260,KOSPI
009310.KS,009310,KOSPI
008500.KS,008500,KOSPI
009440.KS,009440,KOSPI
108675.KS,108675,KOSPI
000087.KS,000087,KOSPI
001795.KS,001795,KOSPI
204210.KS,204210,KOSPI
005725.KS,005725,KOSPI
152550.KS,152550,KOSPI
140910.KS,140910,KOSPI
145995.KS,145995,KOSPI
33637L.KS,33637L,KOSPI
38380K.KS,38380K,KOSPI
001067.KS,001067,KOSPI
004255.KS,004255,KOSPI
084695.KS,084695,KOSPI
00806K.KS,00806K,KOSPI
00781K.KS,00781K,KOSPI
004105.KS,004105,KOSPI
000225.KS,000225,KOSPI
003075.KS,003075,KOSPI
001755.KS,001755,KOSPI
001065.KS,001065,KOSPI
004835.KS,004835,KOSPI
012205.KS,012205,KOSPI
006345.KS,006345,KOSPI
001515.KS,001515,KOSPI
004985.KS,004985,KOSPI
000325.KS,000325,KOSPI
26490K.KS,26490K,KOSPI
090355.KS,090355,KOSPI
007575.KS,007575,KOSPI
000145.KS,000145,KOSPI
000545.KS,000545,KOSPI
009415.KS,009415,KOSPI
36328K.KS,36328K,KOSPI
008355.KS,008355,KOSPI
002995.KS,002995,KOSPI
014285.KS,014285,KOSPI
005745.KS,005745,KOSPI
014825.KS,014825,KOSPI
005965.KS,005965,KOSPI
004545.KS,004545,KOSPI
000227.KS,000227,KOSPI
011155.KS,011155,KOSPI
001525.KS,001525,KOSPI
002785.KS,002785,KOSPI
014915.KS,014915,KOSPI
001527.KS,001527,KOSPI
004415.KS,004415,KOSPI
002787.KS,002787,KOSPI
196170.KQ,196170,KOSDAQ
086520.KQ,086520,KOSDAQ
247540.KQ,247540,KOSDAQ
277810.KQ,277810,KOSDAQ
298380.KQ,298380,KOSDAQ
000250.KQ,000250,KOSDAQ
028300.KQ,028300,KOSDAQ
950160.KQ,950160,KOSDAQ
141080.KQ,141080,KOSDAQ
087010.KQ,087010,KOSDAQ
058470.KQ,058470,KOSDAQ
214370.KQ,214370,KOSDAQ
214450.KQ,214450,KOSDAQ
240810.KQ,240810,KOSDAQ
140410.KQ,140410,KOSDAQ
108490.KQ,108490,KOSDAQ
214150.KQ,214150,KOSDAQ
347850.KQ,347850,KOSDAQ
039030.KQ,039030,KOSDAQ
310210.KQ,310210,KOSDAQ
0009K0.KQ,0009K0,KOSDAQ
403870.KQ,403870,KOSDAQ
145020.KQ,145020,KOSDAQ
319400.KQ,319400,KOSDAQ
263750.KQ,263750,KOSDAQ
058610.KQ,058610,KOSDAQ
068760.KQ,068760,KOSDAQ
357780.KQ,357780,KOSDAQ
030530.KQ,030530,KOSDAQ
257720.KQ,257720,KOSDAQ
237690.KQ,237690,KOSDAQ
226950.KQ,226950,KOSDAQ
095340.KQ,095340,KOSDAQ
041510.KQ,041510,KOSDAQ
160190.KQ,160190,KOSDAQ
035900.KQ,035900,KOSDAQ
064760.KQ,064760,KOSDAQ
005290.KQ,005290,KOSDAQ
475830.KQ,475830,KOSDAQ
067310.KQ,067310,KOSDAQ
084370.KQ,084370,KOSDAQ
098460.KQ,098460,KOSDAQ
083650.KQ,083650,KOSDAQ
222800.KQ,222800,KOSDAQ
476830.KQ,476830,KOSDAQ
437730.KQ,437730,KOSDAQ
323280.KQ,323280,KOSDAQ
140860.KQ,140860,KOSDAQ
445680.KQ,445680,KOSDAQ
039200.KQ,039200,KOSDAQ
065350.KQ,065350,KOSDAQ
491000.KQ,491000,KOSDAQ
101490.KQ,101490,KOSDAQ
458870.KQ,458870,KOSDAQ
348370.KQ,348370,KOSDAQ
178320.KQ,178320,KOSDAQ
090710.KQ,090710,KOSDAQ
290650.KQ,290650,KOSDAQ
466100.KQ,466100,KOSDAQ
036930.KQ,036930,KOSDAQ
082270.KQ,082270,KOSDAQ
388720.KQ,388720,KOSDAQ
281740.KQ,281740,KOSDAQ
099320.KQ,099320,KOSDAQ
089030.KQ,089030,KOSDAQ
060370.KQ,060370,KOSDAQ
085660.KQ,085660,KOSDAQ
031980.KQ,031980,KOSDAQ
232140.KQ,232140,KOSDAQ
035760.KQ,035760,KOSDAQ
007390.KQ,007390,KOSDAQ
319660.KQ,319660,KOSDAQ
293490.KQ,293490,KOSDAQ
195940.KQ,195940,KOSDAQ
003380.KQ,003380,KOSDAQ
253450.KQ,253450,KOSDAQ
032820.KQ,032820,KOSDAQ
096530.KQ,096530,KOSDAQ
204270.KQ,204270,KOSDAQ
456160.KQ,456160,KOSDAQ
122870.KQ,122870,KOSDAQ
328130.KQ,328130,KOSDAQ
397030.KQ,397030,KOSDAQ
131970.KQ,131970,KOSDAQ
095610.KQ,095610,KOSDAQ
166090.KQ,166090,KOSDAQ
183300.KQ,183300,KOSDAQ
174900.KQ,174900,KOSDAQ
115180.KQ,115180,KOSDAQ
056080.KQ,056080,KOSDAQ
080220.KQ,080220,KOSDAQ
161580.KQ,161580,KOSDAQ
388210.KQ,388210,KOSDAQ
078600.KQ,078600,KOSDAQ
137400.KQ,137400,KOSDAQ
218410.KQ,218410,KOSDAQ
036830.KQ,036830,KOSDAQ
124500.KQ,124500,KOSDAQ
348340.KQ,348340,KOSDAQ
056190.KQ,056190,KOSDAQ
112040.KQ,112040,KOSDAQ
036810.KQ,036810,KOSDAQ
043260.KQ,043260,KOSDAQ
358570.KQ,358570,KOSDAQ
347700.KQ,347700,KOSDAQ
440110.KQ,440110,KOSDAQ
389470.KQ,389470,KOSDAQ
376900.KQ,376900,KOSDAQ
036540.KQ,036540,KOSDAQ
417200.KQ,417200,KOSDAQ
086900.KQ,086900,KOSDAQ
295310.KQ,295310,KOSDAQ
032190.KQ,032190,KOSDAQ
490470.KQ,490470,KOSDAQ
213420.KQ,213420,KOSDAQ
348210.KQ,348210,KOSDAQ
006730.KQ,006730,KOSDAQ
082920.KQ,082920,KOSDAQ
486990.KQ,486990,KOSDAQ
042000.KQ,042000,KOSDAQ
078160.KQ,078160,KOSDAQ
189300.KQ,189300,KOSDAQ
241710.KQ,241710,KOSDAQ
052400.KQ,052400,KOSDAQ
222080.KQ,222080,KOSDAQ
376300.KQ,376300,KOSDAQ
131290.KQ,131290,KOSDAQ
365340.KQ,365340,KOSDAQ
048410.KQ,048410,KOSDAQ
468530.KQ,468530,KOSDAQ
121600.KQ,121600,KOSDAQ
225570.KQ,225570,KOSDAQ
090360.KQ,090360,KOSDAQ
476060.KQ,476060,KOSDAQ
033500.KQ,033500,KOSDAQ
060250.KQ,060250,KOSDAQ
399720.KQ,399720,KOSDAQ
214430.KQ,214430,KOSDAQ
009520.KQ,009520,KOSDAQ
014620.KQ,014620,KOSDAQ
067160.KQ,067160,KOSDAQ
424870.KQ,424870,KOSDAQ
086450.KQ,086450,KOSDAQ
336570.KQ,336570,KOSDAQ
251970.KQ,251970,KOSDAQ
100790.KQ,100790,KOSDAQ
102710.KQ,102710,KOSDAQ
060280.KQ,060280,KOSDAQ
025980.KQ,025980,KOSDAQ
287840.KQ,287840,KOSDAQ
127120.KQ,127120,KOSDAQ
383310.KQ,383310,KOSDAQ
032500.KQ,032500,KOSDAQ
102940.KQ,102940,KOSDAQ
211050.KQ,211050,KOSDAQ
053800.KQ,053800,KOSDAQ
372320.KQ,372320,KOSDAQ
074600.KQ,074600,KOSDAQ
038500.KQ,038500,KOSDAQ
253590.KQ,253590,KOSDAQ
023160.KQ,023160,KOSDAQ
089970.KQ,089970,KOSDAQ
278280.KQ,278280,KOSDAQ
033100.KQ,033100,KOSDAQ
420770.KQ,420770,KOSDAQ
025320.KQ,025320,KOSDAQ
041190.KQ,041190,KOSDAQ
018290.KQ,018290,KOSDAQ
125490.KQ,125490,KOSDAQ
064260.KQ,064260,KOSDAQ
093320.KQ,093320,KOSDAQ
488900.KQ,488900,KOSDAQ
126340.KQ,126340,KOSDAQ
101730.KQ,101730,KOSDAQ
047920.KQ,047920,KOSDAQ
084110.KQ,084110,KOSDAQ
095660.KQ,095660,KOSDAQ
460930.KQ,460930,KOSDAQ
030520.KQ,030520,KOSDAQ
015750.KQ,015750,KOSDAQ
475960.KQ,475960,KOSDAQ
079370.KQ,079370,KOSDAQ
044490.KQ,044490,KOSDAQ
376270.KQ,376270,KOSDAQ
389650.KQ,389650,KOSDAQ
272290.KQ,272290,KOSDAQ
067630.KQ,067630,KOSDAQ
356860.KQ,356860,KOSDAQ
228760.KQ,228760,KOSDAQ
119850.KQ,119850,KOSDAQ
049630.KQ,049630,KOSDAQ
089010.KQ,089010,KOSDAQ
036620.KQ,036620,KOSDAQ
094170.KQ,094170,KOSDAQ
455900.KQ,455900,KOSDAQ
220100.KQ,220100,KOSDAQ
478340.KQ,478340,KOSDAQ
117730.KQ,117730,KOSDAQ
083450.KQ,083450,KOSDAQ
069080.KQ,069080,KOSDAQ
171090.KQ,171090,KOSDAQ
252990.KQ,252990,KOSDAQ
059090.KQ,059090,KOSDAQ
484590.KQ,484590,KOSDAQ
052020.KQ,052020,KOSDAQ
200710.KQ,200710,KOSDAQ
215600.KQ,215600,KOSDAQ
025900.KQ,025900,KOSDAQ
053030.KQ,053030,KOSDAQ
368770.KQ,368770,KOSDAQ
199800.KQ,199800,KOSDAQ
045100.KQ,045100,KOSDAQ
041960.KQ,041960,KOSDAQ
039440.KQ,039440,KOSDAQ
058970.KQ,058970,KOSDAQ
194480.KQ,194480,KOSDAQ
050890.KQ,050890,KOSDAQ
318060.KQ,318060,KOSDAQ
389500.KQ,389500,KOSDAQ
230360.KQ,230360,KOSDAQ
450950.KQ,450950,KOSDAQ
475400.KQ,475400,KOSDAQ
179900.KQ,179900,KOSDAQ
352480.KQ,352480,KOSDAQ
104830.KQ,104830,KOSDAQ
114190.KQ,114190,KOSDAQ
298830.KQ,298830,KOSDAQ
200670.KQ,200670,KOSDAQ
215200.KQ,215200,KOSDAQ
494120.KQ,494120,KOSDAQ
089890.KQ,089890,KOSDAQ
394800.KQ,394800,KOSDAQ
107640.KQ,107640,KOSDAQ
425420.KQ,425420,KOSDAQ
079940.KQ,079940,KOSDAQ
464080.KQ,464080,KOSDAQ
099440.KQ,099440,KOSDAQ
031330.KQ,031330,KOSDAQ
078340.KQ,078340,KOSDAQ
448900.KQ,448900,KOSDAQ
099190.KQ,099190,KOSDAQ
053610.KQ,053610,KOSDAQ
034950.KQ,034950,KOSDAQ
010170.KQ,010170,KOSDAQ
309710.KQ,309710,KOSDAQ
046890.KQ,046890,KOSDAQ
206650.KQ,206650,KOSDAQ
304360.KQ,304360,KOSDAQ
200130.KQ,200130,KOSDAQ
122640.KQ,122640,KOSDAQ
078350.KQ,078350,KOSDAQ
024850.KQ,024850,KOSDAQ
041830.KQ,041830,KOSDAQ
027360.KQ,027360,KOSDAQ
462350.KQ,462350,KOSDAQ
144510.KQ,144510,KOSDAQ
101360.KQ,101360,KOSDAQ
065660.KQ,065660,KOSDAQ
033640.KQ,033640,KOSDAQ
098070.KQ,098070,KOSDAQ
317330.KQ,317330,KOSDAQ
101930.KQ,101930,KOSDAQ
094480.KQ,094480,KOSDAQ
138610.KQ,138610,KOSDAQ
459510.KQ,459510,KOSDAQ
340570.KQ,340570,KOSDAQ
094360.KQ,094360,KOSDAQ
078130.KQ,078130,KOSDAQ
101160.KQ,101160,KOSDAQ
091700.KQ,091700,KOSDAQ
168360.KQ,168360,KOSDAQ
200470.KQ,200470,KOSDAQ
042520.KQ,042520,KOSDAQ
014940.KQ,014940,KOSDAQ
095500.KQ,095500,KOSDAQ
314930.KQ,314930,KOSDAQ
338840.KQ,338840,KOSDAQ
304100.KQ,304100,KOSDAQ
114810.KQ,114810,KOSDAQ
006910.KQ,006910,KOSDAQ
199430.KQ,199430,KOSDAQ
013030.KQ,013030,KOSDAQ
419530.KQ,419530,KOSDAQ
049070.KQ,049070,KOSDAQ
215000.KQ,215000,KOSDAQ
003800.KQ,003800,KOSDAQ
441270.KQ,441270,KOSDAQ
035890.KQ,035890,KOSDAQ
0015G0.KQ,0015G0,KOSDAQ
354320.KQ,354320,KOSDAQ
378340.KQ,378340,KOSDAQ
033790.KQ,033790,KOSDAQ
445090.KQ,445090,KOSDAQ
481070.KQ,481070,KOSDAQ
110990.KQ,110990,KOSDAQ
474650.KQ,474650,KOSDAQ
077360.KQ,077360,KOSDAQ
064820.KQ,064820,KOSDAQ
108860.KQ,108860,KOSDAQ
064550.KQ,064550,KOSDAQ
403850.KQ,403850,KOSDAQ
462860.KQ,462860,KOSDAQ
060720.KQ,060720,KOSDAQ
216080.KQ,216080,KOSDAQ
294570.KQ,294570,KOSDAQ
156100.KQ,156100,KOSDAQ
0007C0.KQ,0007C0,KOSDAQ
180400.KQ,180400,KOSDAQ
256840.KQ,256840,KOSDAQ
099430.KQ,099430,KOSDAQ
190510.KQ,190510,KOSDAQ
236200.KQ,236200,KOSDAQ
270660.KQ,270660,KOSDAQ
448280.KQ,448280,KOSDAQ
037460.KQ,037460,KOSDAQ
332570.KQ,332570,KOSDAQ
416180.KQ,416180,KOSDAQ
203400.KQ,203400,KOSDAQ
357550.KQ,357550,KOSDAQ
452430.KQ,452430,KOSDAQ
243070.KQ,243070,KOSDAQ
036200.KQ,036200,KOSDAQ
035810.KQ,035810,KOSDAQ
950250.KQ,950250,KOSDAQ
484810.KQ,484810,KOSDAQ
136480.KQ,136480,KOSDAQ
394280.KQ,394280,KOSDAQ
314130.KQ,314130,KOSDAQ
012860.KQ,012860,KOSDAQ
051500.KQ,051500,KOSDAQ
274090.KQ,274090,KOSDAQ
451760.KQ,451760,KOSDAQ
265520.KQ,265520,KOSDAQ
234340.KQ,234340,KOSDAQ
204620.KQ,204620,KOSDAQ
308430.KQ,308430,KOSDAQ
140670.KQ,140670,KOSDAQ
482630.KQ,482630,KOSDAQ
0008Z0.KQ,0008Z0,KOSDAQ
041920.KQ,041920,KOSDAQ
035600.KQ,035600,KOSDAQ
338220.KQ,338220,KOSDAQ
054950.KQ,054950,KOSDAQ
402030.KQ,402030,KOSDAQ
206640.KQ,206640,KOSDAQ
093520.KQ,093520,KOSDAQ
067080.KQ,067080,KOSDAQ
389260.KQ,389260,KOSDAQ
151860.KQ,151860,KOSDAQ
051980.KQ,051980,KOSDAQ
393890.KQ,393890,KOSDAQ
472850.KQ,472850,KOSDAQ
092730.KQ,092730,KOSDAQ
023410.KQ,023410,KOSDAQ
086390.KQ,086390,KOSDAQ
036890.KQ,036890,KOSDAQ
058820.KQ,058820,KOSDAQ
092870.KQ,092870,KOSDAQ
045390.KQ,045390,KOSDAQ
025770.KQ,025770,KOSDAQ
900290.KQ,900290,KOSDAQ
372170.KQ,372170,KOSDAQ
078020.KQ,078020,KOSDAQ
043150.KQ,043150,KOSDAQ
418550.KQ,418550,KOSDAQ
170920.KQ,170920,KOSDAQ
115450.KQ,115450,KOSDAQ
211270.KQ,211270,KOSDAQ
018310.KQ,018310,KOSDAQ
300080.KQ,300080,KOSDAQ
080580.KQ,080580,KOSDAQ
065680.KQ,065680,KOSDAQ
053300.KQ,053300,KOSDAQ
002230.KQ,002230,KOSDAQ
255220.KQ,255220,KOSDAQ
473980.KQ,473980,KOSDAQ
382900.KQ,382900,KOSDAQ
092460.KQ,092460,KOSDAQ
484120.KQ,484120,KOSDAQ
101170.KQ,101170,KOSDAQ
042370.KQ,042370,KOSDAQ
082800.KQ,082800,KOSDAQ
032940.KQ,032940,KOSDAQ
267980.KQ,267980,KOSDAQ
034810.KQ,034810,KOSDAQ
013120.KQ,013120,KOSDAQ
051370.KQ,051370,KOSDAQ
061090.KQ,061090,KOSDAQ
084990.KQ,084990,KOSDAQ
065710.KQ,065710,KOSDAQ
327260.KQ,327260,KOSDAQ
950170.KQ,950170,KOSDAQ
144960.KQ,144960,KOSDAQ
194700.KQ,194700,KOSDAQ
054210.KQ,054210,KOSDAQ
089980.KQ,089980,KOSDAQ
182400.KQ,182400,KOSDAQ
114840.KQ,114840,KOSDAQ
299030.KQ,299030,KOSDAQ
108380.KQ,108380,KOSDAQ
452450.KQ,452450,KOSDAQ
005710.KQ,005710,KOSDAQ
019210.KQ,019210,KOSDAQ
389020.KQ,389020,KOSDAQ
176750.KQ,176750,KOSDAQ
121800.KQ,121800,KOSDAQ
285490.KQ,285490,KOSDAQ
214180.KQ,214180,KOSDAQ
457550.KQ,457550,KOSDAQ
322310.KQ,322310,KOSDAQ
023760.KQ,023760,KOSDAQ
126700.KQ,126700,KOSDAQ
380550.KQ,380550,KOSDAQ
377460.KQ,377460,KOSDAQ
217270.KQ,217270,KOSDAQ
126600.KQ,126600,KOSDAQ
041020.KQ,041020,KOSDAQ
061970.KQ,061970,KOSDAQ
0015S0.KQ,0015S0,KOSDAQ
067390.KQ,067390,KOSDAQ
488280.KQ,488280,KOSDAQ
043370.KQ,043370,KOSDAQ
254490.KQ,254490,KOSDAQ
179290.KQ,179290,KOSDAQ
118990.KQ,118990,KOSDAQ
293780.KQ,293780,KOSDAQ
371950.KQ,371950,KOSDAQ
086890.KQ,086890,KOSDAQ
264850.KQ,264850,KOSDAQ
241770.KQ,241770,KOSDAQ
012210.KQ,012210,KOSDAQ
474170.KQ,474170,KOSDAQ
018000.KQ,018000,KOSDAQ
054450.KQ,054450,KOSDAQ
051360.KQ,051360,KOSDAQ
234030.KQ,234030,KOSDAQ
112290.KQ,112290,KOSDAQ
083310.KQ,083310,KOSDAQ
323990.KQ,323990,KOSDAQ
237880.KQ,237880,KOSDAQ
439090.KQ,439090,KOSDAQ
094820.KQ,094820,KOSDAQ
243840.KQ,243840,KOSDAQ
036800.KQ,036800,KOSDAQ
353810.KQ,353810,KOSDAQ
950140.KQ,950140,KOSDAQ
036030.KQ,036030,KOSDAQ
033160.KQ,033160,KOSDAQ
095700.KQ,095700,KOSDAQ
334970.KQ,334970,KOSDAQ
100120.KQ,100120,KOSDAQ
235980.KQ,235980,KOSDAQ
088800.KQ,088800,KOSDAQ
115310.KQ,115310,KOSDAQ
469610.KQ,469610,KOSDAQ
084850.KQ,084850,KOSDAQ
456010.KQ,456010,KOSDAQ
102120.KQ,102120,KOSDAQ
079960.KQ,079960,KOSDAQ
039840.KQ,039840,KOSDAQ
272110.KQ,272110,KOSDAQ
199820.KQ,199820,KOSDAQ
042420.KQ,042420,KOSDAQ
064290.KQ,064290,KOSDAQ
290740.KQ,290740,KOSDAQ
330860.KQ,330860,KOSDAQ
215100.KQ,215100,KOSDAQ
017890.KQ,017890,KOSDAQ
047560.KQ,047560,KOSDAQ
073490.KQ,073490,KOSDAQ
476040.KQ,476040,KOSDAQ
219130.KQ,219130,KOSDAQ
361390.KQ,361390,KOSDAQ
241520.KQ,241520,KOSDAQ
047310.KQ,047310,KOSDAQ
282880.KQ,282880,KOSDAQ
123410.KQ,123410,KOSDAQ
068930.KQ,068930,KOSDAQ
356680.KQ,356680,KOSDAQ
107600.KQ,107600,KOSDAQ
083930.KQ,083930,KOSDAQ
048870.KQ,048870,KOSDAQ
036560.KQ,036560,KOSDAQ
232680.KQ,232680,KOSDAQ
260970.KQ,260970,KOSDAQ
0004V0.KQ,0004V0,KOSDAQ
405100.KQ,405100,KOSDAQ
432720.KQ,432720,KOSDAQ
461300.KQ,461300,KOSDAQ
092070.KQ,092070,KOSDAQ
182360.KQ,182360,KOSDAQ
060150.KQ,060150,KOSDAQ
290690.KQ,290690,KOSDAQ
032620.KQ,032620,KOSDAQ
038390.KQ,038390,KOSDAQ
080160.KQ,080160,KOSDAQ
046440.KQ,046440,KOSDAQ
166480.KQ,166480,KOSDAQ
377450.KQ,377450,KOSDAQ
123860.KQ,123860,KOSDAQ
217730.KQ,217730,KOSDAQ
251370.KQ,251370,KOSDAQ
417010.KQ,417010,KOSDAQ
267320.KQ,267320,KOSDAQ
091580.KQ,091580,KOSDAQ
425040.KQ,425040,KOSDAQ
039860.KQ,039860,KOSDAQ
036190.KQ,036190,KOSDAQ
078150.KQ,078150,KOSDAQ
121440.KQ,121440,KOSDAQ
109740.KQ,109740,KOSDAQ
256940.KQ,256940,KOSDAQ
138080.KQ,138080,KOSDAQ
024060.KQ,024060,KOSDAQ
138360.KQ,138360,KOSDAQ
054540.KQ,054540,KOSDAQ
217820.KQ,217820,KOSDAQ
086820.KQ,086820,KOSDAQ
360070.KQ,360070,KOSDAQ
230240.KQ,230240,KOSDAQ
475230.KQ,475230,KOSDAQ
489460.KQ,489460,KOSDAQ
458650.KQ,458650,KOSDAQ
143160.KQ,143160,KOSDAQ
160980.KQ,160980,KOSDAQ
059270.KQ,059270,KOSDAQ
217330.KQ,217330,KOSDAQ
146320.KQ,146320,KOSDAQ
078070.KQ,078070,KOSDAQ
381620.KQ,381620,KOSDAQ
322180.KQ,322180,KOSDAQ
092130.KQ,092130,KOSDAQ
119610.KQ,119610,KOSDAQ
322510.KQ,322510,KOSDAQ
333430.KQ,333430,KOSDAQ
016790.KQ,016790,KOSDAQ
452280.KQ,452280,KOSDAQ
073010.KQ,073010,KOSDAQ
365270.KQ,365270,KOSDAQ
042600.KQ,042600,KOSDAQ
340450.KQ,340450,KOSDAQ
108230.KQ,108230,KOSDAQ
456070.KQ,456070,KOSDAQ
489500.KQ,489500,KOSDAQ
038290.KQ,038290,KOSDAQ
380540.KQ,380540,KOSDAQ
220260.KQ,220260,KOSDAQ
264660.KQ,264660,KOSDAQ
226590.KQ,226590,KOSDAQ
158430.KQ,158430,KOSDAQ
413630.KQ,413630,KOSDAQ
019010.KQ,019010,KOSDAQ
098120.KQ,098120,KOSDAQ
119830.KQ,119830,KOSDAQ
214680.KQ,214680,KOSDAQ
290550.KQ,290550,KOSDAQ
148150.KQ,148150,KOSDAQ
101970.KQ,101970,KOSDAQ
011040.KQ,011040,KOSDAQ
067280.KQ,067280,KOSDAQ
365330.KQ,365330,KOSDAQ
336680.KQ,336680,KOSDAQ
263860.KQ,263860,KOSDAQ
418420.KQ,418420,KOSDAQ
297890.KQ,297890,KOSDAQ
023910.KQ,023910,KOSDAQ
321370.KQ,321370,KOSDAQ
052330.KQ,052330,KOSDAQ
305090.KQ,305090,KOSDAQ
040300.KQ,040300,KOSDAQ
308080.KQ,308080,KOSDAQ
464490.KQ,464490,KOSDAQ
250060.KQ,250060,KOSDAQ
264450.KQ,264450,KOSDAQ
053700.KQ,053700,KOSDAQ
246710.KQ,246710,KOSDAQ
321550.KQ,321550,KOSDAQ
085910.KQ,085910,KOSDAQ
136150.KQ,136150,KOSDAQ
049950.KQ,049950,KOSDAQ
234690.KQ,234690,KOSDAQ
071200.KQ,071200,KOSDAQ
053080.KQ,053080,KOSDAQ
003310.KQ,003310,KOSDAQ
033340.KQ,033340,KOSDAQ
036220.KQ,036220,KOSDAQ
388050.KQ,388050,KOSDAQ
439580.KQ,439580,KOSDAQ
085670.KQ,085670,KOSDAQ
307750.KQ,307750,KOSDAQ
203650.KQ,203650,KOSDAQ
067000.KQ,067000,KOSDAQ
382840.KQ,382840,KOSDAQ
054920.KQ,054920,KOSDAQ
445180.KQ,445180,KOSDAQ
122990.KQ,122990,KOSDAQ
460940.KQ,460940,KOSDAQ
294140.KQ,294140,KOSDAQ
187660.KQ,187660,KOSDAQ
095190.KQ,095190,KOSDAQ
066620.KQ,066620,KOSDAQ
293580.KQ,293580,KOSDAQ
080420.KQ,080420,KOSDAQ
297090.KQ,297090,KOSDAQ
240550.KQ,240550,KOSDAQ
086980.KQ,086980,KOSDAQ
045970.KQ,045970,KOSDAQ
104480.KQ,104480,KOSDAQ
008830.KQ,008830,KOSDAQ
035080.KQ,035080,KOSDAQ
066410.KQ,066410,KOSDAQ
025950.KQ,025950,KOSDAQ
046070.KQ,046070,KOSDAQ
096250.KQ,096250,KOSDAQ
417970.KQ,417970,KOSDAQ
310200.KQ,310200,KOSDAQ
069510.KQ,069510,KOSDAQ
101670.KQ,101670,KOSDAQ
021080.KQ,021080,KOSDAQ
337930.KQ,337930,KOSDAQ
331740.KQ,331740,KOSDAQ
086960.KQ,086960,KOSDAQ
104460.KQ,104460,KOSDAQ
122450.KQ,122450,KOSDAQ
013990.KQ,013990,KOSDAQ
007330.KQ,007330,KOSDAQ
317830.KQ,317830,KOSDAQ
011560.KQ,011560,KOSDAQ
299170.KQ,299170,KOSDAQ
205100.KQ,205100,KOSDAQ
006620.KQ,006620,KOSDAQ
259630.KQ,259630,KOSDAQ
123330.KQ,123330,KOSDAQ
039830.KQ,039830,KOSDAQ
014950.KQ,014950,KOSDAQ
143240.KQ,143240,KOSDAQ
263720.KQ,263720,KOSDAQ
005160.KQ,005160,KOSDAQ
126730.KQ,126730,KOSDAQ
432470.KQ,432470,KOSDAQ
223250.KQ,223250,KOSDAQ
056090.KQ,056090,KOSDAQ
063080.KQ,063080,KOSDAQ
023600.KQ,023600,KOSDAQ
289930.KQ,289930,KOSDAQ
017510.KQ,017510,KOSDAQ
041440.KQ,041440,KOSDAQ
493330.KQ,493330,KOSDAQ
307180.KQ,307180,KOSDAQ
029480.KQ,029480,KOSDAQ
208370.KQ,208370,KOSDAQ
101330.KQ,101330,KOSDAQ
052710.KQ,052710,KOSDAQ
037070.KQ,037070,KOSDAQ
402490.KQ,402490,KOSDAQ
463020.KQ,463020,KOSDAQ
950130.KQ,950130,KOSDAQ
052420.KQ,052420,KOSDAQ
408920.KQ,408920,KOSDAQ
443670.KQ,443670,KOSDAQ
091120.KQ,091120,KOSDAQ
123040.KQ,123040,KOSDAQ
071280.KQ,071280,KOSDAQ
063570.KQ,063570,KOSDAQ
424960.KQ,424960,KOSDAQ
255440.KQ,255440,KOSDAQ
049720.KQ,049720,KOSDAQ
377480.KQ,377480,KOSDAQ
068790.KQ,068790,KOSDAQ
147830.KQ,147830,KOSDAQ
005990.KQ,005990,KOSDAQ
131030.KQ,131030,KOSDAQ
357580.KQ,357580,KOSDAQ
125020.KQ,125020,KOSDAQ
366030.KQ,366030,KOSDAQ
053580.KQ,053580,KOSDAQ
142210.KQ,142210,KOSDAQ
032300.KQ,032300,KOSDAQ
074430.KQ,074430,KOSDAQ
192440.KQ,192440,KOSDAQ
205500.KQ,205500,KOSDAQ
309960.KQ,309960,KOSDAQ
089600.KQ,089600,KOSDAQ
475580.KQ,475580,KOSDAQ
009780.KQ,009780,KOSDAQ
251120.KQ,251120,KOSDAQ
036710.KQ,036710,KOSDAQ
278650.KQ,278650,KOSDAQ
039560.KQ,039560,KOSDAQ
039980.KQ,039980,KOSDAQ
109610.KQ,109610,KOSDAQ
059210.KQ,059210,KOSDAQ
417840.KQ,417840,KOSDAQ
044990.KQ,044990,KOSDAQ
136540.KQ,136540,KOSDAQ
013310.KQ,013310,KOSDAQ
063170.KQ,063170,KOSDAQ
083500.KQ,083500,KOSDAQ
289080.KQ,289080,KOSDAQ
054050.KQ,054050,KOSDAQ
389030.KQ,389030,KOSDAQ
084650.KQ,084650,KOSDAQ
078140.KQ,078140,KOSDAQ
038110.KQ,038110,KOSDAQ
461030.KQ,461030,KOSDAQ
096240.KQ,096240,KOSDAQ
205470.KQ,205470,KOSDAQ
217500.KQ,217500,KOSDAQ
201490.KQ,201490,KOSDAQ
226400.KQ,226400,KOSDAQ
269620.KQ,269620,KOSDAQ
081180.KQ,081180,KOSDAQ
370090.KQ,370090,KOSDAQ
052260.KQ,052260,KOSDAQ
131370.KQ,131370,KOSDAQ
072870.KQ,072870,KOSDAQ
049430.KQ,049430,KOSDAQ
388870.KQ,388870,KOSDAQ
453450.KQ,453450,KOSDAQ
003100.KQ,003100,KOSDAQ
007820.KQ,007820,KOSDAQ
282720.KQ,282720,KOSDAQ
149950.KQ,149950,KOSDAQ
048550.KQ,048550,KOSDAQ
251630.KQ,251630,KOSDAQ
212560.KQ,212560,KOSDAQ
099750.KQ,099750,KOSDAQ
131400.KQ,131400,KOSDAQ
027710.KQ,027710,KOSDAQ
067990.KQ,067990,KOSDAQ
246720.KQ,246720,KOSDAQ
030960.KQ,030960,KOSDAQ
048530.KQ,048530,KOSDAQ
092190.KQ,092190,KOSDAQ
066590.KQ,066590,KOSDAQ
106190.KQ,106190,KOSDAQ
046120.KQ,046120,KOSDAQ
950220.KQ,950220,KOSDAQ
105550.KQ,105550,KOSDAQ
039340.KQ,039340,KOSDAQ
172670.KQ,172670,KOSDAQ
049960.KQ,049960,KOSDAQ
093640.KQ,093640,KOSDAQ
362320.KQ,362320,KOSDAQ
288330.KQ,288330,KOSDAQ
006140.KQ,006140,KOSDAQ
078890.KQ,078890,KOSDAQ
067900.KQ,067900,KOSDAQ
459550.KQ,459550,KOSDAQ
051160.KQ,051160,KOSDAQ
389140.KQ,389140,KOSDAQ
0015N0.KQ,0015N0,KOSDAQ
396470.KQ,396470,KOSDAQ
090850.KQ,090850,KOSDAQ
413390.KQ,413390,KOSDAQ
191420.KQ,191420,KOSDAQ
086670.KQ,086670,KOSDAQ
079810.KQ,079810,KOSDAQ
019550.KQ,019550,KOSDAQ
068240.KQ,068240,KOSDAQ
049520.KQ,049520,KOSDAQ
054800.KQ,054800,KOSDAQ
418470.KQ,418470,KOSDAQ
209640.KQ,209640,KOSDAQ
277880.KQ,277880,KOSDAQ
306040.KQ,306040,KOSDAQ
005860.KQ,005860,KOSDAQ
021320.KQ,021320,KOSDAQ
024880.KQ,024880,KOSDAQ
047820.KQ,047820,KOSDAQ
347890.KQ,347890,KOSDAQ
443250.KQ,443250,KOSDAQ
115500.KQ,115500,KOSDAQ
093190.KQ,093190,KOSDAQ
033290.KQ,033290,KOSDAQ
018120.KQ,018120,KOSDAQ
214260.KQ,214260,KOSDAQ
086710.KQ,086710,KOSDAQ
299900.KQ,299900,KOSDAQ
355150.KQ,355150,KOSDAQ
452190.KQ,452190,KOSDAQ
311690.KQ,311690,KOSDAQ
041590.KQ,041590,KOSDAQ
298540.KQ,298540,KOSDAQ
411080.KQ,411080,KOSDAQ
163730.KQ,163730,KOSDAQ
391710.KQ,391710,KOSDAQ
306620.KQ,306620,KOSDAQ
047770.KQ,047770,KOSDAQ
382150.KQ,382150,KOSDAQ
348150.KQ,348150,KOSDAQ
463480.KQ,463480,KOSDAQ
038460.KQ,038460,KOSDAQ
023900.KQ,023900,KOSDAQ
330350.KQ,330350,KOSDAQ
303810.KQ,303810,KOSDAQ
067290.KQ,067290,KOSDAQ
026150.KQ,026150,KOSDAQ
125210.KQ,125210,KOSDAQ
043610.KQ,043610,KOSDAQ
073560.KQ,073560,KOSDAQ
064850.KQ,064850,KOSDAQ
183490.KQ,183490,KOSDAQ
204610.KQ,204610,KOSDAQ
066700.KQ,066700,KOSDAQ
396270.KQ,396270,KOSDAQ
036010.KQ,036010,KOSDAQ
084730.KQ,084730,KOSDAQ
187790.KQ,187790,KOSDAQ
290670.KQ,290670,KOSDAQ
100130.KQ,100130,KOSDAQ
950190.KQ,950190,KOSDAQ
058630.KQ,058630,KOSDAQ
001540.KQ,001540,KOSDAQ
065450.KQ,065450,KOSDAQ
175140.KQ,175140,KOSDAQ
037350.KQ,037350,KOSDAQ
060570.KQ,060570,KOSDAQ
187870.KQ,187870,KOSDAQ
041930.KQ,041930,KOSDAQ
060590.KQ,060590,KOSDAQ
207760.KQ,207760,KOSDAQ
417500.KQ,417500,KOSDAQ
042510.KQ,042510,KOSDAQ
253840.KQ,253840,KOSDAQ
382800.KQ,382800,KOSDAQ
071670.KQ,071670,KOSDAQ
014970.KQ,014970,KOSDAQ
419050.KQ,419050,KOSDAQ
049470.KQ,049470,KOSDAQ
024800.KQ,024800,KOSDAQ
357230.KQ,357230,KOSDAQ
206560.KQ,206560,KOSDAQ
435570.KQ,435570,KOSDAQ
038540.KQ,038540,KOSDAQ
225190.KQ,225190,KOSDAQ
035610.KQ,035610,KOSDAQ
100700.KQ,100700,KOSDAQ
049180.KQ,049180,KOSDAQ
315640.KQ,315640,KOSDAQ
117670.KQ,117670,KOSDAQ
453860.KQ,453860,KOSDAQ
105740.KQ,105740,KOSDAQ
225530.KQ,225530,KOSDAQ
064800.KQ,064800,KOSDAQ
452400.KQ,452400,KOSDAQ
241690.KQ,241690,KOSDAQ
307930.KQ,307930,KOSDAQ
299660.KQ,299660,KOSDAQ
065510.KQ,065510,KOSDAQ
053350.KQ,053350,KOSDAQ
124560.KQ,124560,KOSDAQ
009300.KQ,009300,KOSDAQ
104040.KQ,104040,KOSDAQ
396300.KQ,396300,KOSDAQ
136410.KQ,136410,KOSDAQ
448710.KQ,448710,KOSDAQ
082850.KQ,082850,KOSDAQ
083790.KQ,083790,KOSDAQ
261520.KQ,261520,KOSDAQ
000440.KQ,000440,KOSDAQ
330730.KQ,330730,KOSDAQ
102370.KQ,102370,KOSDAQ
104200.KQ,104200,KOSDAQ
234300.KQ,234300,KOSDAQ
376930.KQ,376930,KOSDAQ
311320.KQ,311320,KOSDAQ
289220.KQ,289220,KOSDAQ
066790.KQ,066790,KOSDAQ
170030.KQ,170030,KOSDAQ
067570.KQ,067570,KOSDAQ
061250.KQ,061250,KOSDAQ
012700.KQ,012700,KOSDAQ
066430.KQ,066430,KOSDAQ
408900.KQ,408900,KOSDAQ
059120.KQ,059120,KOSDAQ
451250.KQ,451250,KOSDAQ
093920.KQ,093920,KOSDAQ
088390.KQ,088390,KOSDAQ
317770.KQ,317770,KOSDAQ
048910.KQ,048910,KOSDAQ
092040.KQ,092040,KOSDAQ
054670.KQ,054670,KOSDAQ
382480.KQ,382480,KOSDAQ
149980.KQ,149980,KOSDAQ
040350.KQ,040350,KOSDAQ
041910.KQ,041910,KOSDAQ
348350.KQ,348350,KOSDAQ
048430.KQ,048430,KOSDAQ
036170.KQ,036170,KOSDAQ
110790.KQ,110790,KOSDAQ
024830.KQ,024830,KOSDAQ
134580.KQ,134580,KOSDAQ
419080.KQ,419080,KOSDAQ
302550.KQ,302550,KOSDAQ
120240.KQ,120240,KOSDAQ
352090.KQ,352090,KOSDAQ
226330.KQ,226330,KOSDAQ
459100.KQ,459100,KOSDAQ
058400.KQ,058400,KOSDAQ
044340.KQ,044340,KOSDAQ
339950.KQ,339950,KOSDAQ
446840.KQ,446840,KOSDAQ
141000.KQ,141000,KOSDAQ
090470.KQ,090470,KOSDAQ
094940.KQ,094940,KOSDAQ
040420.KQ,040420,KOSDAQ
053450.KQ,053450,KOSDAQ
123420.KQ,123420,KOSDAQ
273640.KQ,273640,KOSDAQ
039020.KQ,039020,KOSDAQ
011370.KQ,011370,KOSDAQ
446540.KQ,446540,KOSDAQ
168330.KQ,168330,KOSDAQ
478560.KQ,478560,KOSDAQ
053280.KQ,053280,KOSDAQ
072020.KQ,072020,KOSDAQ
036630.KQ,036630,KOSDAQ
216050.KQ,216050,KOSDAQ
130580.KQ,130580,KOSDAQ
039610.KQ,039610,KOSDAQ
378800.KQ,378800,KOSDAQ
203690.KQ,203690,KOSDAQ
091440.KQ,091440,KOSDAQ
212710.KQ,212710,KOSDAQ
027050.KQ,027050,KOSDAQ
033230.KQ,033230,KOSDAQ
900250.KQ,900250,KOSDAQ
060560.KQ,060560,KOSDAQ
234100.KQ,234100,KOSDAQ
004650.KQ,004650,KOSDAQ
069540.KQ,069540,KOSDAQ
317690.KQ,317690,KOSDAQ
228670.KQ,228670,KOSDAQ
265560.KQ,265560,KOSDAQ
027830.KQ,027830,KOSDAQ
111710.KQ,111710,KOSDAQ
002800.KQ,002800,KOSDAQ
025550.KQ,025550,KOSDAQ
0013V0.KQ,0013V0,KOSDAQ
348080.KQ,348080,KOSDAQ
072990.KQ,072990,KOSDAQ
104620.KQ,104620,KOSDAQ
317870.KQ,317870,KOSDAQ
126880.KQ,126880,KOSDAQ
104540.KQ,104540,KOSDAQ
263800.KQ,263800,KOSDAQ
042500.KQ,042500,KOSDAQ
260930.KQ,260930,KOSDAQ
424980.KQ,424980,KOSDAQ
046210.KQ,046210,KOSDAQ
045660.KQ,045660,KOSDAQ
475430.KQ,475430,KOSDAQ
228850.KQ,228850,KOSDAQ
163280.KQ,163280,KOSDAQ
417790.KQ,417790,KOSDAQ
142280.KQ,142280,KOSDAQ
041520.KQ,041520,KOSDAQ
331380.KQ,331380,KOSDAQ
054620.KQ,054620,KOSDAQ
115440.KQ,115440,KOSDAQ
173130.KQ,173130,KOSDAQ
036640.KQ,036640,KOSDAQ
204840.KQ,204840,KOSDAQ
208140.KQ,208140,KOSDAQ
187420.KQ,187420,KOSDAQ
265740.KQ,265740,KOSDAQ
096350.KQ,096350,KOSDAQ
347860.KQ,347860,KOSDAQ
262260.KQ,262260,KOSDAQ
036090.KQ,036090,KOSDAQ
214270.KQ,214270,KOSDAQ
033320.KQ,033320,KOSDAQ
474610.KQ,474610,KOSDAQ
222810.KQ,222810,KOSDAQ
357880.KQ,357880,KOSDAQ
020710.KQ,020710,KOSDAQ
175250.KQ,175250,KOSDAQ
347000.KQ,347000,KOSDAQ
019990.KQ,019990,KOSDAQ
412540.KQ,412540,KOSDAQ
351330.KQ,351330,KOSDAQ
105330.KQ,105330,KOSDAQ
094850.KQ,094850,KOSDAQ
242040.KQ,242040,KOSDAQ
076610.KQ,076610,KOSDAQ
032850.KQ,032850,KOSDAQ
294630.KQ,294630,KOSDAQ
215360.KQ,215360,KOSDAQ
263600.KQ,263600,KOSDAQ
089850.KQ,089850,KOSDAQ
011320.KQ,011320,KOSDAQ
377030.KQ,377030,KOSDAQ
078590.KQ,078590,KOSDAQ
451220.KQ,451220,KOSDAQ
222160.KQ,222160,KOSDAQ
054300.KQ,054300,KOSDAQ
063440.KQ,063440,KOSDAQ
060310.KQ,060310,KOSDAQ
340360.KQ,340360,KOSDAQ
393210.KQ,393210,KOSDAQ
043710.KQ,043710,KOSDAQ
066310.KQ,066310,KOSDAQ
384470.KQ,384470,KOSDAQ
140070.KQ,140070,KOSDAQ
196300.KQ,196300,KOSDAQ
014470.KQ,014470,KOSDAQ
159580.KQ,159580,KOSDAQ
199550.KQ,199550,KOSDAQ
246960.KQ,246960,KOSDAQ
032540.KQ,032540,KOSDAQ
010280.KQ,010280,KOSDAQ
261780.KQ,261780,KOSDAQ
388790.KQ,388790,KOSDAQ
054040.KQ,054040,KOSDAQ
153710.KQ,153710,KOSDAQ
052220.KQ,052220,KOSDAQ
270520.KQ,270520,KOSDAQ
065500.KQ,065500,KOSDAQ
318160.KQ,318160,KOSDAQ
171120.KQ,171120,KOSDAQ
302430.KQ,302430,KOSDAQ
222110.KQ,222110,KOSDAQ
457370.KQ,457370,KOSDAQ
004590.KQ,004590,KOSDAQ
024910.KQ,024910,KOSDAQ
155650.KQ,155650,KOSDAQ
041460.KQ,041460,KOSDAQ
049480.KQ,049480,KOSDAQ
393970.KQ,393970,KOSDAQ
040910.KQ,040910,KOSDAQ
365590.KQ,365590,KOSDAQ
307870.KQ,307870,KOSDAQ
192250.KQ,192250,KOSDAQ
460870.KQ,460870,KOSDAQ
317530.KQ,317530,KOSDAQ
016250.KQ,016250,KOSDAQ
128660.KQ,128660,KOSDAQ
081150.KQ,081150,KOSDAQ
024740.KQ,024740,KOSDAQ
099410.KQ,099410,KOSDAQ
049550.KQ,049550,KOSDAQ
039240.KQ,039240,KOSDAQ
042940.KQ,042940,KOSDAQ
407400.KQ,407400,KOSDAQ
033170.KQ,033170,KOSDAQ
352910.KQ,352910,KOSDAQ
137950.KQ,137950,KOSDAQ
062970.KQ,062970,KOSDAQ
068330.KQ,068330,KOSDAQ
032860.KQ,032860,KOSDAQ
097800.KQ,097800,KOSDAQ
241790.KQ,241790,KOSDAQ
053260.KQ,053260,KOSDAQ
333620.KQ,333620,KOSDAQ
017650.KQ,017650,KOSDAQ
014190.KQ,014190,KOSDAQ
094840.KQ,094840,KOSDAQ
900260.KQ,900260,KOSDAQ
162300.KQ,162300,KOSDAQ
007370.KQ,007370,KOSDAQ
217190.KQ,217190,KOSDAQ
037030.KQ,037030,KOSDAQ
0010V0.KQ,0010V0,KOSDAQ
288620.KQ,288620,KOSDAQ
100030.KQ,100030,KOSDAQ
347740.KQ,347740,KOSDAQ
234920.KQ,234920,KOSDAQ
037950.KQ,037950,KOSDAQ
053050.KQ,053050,KOSDAQ
012790.KQ,012790,KOSDAQ
036000.KQ,036000,KOSDAQ
039010.KQ,039010,KOSDAQ
099220.KQ,099220,KOSDAQ
046940.KQ,046940,KOSDAQ
303360.KQ,303360,KOSDAQ
340930.KQ,340930,KOSDAQ
122350.KQ,122350,KOSDAQ
043650.KQ,043650,KOSDAQ
033310.KQ,033310,KOSDAQ
479960.KQ,479960,KOSDAQ
452160.KQ,452160,KOSDAQ
036670.KQ,036670,KOSDAQ
241840.KQ,241840,KOSDAQ
369370.KQ,369370,KOSDAQ
036120.KQ,036120,KOSDAQ
476080.KQ,476080,KOSDAQ
052790.KQ,052790,KOSDAQ
317240.KQ,317240,KOSDAQ
129920.KQ,129920,KOSDAQ
010470.KQ,010470,KOSDAQ
200230.KQ,200230,KOSDAQ
088130.KQ,088130,KOSDAQ
950200.KQ,950200,KOSDAQ
066980.KQ,066980,KOSDAQ
092300.KQ,092300,KOSDAQ
073640.KQ,073640,KOSDAQ
080010.KQ,080010,KOSDAQ
038680.KQ,038680,KOSDAQ
053270.KQ,053270,KOSDAQ
109860.KQ,109860,KOSDAQ
219420.KQ,219420,KOSDAQ
261200.KQ,261200,KOSDAQ
364950.KQ,364950,KOSDAQ
159010.KQ,159010,KOSDAQ
043910.KQ,043910,KOSDAQ
388610.KQ,388610,KOSDAQ
017480.KQ,017480,KOSDAQ
054930.KQ,054930,KOSDAQ
067370.KQ,067370,KOSDAQ
087260.KQ,087260,KOSDAQ
039420.KQ,039420,KOSDAQ
403490.KQ,403490,KOSDAQ
432430.KQ,432430,KOSDAQ
290720.KQ,290720,KOSDAQ
373200.KQ,373200,KOSDAQ
215090.KQ,215090,KOSDAQ
317850.KQ,317850,KOSDAQ
145170.KQ,145170,KOSDAQ
323350.KQ,323350,KOSDAQ
332370.KQ,332370,KOSDAQ
122690.KQ,122690,KOSDAQ
185490.KQ,185490,KOSDAQ
095270.KQ,095270,KOSDAQ
413640.KQ,413640,KOSDAQ
222040.KQ,222040,KOSDAQ
221800.KQ,221800,KOSDAQ
127980.KQ,127980,KOSDAQ
064240.KQ,064240,KOSDAQ
088340.KQ,088340,KOSDAQ
466410.KQ,466410,KOSDAQ
019540.KQ,019540,KOSDAQ
222420.KQ,222420,KOSDAQ
290660.KQ,290660,KOSDAQ
311390.KQ,311390,KOSDAQ
082210.KQ,082210,KOSDAQ
206400.KQ,206400,KOSDAQ
128540.KQ,128540,KOSDAQ
160550.KQ,160550,KOSDAQ
072770.KQ,072770,KOSDAQ
065530.KQ,065530,KOSDAQ
072470.KQ,072470,KOSDAQ
199480.KQ,199480,KOSDAQ
198440.KQ,198440,KOSDAQ
277070.KQ,277070,KOSDAQ
321820.KQ,321820,KOSDAQ
033130.KQ,033130,KOSDAQ
142760.KQ,142760,KOSDAQ
100660.KQ,100660,KOSDAQ
046970.KQ,046970,KOSDAQ
023440.KQ,023440,KOSDAQ
050960.KQ,050960,KOSDAQ
452200.KQ,452200,KOSDAQ
037330.KQ,037330,KOSDAQ
419120.KQ,419120,KOSDAQ
064480.KQ,064480,KOSDAQ
007720.KQ,007720,KOSDAQ
260660.KQ,260660,KOSDAQ
048770.KQ,048770,KOSDAQ
320000.KQ,320000,KOSDAQ
053980.KQ,053980,KOSDAQ
042110.KQ,042110,KOSDAQ
045340.KQ,045340,KOSDAQ
189980.KQ,189980,KOSDAQ
263690.KQ,263690,KOSDAQ
373160.KQ,373160,KOSDAQ
052900.KQ,052900,KOSDAQ
177900.KQ,177900,KOSDAQ
073570.KQ,073570,KOSDAQ
087600.KQ,087600,KOSDAQ
046310.KQ,046310,KOSDAQ
005670.KQ,005670,KOSDAQ
061040.KQ,061040,KOSDAQ
373170.KQ,373170,KOSDAQ
040610.KQ,040610,KOSDAQ
218150.KQ,218150,KOSDAQ
122310.KQ,122310,KOSDAQ
024840.KQ,024840,KOSDAQ
294090.KQ,294090,KOSDAQ
227950.KQ,227950,KOSDAQ
037440.KQ,037440,KOSDAQ
052670.KQ,052670,KOSDAQ
015710.KQ,015710,KOSDAQ
038070.KQ,038070,KOSDAQ
123840.KQ,123840,KOSDAQ
037760.KQ,037760,KOSDAQ
114450.KQ,114450,KOSDAQ
246690.KQ,246690,KOSDAQ
471820.KQ,471820,KOSDAQ
065130.KQ,065130,KOSDAQ
054780.KQ,054780,KOSDAQ
078860.KQ,078860,KOSDAQ
051490.KQ,051490,KOSDAQ
186230.KQ,186230,KOSDAQ
033830.KQ,033830,KOSDAQ
067920.KQ,067920,KOSDAQ
173940.KQ,173940,KOSDAQ
314140.KQ,314140,KOSDAQ
057680.KQ,057680,KOSDAQ
013720.KQ,013720,KOSDAQ
171010.KQ,171010,KOSDAQ
010240.KQ,010240,KOSDAQ
099520.KQ,099520,KOSDAQ
256630.KQ,256630,KOSDAQ
352700.KQ,352700,KOSDAQ
245620.KQ,245620,KOSDAQ
080530.KQ,080530,KOSDAQ
008370.KQ,008370,KOSDAQ
119500.KQ,119500,KOSDAQ
038880.KQ,038880,KOSDAQ
004780.KQ,004780,KOSDAQ
223310.KQ,223310,KOSDAQ
065170.KQ,065170,KOSDAQ
237820.KQ,237820,KOSDAQ
097780.KQ,097780,KOSDAQ
096630.KQ,096630,KOSDAQ
032790.KQ,032790,KOSDAQ
066130.KQ,066130,KOSDAQ
090410.KQ,090410,KOSDAQ
109960.KQ,109960,KOSDAQ
263700.KQ,263700,KOSDAQ
069410.KQ,069410,KOSDAQ
007680.KQ,007680,KOSDAQ
440290.KQ,440290,KOSDAQ
170790.KQ,170790,KOSDAQ
189690.KQ,189690,KOSDAQ
286750.KQ,286750,KOSDAQ
066670.KQ,066670,KOSDAQ
184230.KQ,184230,KOSDAQ
464280.KQ,464280,KOSDAQ
037230.KQ,037230,KOSDAQ
219550.KQ,219550,KOSDAQ
200350.KQ,200350,KOSDAQ
105760.KQ,105760,KOSDAQ
053620.KQ,053620,KOSDAQ
217480.KQ,217480,KOSDAQ
024950.KQ,024950,KOSDAQ
290090.KQ,290090,KOSDAQ
462510.KQ,462510,KOSDAQ
064090.KQ,064090,KOSDAQ
361570.KQ,361570,KOSDAQ
100590.KQ,100590,KOSDAQ
250000.KQ,250000,KOSDAQ
036180.KQ,036180,KOSDAQ
450520.KQ,450520,KOSDAQ
088910.KQ,088910,KOSDAQ
056700.KQ,056700,KOSDAQ
038010.KQ,038010,KOSDAQ
273060.KQ,273060,KOSDAQ
363260.KQ,363260,KOSDAQ
224110.KQ,224110,KOSDAQ
195990.KQ,195990,KOSDAQ
052860.KQ,052860,KOSDAQ
455180.KQ,455180,KOSDAQ
007530.KQ,007530,KOSDAQ
060850.KQ,060850,KOSDAQ
465480.KQ,465480,KOSDAQ
417860.KQ,417860,KOSDAQ
025440.KQ,025440,KOSDAQ
044960.KQ,044960,KOSDAQ
032960.KQ,032960,KOSDAQ
198080.KQ,198080,KOSDAQ
238120.KQ,238120,KOSDAQ
033540.KQ,033540,KOSDAQ
033200.KQ,033200,KOSDAQ
351870.KQ,351870,KOSDAQ
001000.KQ,001000,KOSDAQ
271830.KQ,271830,KOSDAQ
430690.KQ,430690,KOSDAQ
056360.KQ,056360,KOSDAQ
148780.KQ,148780,KOSDAQ
208860.KQ,208860,KOSDAQ
096610.KQ,096610,KOSDAQ
037370.KQ,037370,KOSDAQ
039290.KQ,039290,KOSDAQ
109820.KQ,109820,KOSDAQ
089790.KQ,089790,KOSDAQ
355390.KQ,355390,KOSDAQ
376290.KQ,376290,KOSDAQ
049830.KQ,049830,KOSDAQ
068050.KQ,068050,KOSDAQ
239890.KQ,239890,KOSDAQ
103840.KQ,103840,KOSDAQ
359090.KQ,359090,KOSDAQ
321260.KQ,321260,KOSDAQ
219750.KQ,219750,KOSDAQ
021880.KQ,021880,KOSDAQ
263810.KQ,263810,KOSDAQ
354200.KQ,354200,KOSDAQ
084180.KQ,084180,KOSDAQ
097870.KQ,097870,KOSDAQ
109080.KQ,109080,KOSDAQ
307280.KQ,307280,KOSDAQ
340810.KQ,340810,KOSDAQ
053950.KQ,053950,KOSDAQ
336060.KQ,336060,KOSDAQ
420570.KQ,420570,KOSDAQ
450330.KQ,450330,KOSDAQ
057540.KQ,057540,KOSDAQ
052460.KQ,052460,KOSDAQ
089150.KQ,089150,KOSDAQ
258610.KQ,258610,KOSDAQ
200780.KQ,200780,KOSDAQ
464580.KQ,464580,KOSDAQ
027580.KQ,027580,KOSDAQ
079000.KQ,079000,KOSDAQ
434480.KQ,434480,KOSDAQ
203450.KQ,203450,KOSDAQ
024940.KQ,024940,KOSDAQ
065950.KQ,065950,KOSDAQ
049080.KQ,049080,KOSDAQ
356890.KQ,356890,KOSDAQ
444530.KQ,444530,KOSDAQ
126640.KQ,126640,KOSDAQ
046390.KQ,046390,KOSDAQ
178780.KQ,178780,KOSDAQ
153460.KQ,153460,KOSDAQ
082660.KQ,082660,KOSDAQ
033560.KQ,033560,KOSDAQ
137080.KQ,137080,KOSDAQ
418250.KQ,418250,KOSDAQ
335810.KQ,335810,KOSDAQ
190650.KQ,190650,KOSDAQ
057030.KQ,057030,KOSDAQ
239340.KQ,239340,KOSDAQ
291650.KQ,291650,KOSDAQ
083550.KQ,083550,KOSDAQ
002290.KQ,002290,KOSDAQ
150900.KQ,150900,KOSDAQ
073110.KQ,073110,KOSDAQ
464500.KQ,464500,KOSDAQ
257370.KQ,257370,KOSDAQ
210120.KQ,210120,KOSDAQ
475460.KQ,475460,KOSDAQ
469750.KQ,469750,KOSDAQ
376180.KQ,376180,KOSDAQ
254120.KQ,254120,KOSDAQ
060900.KQ,060900,KOSDAQ
460470.KQ,460470,KOSDAQ
036690.KQ,036690,KOSDAQ
014570.KQ,014570,KOSDAQ
026040.KQ,026040,KOSDAQ
300120.KQ,300120,KOSDAQ
438700.KQ,438700,KOSDAQ
067170.KQ,067170,KOSDAQ
342870.KQ,342870,KOSDAQ
353590.KQ,353590,KOSDAQ
270870.KQ,270870,KOSDAQ
006050.KQ,006050,KOSDAQ
066910.KQ,066910,KOSDAQ
220180.KQ,220180,KOSDAQ
131100.KQ,131100,KOSDAQ
332290.KQ,332290,KOSDAQ
290120.KQ,290120,KOSDAQ
277410.KQ,277410,KOSDAQ
301300.KQ,301300,KOSDAQ
040160.KQ,040160,KOSDAQ
019770.KQ,019770,KOSDAQ
318020.KQ,318020,KOSDAQ
263770.KQ,263770,KOSDAQ
065370.KQ,065370,KOSDAQ
221840.KQ,221840,KOSDAQ
195500.KQ,195500,KOSDAQ
094970.KQ,094970,KOSDAQ
066900.KQ,066900,KOSDAQ
256150.KQ,256150,KOSDAQ
025880.KQ,025880,KOSDAQ
140430.KQ,140430,KOSDAQ
900270.KQ,900270,KOSDAQ
140520.KQ,140520,KOSDAQ
072950.KQ,072950,KOSDAQ
038870.KQ,038870,KOSDAQ
114630.KQ,114630,KOSDAQ
101240.KQ,101240,KOSDAQ
086040.KQ,086040,KOSDAQ
091590.KQ,091590,KOSDAQ
133750.KQ,133750,KOSDAQ
052600.KQ,052600,KOSDAQ
123570.KQ,123570,KOSDAQ
038620.KQ,038620,KOSDAQ
050860.KQ,050860,KOSDAQ
143540.KQ,143540,KOSDAQ
051390.KQ,051390,KOSDAQ
042040.KQ,042040,KOSDAQ
189330.KQ,189330,KOSDAQ
056730.KQ,056730,KOSDAQ
221980.KQ,221980,KOSDAQ
229000.KQ,229000,KOSDAQ
189860.KQ,189860,KOSDAQ
239610.KQ,239610,KOSDAQ
106240.KQ,106240,KOSDAQ
043100.KQ,043100,KOSDAQ
016600.KQ,016600,KOSDAQ
129890.KQ,129890,KOSDAQ
452300.KQ,452300,KOSDAQ
024120.KQ,024120,KOSDAQ
263020.KQ,263020,KOSDAQ
053160.KQ,053160,KOSDAQ
096690.KQ,096690,KOSDAQ
297570.KQ,297570,KOSDAQ
431190.KQ,431190,KOSDAQ
318410.KQ,318410,KOSDAQ
387570.KQ,387570,KOSDAQ
069140.KQ,069140,KOSDAQ
204020.KQ,204020,KOSDAQ
075970.KQ,075970,KOSDAQ
065440.KQ,065440,KOSDAQ
238090.KQ,238090,KOSDAQ
043340.KQ,043340,KOSDAQ
191410.KQ,191410,KOSDAQ
099390.KQ,099390,KOSDAQ
318000.KQ,318000,KOSDAQ
340440.KQ,340440,KOSDAQ
389680.KQ,389680,KOSDAQ
146060.KQ,146060,KOSDAQ
070300.KQ,070300,KOSDAQ
900340.KQ,900340,KOSDAQ
045060.KQ,045060,KOSDAQ
208640.KQ,208640,KOSDAQ
177830.KQ,177830,KOSDAQ
064520.KQ,064520,KOSDAQ
075130.KQ,075130,KOSDAQ
123010.KQ,123010,KOSDAQ
462310.KQ,462310,KOSDAQ
475660.KQ,475660,KOSDAQ
452980.KQ,452980,KOSDAQ
021650.KQ,021650,KOSDAQ
377220.KQ,377220,KOSDAQ
192410.KQ,192410,KOSDAQ
397810.KQ,397810,KOSDAQ
050110.KQ,050110,KOSDAQ
031310.KQ,031310,KOSDAQ
089140.KQ,089140,KOSDAQ
232830.KQ,232830,KOSDAQ
263920.KQ,263920,KOSDAQ
303530.KQ,303530,KOSDAQ
115160.KQ,115160,KOSDAQ
262840.KQ,262840,KOSDAQ
291230.KQ,291230,KOSDAQ
290270.KQ,290270,KOSDAQ
020180.KQ,020180,KOSDAQ
363250.KQ,363250,KOSDAQ
115610.KQ,115610,KOSDAQ
215380.KQ,215380,KOSDAQ
127710.KQ,127710,KOSDAQ
225220.KQ,225220,KOSDAQ
196450.KQ,196450,KOSDAQ
052300.KQ,052300,KOSDAQ
109670.KQ,109670,KOSDAQ
050120.KQ,050120,KOSDAQ
130500.KQ,130500,KOSDAQ
032580.KQ,032580,KOSDAQ
017000.KQ,017000,KOSDAQ
115480.KQ,115480,KOSDAQ
085810.KQ,085810,KOSDAQ
236810.KQ,236810,KOSDAQ
440320.KQ,440320,KOSDAQ
086060.KQ,086060,KOSDAQ
009730.KQ,009730,KOSDAQ
238490.KQ,238490,KOSDAQ
013810.KQ,013810,KOSDAQ
066360.KQ,066360,KOSDAQ
462980.KQ,462980,KOSDAQ
274400.KQ,274400,KOSDAQ
081580.KQ,081580,KOSDAQ
089230.KQ,089230,KOSDAQ
071850.KQ,071850,KOSDAQ
187270.KQ,187270,KOSDAQ
900310.KQ,900310,KOSDAQ
351320.KQ,351320,KOSDAQ
298060.KQ,298060,KOSDAQ
335870.KQ,335870,KOSDAQ
147760.KQ,147760,KOSDAQ
196490.KQ,196490,KOSDAQ
060540.KQ,060540,KOSDAQ
012620.KQ,012620,KOSDAQ
360350.KQ,360350,KOSDAQ
001840.KQ,001840,KOSDAQ
019660.KQ,019660,KOSDAQ
284620.KQ,284620,KOSDAQ
169330.KQ,169330,KOSDAQ
068940.KQ,068940,KOSDAQ
131220.KQ,131220,KOSDAQ
900300.KQ,900300,KOSDAQ
006920.KQ,006920,KOSDAQ
035200.KQ,035200,KOSDAQ
049120.KQ,049120,KOSDAQ
398120.KQ,398120,KOSDAQ
367000.KQ,367000,KOSDAQ
258790.KQ,258790,KOSDAQ
080520.KQ,080520,KOSDAQ
188040.KQ,188040,KOSDAQ
076080.KQ,076080,KOSDAQ
101400.KQ,101400,KOSDAQ
059100.KQ,059100,KOSDAQ
372800.KQ,372800,KOSDAQ
376980.KQ,376980,KOSDAQ
228340.KQ,228340,KOSDAQ
016100.KQ,016100,KOSDAQ
317120.KQ,317120,KOSDAQ
018680.KQ,018680,KOSDAQ
022220.KQ,022220,KOSDAQ
101000.KQ,101000,KOSDAQ
038060.KQ,038060,KOSDAQ
060230.KQ,060230,KOSDAQ
008470.KQ,008470,KOSDAQ
138070.KQ,138070,KOSDAQ
131760.KQ,131760,KOSDAQ
023790.KQ,023790,KOSDAQ
252500.KQ,252500,KOSDAQ
079170.KQ,079170,KOSDAQ
196700.KQ,196700,KOSDAQ
153490.KQ,153490,KOSDAQ
322780.KQ,322780,KOSDAQ
279600.KQ,279600,KOSDAQ
018700.KQ,018700,KOSDAQ
290560.KQ,290560,KOSDAQ
148930.KQ,148930,KOSDAQ
383930.KQ,383930,KOSDAQ
222980.KQ,222980,KOSDAQ
159910.KQ,159910,KOSDAQ
237750.KQ,237750,KOSDAQ
139670.KQ,139670,KOSDAQ
043200.KQ,043200,KOSDAQ
208710.KQ,208710,KOSDAQ
417180.KQ,417180,KOSDAQ
045300.KQ,045300,KOSDAQ
048470.KQ,048470,KOSDAQ
308100.KQ,308100,KOSDAQ
148250.KQ,148250,KOSDAQ
083660.KQ,083660,KOSDAQ
069920.KQ,069920,KOSDAQ
032750.KQ,032750,KOSDAQ
405920.KQ,405920,KOSDAQ
333050.KQ,333050,KOSDAQ
001810.KQ,001810,KOSDAQ
080470.KQ,080470,KOSDAQ
457600.KQ,457600,KOSDAQ
053290.KQ,053290,KOSDAQ
090150.KQ,090150,KOSDAQ
016670.KQ,016670,KOSDAQ
088280.KQ,088280,KOSDAQ
095910.KQ,095910,KOSDAQ
432980.KQ,432980,KOSDAQ
088290.KQ,088290,KOSDAQ
131090.KQ,131090,KOSDAQ
179530.KQ,179530,KOSDAQ
058110.KQ,058110,KOSDAQ
047080.KQ,047080,KOSDAQ
246250.KQ,246250,KOSDAQ
451700.KQ,451700,KOSDAQ
038530.KQ,038530,KOSDAQ
038950.KQ,038950,KOSDAQ
198940.KQ,198940,KOSDAQ
011080.KQ,011080,KOSDAQ
051380.KQ,051380,KOSDAQ
288980.KQ,288980,KOSDAQ
068100.KQ,068100,KOSDAQ
290520.KQ,290520,KOSDAQ
067010.KQ,067010,KOSDAQ
362990.KQ,362990,KOSDAQ
031510.KQ,031510,KOSDAQ
103230.KQ,103230,KOSDAQ
227610.KQ,227610,KOSDAQ
377330.KQ,377330,KOSDAQ
034940.KQ,034940,KOSDAQ
197140.KQ,197140,KOSDAQ
303030.KQ,303030,KOSDAQ
214610.KQ,214610,KOSDAQ
094860.KQ,094860,KOSDAQ
240600.KQ,240600,KOSDAQ
328380.KQ,328380,KOSDAQ
331520.KQ,331520,KOSDAQ
035460.KQ,035460,KOSDAQ
033050.KQ,033050,KOSDAQ
060380.KQ,060380,KOSDAQ
418620.KQ,418620,KOSDAQ
045510.KQ,045510,KOSDAQ
296640.KQ,296640,KOSDAQ
187220.KQ,187220,KOSDAQ
312610.KQ,312610,KOSDAQ
419540.KQ,419540,KOSDAQ
007770.KQ,007770,KOSDAQ
0115H0.KQ,0115H0,KOSDAQ
373110.KQ,373110,KOSDAQ
131180.KQ,131180,KOSDAQ
348030.KQ,348030,KOSDAQ
412350.KQ,412350,KOSDAQ
093380.KQ,093380,KOSDAQ
009620.KQ,009620,KOSDAQ
193250.KQ,193250,KOSDAQ
032680.KQ,032680,KOSDAQ
016920.KQ,016920,KOSDAQ
267790.KQ,267790,KOSDAQ
091340.KQ,091340,KOSDAQ
032080.KQ,032080,KOSDAQ
043220.KQ,043220,KOSDAQ
276730.KQ,276730,KOSDAQ
318010.KQ,318010,KOSDAQ
291810.KQ,291810,KOSDAQ
079650.KQ,079650,KOSDAQ
258830.KQ,258830,KOSDAQ
429270.KQ,429270,KOSDAQ
023770.KQ,023770,KOSDAQ
285800.KQ,285800,KOSDAQ
309930.KQ,309930,KOSDAQ
036480.KQ,036480,KOSDAQ
070590.KQ,070590,KOSDAQ
263050.KQ,263050,KOSDAQ
101680.KQ,101680,KOSDAQ
217620.KQ,217620,KOSDAQ
464680.KQ,464680,KOSDAQ
415380.KQ,415380,KOSDAQ
304840.KQ,304840,KOSDAQ
276040.KQ,276040,KOSDAQ
051780.KQ,051780,KOSDAQ
310870.KQ,310870,KOSDAQ
021040.KQ,021040,KOSDAQ
900100.KQ,900100,KOSDAQ
054220.KQ,054220,KOSDAQ
353190.KQ,353190,KOSDAQ
900110.KQ,900110,KOSDAQ
226340.KQ,226340,KOSDAQ
039740.KQ,039740,KOSDAQ
208350.KQ,208350,KOSDAQ
113810.KQ,113810,KOSDAQ
012340.KQ,012340,KOSDAQ
053060.KQ,053060,KOSDAQ
123750.KQ,123750,KOSDAQ
137940.KQ,137940,KOSDAQ
037400.KQ,037400,KOSDAQ
035620.KQ,035620,KOSDAQ
130740.KQ,130740,KOSDAQ
067730.KQ,067730,KOSDAQ
347770.KQ,347770,KOSDAQ
154030.KQ,154030,KOSDAQ
238200.KQ,238200,KOSDAQ
044780.KQ,044780,KOSDAQ
139050.KQ,139050,KOSDAQ
900070.KQ,900070,KOSDAQ
192390.KQ,192390,KOSDAQ
065650.KQ,065650,KOSDAQ
115570.KQ,115570,KOSDAQ
331920.KQ,331920,KOSDAQ
405000.KQ,405000,KOSDAQ
063760.KQ,063760,KOSDAQ
204630.KQ,204630,KOSDAQ
215790.KQ,215790,KOSDAQ
039310.KQ,039310,KOSDAQ
352940.KQ,352940,KOSDAQ
177350.KQ,177350,KOSDAQ
199730.KQ,199730,KOSDAQ
065150.KQ,065150,KOSDAQ
424760.KQ,424760,KOSDAQ
043360.KQ,043360,KOSDAQ
018620.KQ,018620,KOSDAQ
065690.KQ,065690,KOSDAQ
032280.KQ,032280,KOSDAQ
073540.KQ,073540,KOSDAQ
247660.KQ,247660,KOSDAQ
028080.KQ,028080,KOSDAQ
289010.KQ,289010,KOSDAQ
054940.KQ,054940,KOSDAQ
002680.KQ,002680,KOSDAQ
044480.KQ,044480,KOSDAQ
115530.KQ,115530,KOSDAQ
355690.KQ,355690,KOSDAQ
225590.KQ,225590,KOSDAQ
091970.KQ,091970,KOSDAQ
098660.KQ,098660,KOSDAQ
045520.KQ,045520,KOSDAQ
083640.KQ,083640,KOSDAQ
080720.KQ,080720,KOSDAQ
110020.KQ,110020,KOSDAQ
121890.KQ,121890,KOSDAQ
230980.KQ,230980,KOSDAQ
154040.KQ,154040,KOSDAQ
344860.KQ,344860,KOSDAQ
032800.KQ,032800,KOSDAQ
025870.KQ,025870,KOSDAQ
050760.KQ,050760,KOSDAQ
017250.KQ,017250,KOSDAQ
084440.KQ,084440,KOSDAQ
054410.KQ,054410,KOSDAQ
365900.KQ,365900,KOSDAQ
079950.KQ,079950,KOSDAQ
224060.KQ,224060,KOSDAQ
014100.KQ,014100,KOSDAQ
361670.KQ,361670,KOSDAQ
368600.KQ,368600,KOSDAQ
096870.KQ,096870,KOSDAQ
134060.KQ,134060,KOSDAQ
054090.KQ,054090,KOSDAQ
073190.KQ,073190,KOSDAQ
466910.KQ,466910,KOSDAQ
079190.KQ,079190,KOSDAQ
215480.KQ,215480,KOSDAQ
043590.KQ,043590,KOSDAQ
106080.KQ,106080,KOSDAQ
067770.KQ,067770,KOSDAQ
032980.KQ,032980,KOSDAQ
019570.KQ,019570,KOSDAQ
368970.KQ,368970,KOSDAQ
008290.KQ,008290,KOSDAQ
065060.KQ,065060,KOSDAQ
020400.KQ,020400,KOSDAQ
060480.KQ,060480,KOSDAQ
048830.KQ,048830,KOSDAQ
083470.KQ,083470,KOSDAQ
275630.KQ,275630,KOSDAQ
313760.KQ,313760,KOSDAQ
477380.KQ,477380,KOSDAQ
026910.KQ,026910,KOSDAQ
241820.KQ,241820,KOSDAQ
482680.KQ,482680,KOSDAQ
065420.KQ,065420,KOSDAQ
050090.KQ,050090,KOSDAQ
106520.KQ,106520,KOSDAQ
0072Z0.KQ,0072Z0,KOSDAQ
069330.KQ,069330,KOSDAQ
035290.KQ,035290,KOSDAQ
900120.KQ,900120,KOSDAQ
0101C0.KQ,0101C0,KOSDAQ
457630.KQ,457630,KOSDAQ
250930.KQ,250930,KOSDAQ
030350.KQ,030350,KOSDAQ
477340.KQ,477340,KOSDAQ
0044K0.KQ,0044K0,KOSDAQ
065770.KQ,065770,KOSDAQ
225430.KQ,225430,KOSDAQ
469880.KQ,469880,KOSDAQ
058450.KQ,058450,KOSDAQ
227100.KQ,227100,KOSDAQ
027040.KQ,027040,KOSDAQ
060260.KQ,060260,KOSDAQ
188260.KQ,188260,KOSDAQ
473050.KQ,473050,KOSDAQ
478440.KQ,478440,KOSDAQ
479880.KQ,479880,KOSDAQ
052770.KQ,052770,KOSDAQ
092600.KQ,092600,KOSDAQ
0099W0.KQ,0099W0,KOSDAQ
352770.KQ,352770,KOSDAQ
489480.KQ,489480,KOSDAQ
244460.KQ,244460,KOSDAQ
481890.KQ,481890,KOSDAQ
0096B0.KQ,0096B0,KOSDAQ
471050.KQ,471050,KOSDAQ
489730.KQ,489730,KOSDAQ
406820.KQ,406820,KOSDAQ
0097F0.KQ,0097F0,KOSDAQ
478390.KQ,478390,KOSDAQ
477760.KQ,477760,KOSDAQ
482520.KQ,482520,KOSDAQ
0099X0.KQ,0099X0,KOSDAQ
0037T0.KQ,0037T0,KOSDAQ
0093G0.KQ,0093G0,KOSDAQ
054180.KQ,054180,KOSDAQ
492220.KQ,492220,KOSDAQ
0054V0.KQ,0054V0,KOSDAQ
0091W0.KQ,0091W0,KOSDAQ
065570.KQ,065570,KOSDAQ
482690.KQ,482690,KOSDAQ
0041L0.KQ,0041L0,KOSDAQ
0088D0.KQ,0088D0,KOSDAQ
487360.KQ,487360,KOSDAQ
0071M0.KQ,0071M0,KOSDAQ
03481K.KQ,03481K,KOSDAQ
474660.KQ,474660,KOSDAQ
477470.KQ,477470,KOSDAQ
469900.KQ,469900,KOSDAQ
060240.KQ,060240,KOSDAQ
473370.KQ,473370,KOSDAQ
454640.KQ,454640,KOSDAQ
496070.KQ,496070,KOSDAQ
031860.KQ,031860,KOSDAQ
0105P0.KQ,0105P0,KOSDAQ
121850.KQ,121850,KOSDAQ
474490.KQ,474490,KOSDAQ
486630.KQ,486630,KOSDAQ
452670.KQ,452670,KOSDAQ
489210.KQ,489210,KOSDAQ
0096D0.KQ,0096D0,KOSDAQ
444920.KQ,444920,KOSDAQ
0098T0.KQ,0098T0,KOSDAQ
0004Y0.KQ,0004Y0,KOSDAQ
450050.KQ,450050,KOSDAQ
493790.KQ,493790,KOSDAQ
455910.KQ,455910,KOSDAQ
455310.KQ,455310,KOSDAQ
0041B0.KQ,0041B0,KOSDAQ
472220.KQ,472220,KOSDAQ
044180.KQ,044180,KOSDAQ
466690.KQ,466690,KOSDAQ
478110.KQ,478110,KOSDAQ
498390.KQ,498390,KOSDAQ
488060.KQ,488060,KOSDAQ
469480.KQ,469480,KOSDAQ
450940.KQ,450940,KOSDAQ
467930.KQ,467930,KOSDAQ
484130.KQ,484130,KOSDAQ
487830.KQ,487830,KOSDAQ
462020.KQ,462020,KOSDAQ
464440.KQ,464440,KOSDAQ
473950.KQ,473950,KOSDAQ
465320.KQ,465320,KOSDAQ
456490.KQ,456490,KOSDAQ
487720.KQ,487720,KOSDAQ
468760.KQ,468760,KOSDAQ
458610.KQ,458610,KOSDAQ
0068Y0.KQ,0068Y0,KOSDAQ
472230.KQ,472230,KOSDAQ
0041J0.KQ,0041J0,KOSDAQ
475250.KQ,475250,KOSDAQ
474930.KQ,474930,KOSDAQ
079970.KQ,079970,KOSDAQ
457940.KQ,457940,KOSDAQ
473000.KQ,473000,KOSDAQ
475240.KQ,475240,KOSDAQ
101390.KQ,101390,KOSDAQ
043090.KQ,043090,KOSDAQ
021045.KQ,021045,KOSDAQ
032685.KQ,032685,KOSDAQ
