Date,JEPI
2020-05-21,30.789997100830078
2020-05-22,30.888029098510742
2020-05-26,30.976818084716797
2020-05-27,31.216672897338867
2020-05-28,31.53297996520996
2020-05-29,31.566287994384766
2020-06-01,31.550251007080078
2020-06-02,31.586647033691406
2020-06-03,31.71735954284668
2020-06-04,31.534223556518555
2020-06-05,31.705032348632812
2020-06-08,31.64830207824707
2020-06-09,31.4812068939209
2020-06-10,31.511417388916016
2020-06-11,30.912076950073242
2020-06-12,30.78690528869629
2020-06-15,31.015043258666992
2020-06-16,31.229623794555664
2020-06-17,31.219131469726562
2020-06-18,31.25675392150879
2020-06-19,31.23394012451172
2020-06-22,31.3239688873291
2020-06-23,31.328285217285156
2020-06-24,31.00208854675293
2020-06-25,31.044628143310547
2020-06-26,30.648155212402344
2020-06-29,30.93733787536621
2020-06-30,31.407209396362305
2020-07-01,31.592742919921875
2020-07-02,31.65315055847168
2020-07-06,31.991243362426758
2020-07-07,31.841808319091797
2020-07-08,31.874183654785156
2020-07-09,31.710432052612305
2020-07-10,31.917762756347656
2020-07-13,31.88227653503418
2020-07-14,32.173675537109375
2020-07-15,32.31438064575195
2020-07-16,32.408416748046875
2020-07-17,32.61761474609375
2020-07-20,32.645023345947266
2020-07-21,32.736541748046875
2020-07-22,32.90651321411133
2020-07-23,32.886600494384766
2020-07-24,32.84736633300781
2020-07-27,32.950103759765625
2020-07-28,33.00114822387695
2020-07-29,33.154327392578125
2020-07-30,33.074623107910156
2020-07-31,33.136898040771484
2020-08-03,33.237064361572266
2020-08-04,33.255836486816406
2020-08-05,33.262107849121094
2020-08-06,33.31843185424805
2020-08-07,33.48248291015625
2020-08-10,33.57513427734375
2020-08-11,33.42489242553711
2020-08-12,33.606422424316406
2020-08-13,33.59391784667969
2020-08-14,33.65026092529297
2020-08-17,33.80052185058594
2020-08-18,33.762935638427734
2020-08-19,33.69408416748047
2020-08-20,33.690940856933594
2020-08-21,33.73163986206055
2020-08-24,33.863121032714844
2020-08-25,33.844337463378906
2020-08-26,33.90695571899414
2020-08-27,33.869384765625
2020-08-28,33.825557708740234
2020-08-31,33.92572021484375
2020-09-01,33.76283645629883
2020-09-02,34.0665168762207
2020-09-03,33.85060119628906
2020-09-04,33.42885971069336
2020-09-08,33.25840759277344
2020-09-09,33.71296691894531
2020-09-10,33.38467788696289
2020-09-11,33.42885971069336
2020-09-14,33.77610397338867
2020-09-15,33.88972854614258
2020-09-16,33.83292770385742
2020-09-17,33.59931945800781
2020-09-18,33.435184478759766
2020-09-21,33.10056686401367
2020-09-22,33.37836837768555
2020-09-23,32.84804153442383
2020-09-24,32.873291015625
2020-09-25,33.27733612060547
2020-09-28,33.668766021728516
2020-09-29,33.510948181152344
2020-09-30,33.668766021728516
2020-10-01,33.6611328125
2020-10-02,33.58921432495117
2020-10-05,33.93293380737305
2020-10-06,33.68468475341797
2020-10-07,34.08251953125
2020-10-08,34.27028274536133
2020-10-09,34.45742416381836
2020-10-12,34.62291717529297
2020-10-13,34.53761672973633
2020-10-14,34.52490234375
2020-10-15,34.4536018371582
2020-10-16,34.55289077758789
2020-10-19,34.28937911987305
2020-10-20,34.340301513671875
2020-10-21,34.1747932434082
2020-10-22,34.27028274536133
2020-10-23,34.361305236816406
2020-10-26,34.142974853515625
2020-10-27,33.91383743286133
2020-10-28,33.296409606933594
2020-10-29,33.38551712036133
2020-10-30,33.18755340576172
2020-11-02,33.62857437133789
2020-11-03,34.14286422729492
2020-11-04,34.625022888183594
2020-11-05,34.99658966064453
2020-11-06,35.00816345214844
2020-11-09,35.08145523071289
2020-11-10,35.27432632446289
2020-11-11,35.42218780517578
2020-11-12,35.29490280151367
2020-11-13,35.589324951171875
2020-11-16,35.66004943847656
2020-11-17,35.57904815673828
2020-11-18,35.46718215942383
2020-11-19,35.53147506713867
2020-11-20,35.454322814941406
2020-11-23,35.53147506713867
2020-11-24,35.685752868652344
2020-11-25,35.5828971862793
2020-11-27,35.685752868652344
2020-11-30,35.595760345458984
2020-12-01,35.75791549682617
2020-12-02,35.650901794433594
2020-12-03,35.5185546875
2020-12-04,35.686580657958984
2020-12-07,35.6217041015625
2020-12-08,35.72549819946289
2020-12-09,35.69306182861328
2020-12-10,35.55034255981445
2020-12-11,35.582786560058594
2020-12-14,35.589271545410156
2020-12-15,35.8876838684082
2020-12-16,35.881202697753906
2020-12-17,36.108245849609375
2020-12-18,36.1666374206543
2020-12-21,36.010929107666016
2020-12-22,35.8876838684082
2020-12-23,35.926605224609375
2020-12-24,36.07127380371094
2020-12-28,36.244483947753906
2020-12-29,36.27042770385742
2020-12-30,36.25930404663086
2020-12-31,36.521331787109375
2021-01-04,36.12172317504883
2021-01-05,36.16757583618164
2021-01-06,36.37065124511719
2021-01-07,36.43683624267578
2021-01-08,36.534446716308594
2021-01-11,36.534446716308594
2021-01-12,36.457130432128906
2021-01-13,36.5737419128418
2021-01-14,36.45582962036133
2021-01-15,36.521331787109375
2021-01-19,36.619598388671875
2021-01-20,36.940589904785156
2021-01-21,36.79648208618164
2021-01-22,36.80302810668945
2021-01-25,36.986446380615234
2021-01-26,36.95368957519531
2021-01-27,36.3248176574707
2021-01-28,36.45582962036133
2021-01-29,35.93830871582031
2021-02-01,36.24965286254883
2021-02-02,36.631439208984375
2021-02-03,36.519535064697266
2021-02-04,36.77626419067383
2021-02-05,36.8618278503418
2021-02-08,36.848663330078125
2021-02-09,36.92763900756836
2021-02-10,36.907901763916016
2021-02-11,36.88154983520508
2021-02-12,36.89473342895508
2021-02-16,36.80916213989258
2021-02-17,36.94740295410156
2021-02-18,36.993473052978516
2021-02-19,36.81575393676758
2021-02-22,36.73017120361328
2021-02-23,36.76308059692383
2021-02-24,36.907901763916016
2021-02-25,36.526119232177734
2021-02-26,36.18382263183594
2021-03-01,36.77906799316406
2021-03-02,36.74728775024414
2021-03-03,36.40961837768555
2021-03-04,36.045433044433594
2021-03-05,36.714176177978516
2021-03-08,36.866455078125
2021-03-09,37.11808395385742
2021-03-10,37.376304626464844
2021-03-11,37.50871658325195
2021-03-12,37.627891540527344
2021-03-15,37.78680419921875
2021-03-16,37.85301971435547
2021-03-17,37.74046325683594
2021-03-18,37.594791412353516
2021-03-19,37.502105712890625
2021-03-22,37.79343032836914
2021-03-23,37.81328201293945
2021-03-24,37.85301971435547
2021-03-25,38.00529098510742
2021-03-26,38.50189971923828
2021-03-29,38.614444732666016
2021-03-30,38.45553207397461
2021-03-31,38.48202896118164
2021-04-01,38.56061935424805
2021-04-05,38.79376220703125
2021-04-06,38.71381759643555
2021-04-07,38.62724304199219
2021-04-08,38.6805419921875
2021-04-09,38.74046325683594
2021-04-12,38.76710510253906
2021-04-13,38.80043029785156
2021-04-14,38.787109375
2021-04-15,39.04022216796875
2021-04-16,39.18009567260742
2021-04-19,39.18675994873047
2021-04-20,39.293338775634766
2021-04-21,39.359947204589844
2021-04-22,39.28667449951172
2021-04-23,39.37992477416992
2021-04-26,39.15346145629883
2021-04-27,39.30665588378906
2021-04-28,39.28002166748047
2021-04-29,39.493167877197266
2021-04-30,39.47983932495117
2021-05-03,39.74395751953125
2021-05-04,39.76406478881836
2021-05-05,39.75065231323242
2021-05-06,39.931644439697266
2021-05-07,40.15956115722656
2021-05-10,40.239986419677734
2021-05-11,39.95845031738281
2021-05-12,39.368560791015625
2021-05-13,39.777469635009766
2021-05-14,40.179664611816406
2021-05-17,40.11933517456055
2021-05-18,39.8512077331543
2021-05-19,39.73725128173828
2021-05-20,40.0187873840332
2021-05-21,40.0187873840332
2021-05-24,40.206485748291016
2021-05-25,40.12604522705078
2021-05-26,40.15956115722656
2021-05-27,40.07912063598633
2021-05-28,40.1729621887207
2021-06-01,39.96000671386719
2021-06-02,40.175655364990234
2021-06-03,40.2430305480957
2021-06-04,40.384552001953125
2021-06-07,40.33064651489258
2021-06-08,40.30367660522461
2021-06-09,40.29695129394531
2021-06-10,40.4115104675293
2021-06-11,40.47216033935547
2021-06-14,40.50585174560547
2021-06-15,40.53279495239258
2021-06-16,40.344120025634766
2021-06-17,40.31717300415039
2021-06-18,40.000465393066406
2021-06-21,40.42498016357422
2021-06-22,40.5125846862793
2021-06-23,40.384552001953125
2021-06-24,40.593448638916016
2021-06-25,40.82256317138672
2021-06-28,40.815818786621094
2021-06-29,40.82256317138672
2021-06-30,40.815818786621094
2021-07-01,41.002357482910156
2021-07-02,41.10411071777344
2021-07-06,41.124446868896484
2021-07-07,41.32793045043945
2021-07-08,41.23295974731445
2021-07-09,41.300811767578125
2021-07-12,41.334720611572266
2021-07-13,41.30759048461914
2021-07-14,41.41611099243164
2021-07-15,41.52464294433594
2021-07-16,41.55177307128906
2021-07-19,41.20584487915039
2021-07-20,41.50429153442383
2021-07-21,41.51106643676758
2021-07-22,41.55855178833008
2021-07-23,41.86378479003906
2021-07-26,41.802738189697266
2021-07-27,41.86378479003906
2021-07-28,41.7077751159668
2021-07-29,41.80952453613281
2021-07-30,41.86378479003906
2021-08-02,41.84130859375
2021-08-03,42.052459716796875
2021-08-04,41.88898849487305
2021-08-05,42.0047721862793
2021-08-06,42.0456428527832
2021-08-09,42.05926513671875
2021-08-10,42.14099884033203
2021-08-11,42.24998092651367
2021-08-12,42.25678634643555
2021-08-13,42.35895919799805
2021-08-16,42.610965728759766
2021-08-17,42.57691192626953
2021-08-18,42.304473876953125
2021-08-19,42.39299774169922
2021-08-20,42.570098876953125
2021-08-23,42.624595642089844
2021-08-24,42.50198745727539
2021-08-25,42.53605270385742
2021-08-26,42.461124420166016
2021-08-27,42.542850494384766
2021-08-30,42.65864944458008
2021-08-31,42.59054183959961
2021-09-01,42.62409210205078
2021-09-02,42.75421142578125
2021-09-03,42.71311950683594
2021-09-07,42.40494155883789
2021-09-08,42.569305419921875
2021-09-09,42.33647155761719
2021-09-10,42.178958892822266
2021-09-13,42.15156555175781
2021-09-14,41.90502166748047
2021-09-15,42.178958892822266
2021-09-16,42.131011962890625
2021-09-17,41.88447189331055
2021-09-20,41.42564010620117
2021-09-21,41.391387939453125
2021-09-22,41.5694465637207
2021-09-23,41.88447189331055
2021-09-24,41.891319274902344
2021-09-27,41.72011947631836
2021-09-28,41.131160736083984
2021-09-29,41.322898864746094
2021-09-30,40.82297897338867
2021-10-01,41.14878845214844
2021-10-04,40.87326431274414
2021-10-05,41.176326751708984
2021-10-06,41.34852600097656
2021-10-07,41.62405776977539
2021-10-08,41.52762222290039
2021-10-11,41.341644287109375
2021-10-12,41.307193756103516
2021-10-13,41.51384353637695
2021-10-14,41.98223876953125
2021-10-15,42.17509460449219
2021-10-18,42.126869201660156
2021-10-19,42.319740295410156
2021-10-20,42.49882507324219
2021-10-21,42.56770324707031
2021-10-22,42.733009338378906
2021-10-25,42.73990249633789
2021-10-26,42.760562896728516
2021-10-27,42.54703903198242
2021-10-28,42.69170379638672
2021-10-29,42.69170379638672
2021-11-01,42.57806396484375
2021-11-02,42.68199157714844
2021-11-03,42.74435043334961
2021-11-04,42.730491638183594
2021-11-05,42.640419006347656
2021-11-08,42.543418884277344
2021-11-09,42.647342681884766
2021-11-10,42.74435043334961
2021-11-11,42.730491638183594
2021-11-12,42.931427001953125
2021-11-15,42.959144592285156
2021-11-16,43.00071716308594
2021-11-17,42.88291931152344
2021-11-18,42.77206039428711
2021-11-19,42.71663284301758
2021-11-22,42.74435043334961
2021-11-23,42.88291931152344
2021-11-24,42.90371322631836
2021-11-26,42.51569366455078
2021-11-29,42.647342681884766
2021-11-30,41.96830749511719
2021-12-01,41.60779571533203
2021-12-02,42.17262268066406
2021-12-03,42.29117202758789
2021-12-06,42.71651077270508
2021-12-07,43.1906852722168
2021-12-08,43.12095260620117
2021-12-09,43.093055725097656
2021-12-10,43.37197494506836
2021-12-13,43.48354721069336
2021-12-14,43.23251724243164
2021-12-15,43.70667266845703
2021-12-16,43.874027252197266
2021-12-17,43.406829833984375
2021-12-20,43.0721321105957
2021-12-21,43.42775344848633
2021-12-22,43.636940002441406
2021-12-23,43.804290771484375
2021-12-27,44.152950286865234
2021-12-28,44.173858642578125
2021-12-29,44.35517120361328
2021-12-30,44.298274993896484
2021-12-31,44.38256072998047
2022-01-03,44.18590545654297
2022-01-04,44.2772102355957
2022-01-05,44.17184829711914
2022-01-06,44.08053970336914
2022-01-07,43.9400634765625
2022-01-10,43.84876251220703
2022-01-11,43.947086334228516
2022-01-12,44.05244827270508
2022-01-13,43.855777740478516
2022-01-14,43.68020248413086
2022-01-18,43.16044616699219
2022-01-19,42.96378707885742
2022-01-20,42.6336669921875
2022-01-21,42.191165924072266
2022-01-24,42.32462692260742
2022-01-25,41.85403823852539
2022-01-26,41.62224578857422
2022-01-27,41.6292839050293
2022-01-28,42.401885986328125
2022-01-31,42.837371826171875
2022-02-01,42.96598815917969
2022-02-02,43.44660949707031
2022-02-03,43.05786895751953
2022-02-04,42.8529167175293
2022-02-07,42.69034957885742
2022-02-08,42.96598815917969
2022-02-09,43.333526611328125
2022-02-10,42.761009216308594
2022-02-11,42.32281494140625
2022-02-14,42.20265197753906
2022-02-15,42.51363754272461
2022-02-16,42.62673568725586
2022-02-17,42.2097282409668
2022-02-18,42.08250427246094
2022-02-22,41.74323272705078
2022-02-23,41.227272033691406
2022-02-24,41.481712341308594
2022-02-25,42.428829193115234
2022-02-28,42.30867385864258
2022-03-01,41.87559509277344
2022-03-02,42.39556884765625
2022-03-03,42.545162200927734
2022-03-04,42.63774490356445
2022-03-07,41.93257522583008
2022-03-08,41.391239166259766
2022-03-09,41.9610710144043
2022-03-10,41.918331146240234
2022-03-11,41.768760681152344
2022-03-14,41.81862258911133
2022-03-15,42.46680450439453
2022-03-16,42.82294464111328
2022-03-17,43.236083984375
2022-03-18,43.3785285949707
2022-03-21,43.35005569458008
2022-03-22,43.46400451660156
2022-03-23,43.228946685791016
2022-03-24,43.456886291503906
2022-03-25,43.663455963134766
2022-03-28,43.79877471923828
2022-03-29,43.87713623046875
2022-03-30,43.87713623046875
2022-03-31,43.734676361083984
2022-04-01,43.877071380615234
2022-04-04,43.76200485229492
2022-04-05,43.83392333984375
2022-04-06,44.17194747924805
2022-04-07,44.373321533203125
2022-04-08,44.445228576660156
2022-04-11,44.11439895629883
2022-04-12,43.95618438720703
2022-04-13,44.2222785949707
2022-04-14,44.092838287353516
2022-04-18,43.99213790893555
2022-04-19,44.373321533203125
2022-04-20,44.75446701049805
2022-04-21,44.366111755371094
2022-04-22,43.308929443359375
2022-04-25,43.46714401245117
2022-04-26,42.62571334838867
2022-04-27,42.7767333984375
2022-04-28,43.37364959716797
2022-04-29,42.12947082519531
2022-05-02,41.96126937866211
2022-05-03,42.164268493652344
2022-05-04,43.01972579956055
2022-05-05,42.12077331542969
2022-05-06,41.90327453613281
2022-05-09,41.1275634765625
2022-05-10,40.98255920410156
2022-05-11,40.77959060668945
2022-05-12,40.8303108215332
2022-05-13,41.3885498046875
2022-05-16,41.526302337646484
2022-05-17,41.917781829833984
2022-05-18,40.59833526611328
2022-05-19,40.366336822509766
2022-05-20,40.45333480834961
2022-05-23,41.10581588745117
2022-05-24,41.27255630493164
2022-05-25,41.3668098449707
2022-05-26,41.82353591918945
2022-05-27,42.41075134277344
2022-05-31,42.09901428222656
2022-06-01,41.89860153198242
2022-06-02,42.191200256347656
2022-06-03,42.11072540283203
2022-06-06,42.20581817626953
2022-06-07,42.46182632446289
2022-06-08,42.11072540283203
2022-06-09,41.547508239746094
2022-06-10,40.8087043762207
2022-06-13,39.56521224975586
2022-06-14,39.323814392089844
2022-06-15,39.557891845703125
2022-06-16,38.66550064086914
2022-06-17,38.70207977294922
2022-06-21,39.587158203125
2022-06-22,39.718814849853516
2022-06-23,40.15037536621094
2022-06-24,41.05009078979492
2022-06-27,41.108604431152344
2022-06-28,40.567325592041016
2022-06-29,40.618534088134766
2022-06-30,40.560020446777344
2022-07-01,41.05638885498047
2022-07-05,40.76787567138672
2022-07-06,41.0193977355957
2022-07-07,41.159942626953125
2022-07-08,41.07857131958008
2022-07-11,41.14515686035156
2022-07-12,40.85666275024414
2022-07-13,40.605125427246094
2022-07-14,40.605125427246094
2022-07-15,41.07857131958008
2022-07-18,40.82705307006836
2022-07-19,41.337493896484375
2022-07-20,41.25611877441406
2022-07-21,41.46324157714844
2022-07-22,41.574214935302734
2022-07-25,41.80353927612305
2022-07-26,41.79615020751953
2022-07-27,41.97367858886719
2022-07-28,42.410133361816406
2022-07-29,42.484100341796875
2022-08-01,42.331146240234375
2022-08-02,42.15206527709961
2022-08-03,42.286373138427734
2022-08-04,42.30128860473633
2022-08-05,42.390830993652344
2022-08-08,42.52515411376953
2022-08-09,42.62215042114258
2022-08-10,42.79377365112305
2022-08-11,42.75646209716797
2022-08-12,42.995243072509766
2022-08-15,43.107173919677734
2022-08-16,43.151947021484375
2022-08-17,43.062400817871094
2022-08-18,43.151947021484375
2022-08-19,43.122108459472656
2022-08-22,42.82362747192383
2022-08-23,42.65945816040039
2022-08-24,42.71170425415039
2022-08-25,43.092254638671875
2022-08-26,42.24907302856445
2022-08-29,42.025211334228516
2022-08-30,41.55511474609375
2022-08-31,41.2342529296875
2022-09-01,41.51240539550781
2022-09-02,41.04502868652344
2022-09-06,41.097801208496094
2022-09-07,41.7159309387207
2022-09-08,41.95716094970703
2022-09-09,42.3265266418457
2022-09-12,42.54512023925781
2022-09-13,41.210880279541016
2022-09-14,41.36164093017578
2022-09-15,41.02996063232422
2022-09-16,40.856590270996094
2022-09-19,41.09027099609375
2022-09-20,40.72090530395508
2022-09-21,40.20078659057617
2022-09-22,40.01986312866211
2022-09-23,39.59772491455078
2022-09-26,39.21328353881836
2022-09-27,38.941917419433594
2022-09-28,39.620338439941406
2022-09-29,39.09267807006836
2022-09-30,38.617759704589844
2022-10-03,39.531673431396484
2022-10-04,40.292640686035156
2022-10-05,40.19369888305664
2022-10-06,39.744747161865234
2022-10-07,39.052268981933594
2022-10-10,38.999000549316406
2022-10-11,38.907684326171875
2022-10-12,38.71744155883789
2022-10-13,39.45558547973633
2022-10-14,38.907684326171875
2022-10-17,39.569725036621094
2022-10-18,39.9502067565918
2022-10-19,39.66105270385742
2022-10-20,39.28055953979492
2022-10-21,39.89693069458008
2022-10-24,40.31546401977539
2022-10-25,40.65789031982422
2022-10-26,40.79486846923828
2022-10-27,40.95466232299805
2022-10-28,41.57103729248047
2022-10-31,41.5253791809082
2022-11-01,41.483829498291016
2022-11-02,41.05290985107422
2022-11-03,40.9990348815918
2022-11-04,41.3991813659668
2022-11-07,41.676204681396484
2022-11-08,41.937835693359375
2022-11-09,41.49152755737305
2022-11-10,42.468788146972656
2022-11-11,42.24563217163086
2022-11-14,42.29180145263672
2022-11-15,42.3687629699707
2022-11-16,42.47649002075195
2022-11-17,42.44569778442383
2022-11-18,42.77660369873047
2022-11-21,43.015140533447266
2022-11-22,43.25368118286133
2022-11-23,43.34601593017578
2022-11-25,43.49222183227539
2022-11-28,43.22290802001953
2022-11-29,43.207515716552734
2022-11-30,43.69229507446289
2022-12-01,43.65340805053711
2022-12-02,43.68452072143555
2022-12-05,43.49783706665039
2022-12-06,43.225582122802734
2022-12-07,43.248924255371094
2022-12-08,43.466712951660156
2022-12-09,43.21001434326172
2022-12-12,43.74674987792969
2022-12-13,43.81674575805664
2022-12-14,43.72341537475586
2022-12-15,43.02333068847656
2022-12-16,42.64219665527344
2022-12-19,42.40105438232422
2022-12-20,42.432151794433594
2022-12-21,42.96112060546875
2022-12-22,42.64997100830078
2022-12-23,42.9144401550293
2022-12-27,43.01555633544922
2022-12-28,42.587730407714844
2022-12-29,43.022438049316406
2022-12-30,42.83379364013672
2023-01-03,42.818058013916016
2023-01-04,43.03030776977539
2023-01-05,42.59009552001953
2023-01-06,43.376182556152344
2023-01-09,43.250404357910156
2023-01-10,43.3840446472168
2023-01-11,43.62771987915039
2023-01-12,43.67488479614258
2023-01-13,43.784950256347656
2023-01-17,43.67488479614258
2023-01-18,43.179649353027344
2023-01-19,42.94384002685547
2023-01-20,43.242549896240234
2023-01-23,43.32901382446289
2023-01-24,43.3840446472168
2023-01-25,43.360450744628906
2023-01-26,43.3840446472168
2023-01-27,43.250404357910156
2023-01-30,43.250404357910156
2023-01-31,43.60414123535156
2023-02-01,43.615234375
2023-02-02,43.53599548339844
2023-02-03,43.33788299560547
2023-02-06,43.41712951660156
2023-02-07,43.4329833984375
2023-02-08,43.28240966796875
2023-02-09,43.13186264038086
2023-02-10,43.40127944946289
2023-02-13,43.6310920715332
2023-02-14,43.543914794921875
2023-02-15,43.65485763549805
2023-02-16,43.42505645751953
2023-02-17,43.50429916381836
2023-02-21,43.03676223754883
2023-02-22,42.91790771484375
2023-02-23,42.997154235839844
2023-02-24,42.6722526550293
2023-02-27,42.791114807128906
2023-02-28,42.62471389770508
2023-03-01,42.4498291015625
2023-03-02,42.777225494384766
2023-03-03,43.14453887939453
2023-03-06,43.208431243896484
2023-03-07,42.689388275146484
2023-03-08,42.721336364746094
2023-03-09,42.19430160522461
2023-03-10,41.62733459472656
2023-03-13,41.6832389831543
2023-03-14,42.186309814453125
2023-03-15,41.9307746887207
2023-03-16,42.41788864135742
2023-03-17,41.94675064086914
2023-03-20,42.33004379272461
2023-03-21,42.64147186279297
2023-03-22,42.13041305541992
2023-03-23,42.21027374267578
2023-03-24,42.52968215942383
2023-03-27,42.721336364746094
2023-03-28,42.761253356933594
2023-03-29,43.1205940246582
2023-03-30,43.28829574584961
2023-03-31,43.59971618652344
2023-04-03,43.684242248535156
2023-04-04,43.571529388427734
2023-04-05,43.71644973754883
2023-04-06,43.7486457824707
2023-04-10,43.83721160888672
2023-04-11,43.95796585083008
2023-04-12,44.01432418823242
2023-04-13,44.16729736328125
2023-04-14,44.10288619995117
2023-04-17,44.199501037597656
2023-04-18,44.23170471191406
2023-04-19,44.23975372314453
2023-04-20,44.255863189697266
2023-04-21,44.344417572021484
2023-04-24,44.40882110595703
2023-04-25,44.01432418823242
2023-04-26,43.652042388916016
2023-04-27,44.27195739746094
2023-04-28,44.602046966552734
2023-05-01,44.67912292480469
2023-05-02,44.42761993408203
2023-05-03,44.13554763793945
2023-05-04,43.92460250854492
2023-05-05,44.3951530456543
2023-05-08,44.37893295288086
2023-05-09,44.257240295410156
2023-05-10,44.36270523071289
2023-05-11,44.3059196472168
2023-05-12,44.330257415771484
2023-05-15,44.38705062866211
2023-05-16,44.02195739746094
2023-05-17,44.37893295288086
2023-05-18,44.49252700805664
2023-05-19,44.52497863769531
2023-05-22,44.43572235107422
2023-05-23,44.07063293457031
2023-05-24,43.68931579589844
2023-05-25,43.72175979614258
2023-05-26,43.92460250854492
2023-05-30,43.85158157348633
2023-05-31,43.827239990234375
2023-06-01,44.043697357177734
2023-06-02,44.41127395629883
2023-06-05,44.44395065307617
2023-06-06,44.354103088378906
2023-06-07,44.44395065307617
2023-06-08,44.525630950927734
2023-06-09,44.46844482421875
2023-06-12,44.53380584716797
2023-06-13,44.60731887817383
2023-06-14,44.525630950927734
2023-06-15,44.76251983642578
2023-06-16,44.80336380004883
2023-06-20,44.65632247924805
2023-06-21,44.72984313964844
2023-06-22,44.738006591796875
2023-06-23,44.63182067871094
2023-06-26,44.74617385864258
2023-06-27,44.893211364746094
2023-06-28,44.8115348815918
2023-06-29,44.974891662597656
2023-06-30,45.1954345703125
2023-07-03,45.21928024291992
2023-07-05,45.17817687988281
2023-07-06,44.97262191772461
2023-07-07,44.86574172973633
2023-07-10,45.10417938232422
2023-07-11,45.260379791259766
2023-07-12,45.40837478637695
2023-07-13,45.37548828125
2023-07-14,45.48237228393555
2023-07-17,45.53170394897461
2023-07-18,45.548152923583984
2023-07-19,45.613922119140625
2023-07-20,45.77013397216797
2023-07-21,45.94279479980469
2023-07-24,45.97566604614258
2023-07-25,45.90168762207031
2023-07-26,45.96746063232422
2023-07-27,45.79480743408203
2023-07-28,45.893455505371094
2023-07-31,45.94279479980469
2023-08-01,45.926273345947266
2023-08-02,45.760963439941406
2023-08-03,45.703128814697266
2023-08-04,45.5626220703125
2023-08-07,45.96758270263672
2023-08-08,45.81882858276367
2023-08-09,45.74443817138672
2023-08-10,45.81056213378906
2023-08-11,45.884944915771484
2023-08-14,46.00063705444336
2023-08-15,45.5626220703125
2023-08-16,45.30641174316406
2023-08-17,45.05021667480469
2023-08-18,45.05021667480469
2023-08-21,45.13286209106445
2023-08-22,45.05021667480469
2023-08-23,45.38906478881836
2023-08-24,45.0337028503418
2023-08-25,45.37253952026367
2023-08-28,45.5874137878418
2023-08-29,45.93452453613281
2023-08-30,46.05850601196289
2023-08-31,45.94279861450195
2023-09-01,46.032588958740234
2023-09-05,45.78313446044922
2023-09-06,45.78313446044922
2023-09-07,45.84966278076172
2023-09-08,45.88291549682617
2023-09-11,46.06585693359375
2023-09-12,45.88291549682617
2023-09-13,45.96607971191406
2023-09-14,46.223846435546875
2023-09-15,45.89122772216797
2023-09-18,45.96607971191406
2023-09-19,45.87461471557617
2023-09-20,45.716617584228516
2023-09-21,45.07635498046875
2023-09-22,45.03477478027344
2023-09-25,45.14287567138672
2023-09-26,44.569129943847656
2023-09-27,44.48597717285156
2023-09-28,44.67721939086914
2023-09-29,44.53587341308594
2023-10-02,44.33744812011719
2023-10-03,43.8686408996582
2023-10-04,44.236995697021484
2023-10-05,44.02769088745117
2023-10-06,44.379310607910156
2023-10-09,44.613731384277344
2023-10-10,44.8648796081543
2023-10-11,45.0072021484375
2023-10-12,44.764427185058594
2023-10-13,44.75605010986328
2023-10-16,45.14952850341797
2023-10-17,45.25836181640625
2023-10-18,44.82303237915039
2023-10-19,44.49652099609375
2023-10-20,44.103050231933594
2023-10-23,43.95234680175781
2023-10-24,44.253746032714844
2023-10-25,43.82677459716797
2023-10-26,43.4835205078125
2023-10-27,43.123531341552734
2023-10-30,43.634212493896484
2023-10-31,44.05281066894531
2023-11-01,44.448150634765625
2023-11-02,44.97077560424805
2023-11-03,45.173072814941406
2023-11-06,45.28266143798828
2023-11-07,45.173072814941406
2023-11-08,45.20680236816406
2023-11-09,44.953914642333984
2023-11-10,45.350093841552734
2023-11-13,45.350093841552734
2023-11-14,45.68727111816406
2023-11-15,45.67884826660156
2023-11-16,45.6704216003418
2023-11-17,45.74626922607422
2023-11-20,45.73785400390625
2023-11-21,45.88113784790039
2023-11-22,46.007591247558594
2023-11-24,46.10030746459961
2023-11-27,45.9991455078125
2023-11-28,45.99073028564453
2023-11-29,45.94858169555664
2023-11-30,46.11717224121094
2023-12-01,46.31243896484375
2023-12-04,46.36337661743164
2023-12-05,46.168113708496094
2023-12-06,46.210548400878906
2023-12-07,46.25300979614258
2023-12-08,46.17660140991211
2023-12-11,46.43978500366211
2023-12-12,46.660518646240234
2023-12-13,46.9237174987793
2023-12-14,46.762393951416016
2023-12-15,46.736934661865234
2023-12-18,46.71995544433594
2023-12-19,46.80485153198242
2023-12-20,46.541664123535156
2023-12-21,46.736934661865234
2023-12-22,46.79636001586914
2023-12-26,46.898250579833984
2023-12-27,46.97465133666992
2023-12-28,47.041385650634766
2023-12-29,47.041385650634766
2024-01-02,47.161170959472656
2024-01-03,46.895931243896484
2024-01-04,46.878822326660156
2024-01-05,46.844608306884766
2024-01-08,47.161170959472656
2024-01-09,47.126949310302734
2024-01-10,47.178287506103516
2024-01-11,47.18683624267578
2024-01-12,47.31517791748047
2024-01-16,47.19540023803711
2024-01-17,47.01571273803711
2024-01-18,47.23818588256836
2024-01-19,47.452083587646484
2024-01-22,47.623207092285156
2024-01-23,47.7857666015625
2024-01-24,47.60609436035156
2024-01-25,47.81144714355469
2024-01-26,47.862770080566406
2024-01-29,48.04245376586914
2024-01-30,48.1451301574707
2024-01-31,47.8798942565918
2024-02-01,48.388282775878906
2024-02-02,48.336673736572266
2024-02-05,48.113006591796875
2024-02-06,48.199031829833984
2024-02-07,48.302268981933594
2024-02-08,48.28506851196289
2024-02-09,48.302268981933594
2024-02-12,48.302268981933594
2024-02-13,48.05278778076172
2024-02-14,48.319461822509766
2024-02-15,48.47430419921875
2024-02-16,48.37108612060547
2024-02-20,48.39688491821289
2024-02-21,48.60335159301758
2024-02-22,48.82700729370117
2024-02-23,48.93023681640625
2024-02-26,48.96464157104492
2024-02-27,48.94744873046875
2024-02-28,48.99045181274414
2024-02-29,49.007659912109375
2024-03-01,49.13823699951172
2024-03-04,49.19877624511719
2024-03-05,49.09498596191406
2024-03-06,49.285255432128906
2024-03-07,49.41497802734375
2024-03-08,49.38039016723633
2024-03-11,49.371742248535156
2024-03-12,49.544700622558594
2024-03-13,49.61388397216797
2024-03-14,49.57929611206055
2024-03-15,49.27660369873047
2024-03-18,49.42362976074219
2024-03-19,49.639827728271484
2024-03-20,49.76955032348633
2024-03-21,49.830078125
2024-03-22,49.69171142578125
2024-03-25,49.622528076171875
2024-03-26,49.657127380371094
2024-03-27,49.959800720214844
2024-03-28,50.03764343261719
2024-04-01,49.82448959350586
2024-04-02,49.720096588134766
2024-04-03,49.667903900146484
2024-04-04,49.31989288330078
2024-04-05,49.650489807128906
2024-04-08,49.76358413696289
2024-04-09,49.77229690551758
2024-04-10,49.31119918823242
2024-04-11,49.424293518066406
2024-04-12,48.89360046386719
2024-04-15,48.449893951416016
2024-04-16,48.45860290527344
2024-04-17,48.35420608520508
2024-04-18,48.25850296020508
2024-04-19,48.2411003112793
2024-04-22,48.650001525878906
2024-04-23,49.03279113769531
2024-04-24,49.08498764038086
2024-04-25,48.81528854370117
2024-04-26,48.96319580078125
2024-04-29,49.102386474609375
2024-04-30,48.65869140625
2024-05-01,48.56768798828125
2024-05-02,48.73394775390625
2024-05-03,49.05774688720703
2024-05-06,49.329017639160156
2024-05-07,49.57405090332031
2024-05-08,49.67030715942383
2024-05-09,49.906578063964844
2024-05-10,49.967838287353516
2024-05-13,49.932838439941406
2024-05-14,49.967838287353516
2024-05-15,50.09910202026367
2024-05-16,50.11660385131836
2024-05-17,50.22161865234375
2024-05-20,50.16036605834961
2024-05-21,50.072845458984375
2024-05-22,50.10786056518555
2024-05-23,49.81031799316406
2024-05-24,49.81031799316406
2024-05-28,49.521549224853516
2024-05-29,49.25026321411133
2024-05-30,49.24150848388672
2024-05-31,49.7315673828125
2024-06-03,49.49378967285156
2024-06-04,49.6082763671875
2024-06-05,49.77560806274414
2024-06-06,49.82844543457031
2024-06-07,49.77560806274414
2024-06-10,49.87247085571289
2024-06-11,49.75798416137695
2024-06-12,49.67872619628906
2024-06-13,49.59065246582031
2024-06-14,49.49378967285156
2024-06-17,49.59946060180664
2024-06-18,49.643497467041016
2024-06-20,49.784400939941406
2024-06-21,49.934120178222656
2024-06-24,50.15427780151367
2024-06-25,49.978145599365234
2024-06-26,49.95174026489258
2024-06-27,49.96934509277344
2024-06-28,49.916507720947266
2024-07-01,49.70390319824219
2024-07-02,49.783634185791016
2024-07-03,49.73048782348633
2024-07-05,49.943092346191406
2024-07-08,49.819061279296875
2024-07-09,49.72163009643555
2024-07-10,49.819061279296875
2024-07-11,50.173397064208984
2024-07-12,50.412567138671875
2024-07-15,50.36827850341797
2024-07-16,50.68717575073242
2024-07-17,50.78462219238281
2024-07-18,50.54545211791992
2024-07-19,50.28854751586914
2024-07-22,50.66946029663086
2024-07-23,50.412567138671875
2024-07-24,49.90763854980469
2024-07-25,49.889930725097656
2024-07-26,50.45686721801758
2024-07-29,50.510005950927734
2024-07-30,50.52772903442383
2024-07-31,50.91749954223633
2024-08-01,50.74744415283203
2024-08-02,50.186553955078125
2024-08-05,48.94902038574219
2024-08-06,49.42978286743164
2024-08-07,49.21611404418945
2024-08-08,50.05301284790039
2024-08-09,50.22216796875
2024-08-12,50.17765808105469
2024-08-13,50.596092224121094
2024-08-14,50.800865173339844
2024-08-15,51.24602127075195
2024-08-16,51.29053497314453
2024-08-19,51.477500915527344
2024-08-20,51.495304107666016
2024-08-21,51.63775634765625
2024-08-22,51.52201461791992
2024-08-23,51.73568344116211
2024-08-26,51.89594268798828
2024-08-27,51.949363708496094
2024-08-28,51.90484619140625
2024-08-29,52.12742233276367
2024-08-30,52.376712799072266
2024-09-03,52.071929931640625
2024-09-04,52.16156768798828
2024-09-05,51.92851257324219
2024-09-06,51.5699462890625
2024-09-09,52.080894470214844
2024-09-10,52.170536041259766
2024-09-11,52.304996490478516
2024-09-12,52.43946075439453
2024-09-13,52.73527145385742
2024-09-16,52.93247985839844
2024-09-17,52.89661407470703
2024-09-18,52.75319290161133
2024-09-19,53.07590103149414
2024-09-20,53.02211380004883
2024-09-23,53.17450714111328
2024-09-24,53.11175537109375
2024-09-25,53.00419616699219
2024-09-26,53.17450714111328
2024-09-27,53.255184173583984
2024-09-30,53.344818115234375
2024-10-01,53.33760452270508
2024-10-02,53.40978240966797
2024-10-03,53.15713119506836
2024-10-04,53.373695373535156
2024-10-07,53.093971252441406
2024-10-08,53.22931671142578
2024-10-09,53.436866760253906
2024-10-10,53.373695373535156
2024-10-11,53.6534309387207
2024-10-14,53.8790168762207
2024-10-15,53.752681732177734
2024-10-16,53.93314743041992
2024-10-17,53.996307373046875
2024-10-18,54.05045700073242
2024-10-21,53.82486343383789
2024-10-22,53.77975082397461
2024-10-23,53.71658706665039
2024-10-24,53.59026336669922
2024-10-25,53.445884704589844
2024-10-28,53.56318283081055
2024-10-29,53.45491409301758
2024-10-30,53.373695373535156
2024-10-31,52.958614349365234
2024-11-01,53.09938049316406
2024-11-04,53.06306076049805
2024-11-05,53.47172546386719
2024-11-06,54.11650848388672
2024-11-07,54.189151763916016
2024-11-08,54.51609420776367
2024-11-11,54.56149673461914
2024-11-12,54.46160888671875
2024-11-13,54.50700759887695
2024-11-14,54.2890510559082
2024-11-15,53.825904846191406
2024-11-18,53.9712028503418
2024-11-19,53.95304870605469
2024-11-20,54.0166015625
2024-11-21,54.4071159362793
2024-11-22,54.63414764404297
2024-11-25,54.94292449951172
2024-11-26,55.106388092041016
2024-11-27,55.11546325683594
2024-11-29,55.242610931396484
2024-12-02,55.12559509277344
2024-12-03,54.93361282348633
2024-12-04,55.00674819946289
2024-12-05,54.842193603515625
2024-12-06,54.769065856933594
2024-12-09,54.549652099609375
2024-12-10,54.5222282409668
2024-12-11,54.503936767578125
2024-12-12,54.40338134765625
2024-12-13,54.33024978637695
2024-12-16,54.14741516113281
2024-12-17,54.03771209716797
2024-12-18,52.803550720214844
2024-12-19,52.69385528564453
2024-12-20,53.20579528808594
2024-12-23,53.37948989868164
2024-12-24,53.77259063720703
2024-12-26,53.80916213989258
2024-12-27,53.44348907470703
2024-12-30,52.986392974853516
2024-12-31,52.95417404174805
2025-01-02,52.917354583740234
2025-01-03,53.368385314941406
2025-01-06,53.30394744873047
2025-01-07,53.07383346557617
2025-01-08,53.28553771972656
2025-01-10,52.52155685424805
2025-01-13,52.7148551940918
2025-01-14,52.92655563354492
2025-01-15,53.38679122924805
2025-01-16,53.616905212402344
2025-01-17,53.847023010253906
2025-01-21,54.261234283447266
2025-01-22,54.187599182128906
2025-01-23,54.43611526489258
2025-01-24,54.3992919921875
2025-01-27,54.574180603027344
2025-01-28,54.28884506225586
2025-01-29,54.25202560424805
2025-01-30,54.426910400390625
2025-01-31,54.27964401245117
2025-02-03,54.2018928527832
2025-02-04,54.257423400878906
2025-02-05,54.553611755371094
2025-02-06,54.64616775512695
2025-02-07,54.41476821899414
2025-02-10,54.69244384765625
2025-02-11,54.79426193237305
2025-02-12,54.64616775512695
2025-02-13,54.86830520629883
2025-02-14,54.76649475097656
2025-02-18,54.93309020996094
2025-02-19,55.26631164550781
2025-02-20,55.26631164550781
2025-02-21,54.729469299316406
2025-02-24,54.70169448852539
2025-02-25,54.83129119873047
2025-02-26,54.69244384765625
2025-02-27,54.32221221923828
2025-02-28,54.9886360168457
2025-03-03,54.62378692626953
2025-03-04,53.953678131103516
2025-03-05,54.44694900512695
2025-03-06,53.851295471191406
2025-03-07,54.1677360534668
2025-03-10,53.413856506347656
2025-03-11,52.81819534301758
2025-03-12,52.76235580444336
2025-03-13,52.27838134765625
2025-03-14,53.01365280151367
2025-03-17,53.479007720947266
2025-03-18,53.14394760131836
2025-03-19,53.413856506347656
2025-03-20,53.30216979980469
2025-03-21,53.153255462646484
2025-03-24,53.78614044189453
2025-03-25,53.65583801269531
2025-03-26,53.525535583496094
2025-03-27,53.40455627441406
2025-03-28,52.753047943115234
2025-03-31,53.181175231933594
2025-04-01,53.216800689697266
2025-04-02,53.432395935058594
2025-04-03,51.75444030761719
2025-04-04,48.876583099365234
2025-04-07,48.69847869873047
2025-04-08,47.93917465209961
2025-04-09,51.37009811401367
2025-04-10,50.11396789550781
2025-04-11,50.601417541503906
2025-04-14,51.24823760986328
2025-04-15,51.09824752807617
2025-04-16,50.254573822021484
2025-04-17,50.39518737792969
2025-04-21,49.41091537475586
2025-04-22,50.4608154296875
2025-04-23,50.8170280456543
2025-04-24,51.38884735107422
2025-04-25,51.53883361816406
2025-04-28,51.64194869995117
2025-04-29,51.82005310058594
2025-04-30,52.11065673828125
2025-05-01,52.108760833740234
2025-05-02,52.638362884521484
2025-05-05,52.59107971191406
2025-05-06,52.38302230834961
2025-05-07,52.65727615356445
2025-05-08,52.64781188964844
2025-05-09,52.62890625
2025-05-12,53.130130767822266
2025-05-13,52.9882698059082
2025-05-14,52.6667366027832
2025-05-15,52.92207717895508
2025-05-16,53.18687438964844
2025-05-19,53.23415756225586
2025-05-20,53.243621826171875
2025-05-21,52.88424301147461
2025-05-22,52.704566955566406
2025-05-23,52.505958557128906
2025-05-27,53.02610397338867
2025-05-28,52.865333557128906
2025-05-29,52.959903717041016
2025-05-30,53.045021057128906
2025-06-02,53.12141036987305
2025-06-03,53.2264518737793
2025-06-04,53.245548248291016
2025-06-05,53.255096435546875
2025-06-06,53.50336837768555
2025-06-09,53.49382400512695
2025-06-10,53.65615463256836
2025-06-11,53.646610260009766
2025-06-12,53.89488220214844
2025-06-13,53.51292419433594
2025-06-16,53.722999572753906
2025-06-17,53.3505859375
2025-06-18,53.2264518737793
2025-06-20,53.23599624633789
2025-06-23,53.59886932373047
2025-06-24,54.019020080566406
2025-06-25,53.81848907470703
2025-06-26,53.856689453125
2025-06-27,54.10496520996094
2025-06-30,54.28639602661133
2025-07-01,54.6037483215332
2025-07-02,54.632606506347656
2025-07-03,54.776851654052734
2025-07-07,54.536434173583984
2025-07-08,54.632606506347656
2025-07-09,54.67106246948242
2025-07-10,54.776851654052734
2025-07-11,54.58451461791992
2025-07-14,54.65183639526367
2025-07-15,54.29601287841797
2025-07-16,54.48834991455078
2025-07-17,54.83454895019531
2025-07-18,54.78647232055664
2025-07-21,54.67106246948242
2025-07-22,54.95956802368164
2025-07-23,55.036502838134766
2025-07-24,54.97880172729492
2025-07-25,55.12305450439453
2025-07-28,54.97880172729492
2025-07-29,54.96918487548828
2025-07-30,54.66145324707031
2025-07-31,54.31524658203125
2025-08-01,53.819732666015625
2025-08-04,54.41977310180664
2025-08-05,54.10039520263672
2025-08-06,54.187503814697266
2025-08-07,54.10039520263672
2025-08-08,54.2552490234375
2025-08-11,54.23589324951172
2025-08-12,54.52622985839844
2025-08-13,54.85528564453125
2025-08-14,54.797218322753906
2025-08-15,54.864959716796875
2025-08-18,54.913352966308594
2025-08-19,55.097232818603516
2025-08-20,55.26176071166992
2025-08-21,55.048851013183594
2025-08-22,55.523067474365234
2025-08-25,55.20369338989258
2025-08-26,55.25208282470703
2025-08-27,55.290802001953125
2025-08-28,55.3488655090332
2025-08-29,55.31015396118164
2025-09-02,55.181575775146484
2025-09-03,55.1133918762207
2025-09-04,55.28872299194336
2025-09-05,55.308204650878906
2025-09-08,55.33742904663086
2025-09-09,55.27898406982422
2025-09-10,55.42510223388672
2025-09-11,55.76602554321289
2025-09-12,55.42510223388672
2025-09-15,55.34716796875
2025-09-16,55.298465728759766
2025-09-17,55.444576263427734
2025-09-18,55.45431900024414
2025-09-19,55.386138916015625
2025-09-22,55.34716796875
2025-09-23,55.36664962768555
2025-09-24,55.40562057495117
2025-09-25,55.181575775146484
2025-09-26,55.46405792236328
2025-09-29,55.48353958129883
2025-09-30,55.619911193847656
2025-10-01,55.728721618652344
2025-10-02,55.728721618652344
2025-10-03,55.90517044067383
2025-10-06,55.84635543823242
2025-10-07,55.748329162597656
2025-10-08,55.787540435791016
2025-10-09,55.630699157714844
2025-10-10,54.89548873901367
2025-10-13,55.43463897705078
2025-10-14,55.75813674926758
2025-10-15,55.748329162597656
2025-10-16,55.39542770385742
2025-10-17,55.738529205322266
2025-10-20,56.04240798950195
2025-10-21,56.3855094909668
2025-10-22,56.1600456237793
2025-10-23,56.326690673828125
2025-10-24,56.326690673828125
2025-10-27,56.463932037353516
2025-10-28,56.10123062133789
2025-10-29,55.777740478515625
2025-10-30,55.787540435791016
2025-10-31,55.75813674926758
2025-11-03,55.61610412597656
2025-11-04,55.61610412597656
2025-11-05,55.695011138916016
2025-11-06,55.478031158447266
2025-11-07,55.67528533935547
2025-11-10,55.94157791137695
2025-11-11,56.32622528076172
2025-11-12,56.493892669677734
2025-11-13,56.07965850830078
2025-11-14,55.961307525634766
2025-11-17,55.61610412597656
2025-11-18,55.517478942871094
2025-11-19,55.54706954956055
2025-11-20,55.08351516723633
2025-11-21,55.8133659362793
2025-11-24,56.059932708740234
2025-11-25,56.651695251464844
2025-11-26,56.8785400390625
2025-11-28,57.11524963378906
2025-12-01,56.78866958618164
2025-12-02,56.739036560058594
2025-12-03,57.056678771972656
2025-12-04,57.036827087402344
2025-12-05,57.007049560546875
2025-12-08,56.74896240234375
2025-12-09,56.60007095336914
2025-12-10,56.98719787597656
2025-12-11,57.36439895629883
2025-12-12,57.304840087890625
2025-12-15,57.344547271728516
2025-12-16,57.09638595581055
2025-12-17,56.818450927734375
2025-12-18,56.98719787597656
2025-12-19,57.116241455078125
2025-12-22,57.334617614746094
2025-12-23,57.3941764831543
2025-12-24,57.54307174682617
2025-12-26,57.59270477294922
2025-12-29,57.55299758911133
2025-12-30,57.55299758911133
2025-12-31,57.2400016784668
2026-01-02,57.31999969482422
2026-01-05,57.470001220703125
2026-01-06,57.95000076293945
2026-01-07,57.7599983215332
2026-01-08,58.040000915527344
2026-01-09,58.25
2026-01-12,58.29999923706055
2026-01-13,58.25
2026-01-14,58.34000015258789
2026-01-15,58.43000030517578
2026-01-16,58.40999984741211
2026-01-20,57.619998931884766
2026-01-21,58.189998626708984
2026-01-22,58.34000015258789
2026-01-23,58.380001068115234
2026-01-26,58.61000061035156
