Date,DBMF,JEPI
2019-05-08,16.523277282714844,
2019-05-09,16.53253173828125,
2019-05-10,16.535173416137695,
2019-05-13,16.414243698120117,
2019-05-14,16.508075714111328,
2019-05-15,16.714252471923828,
2019-05-16,16.893985748291016,
2019-05-17,16.94685173034668,
2019-05-20,16.837820053100586,
2019-05-21,16.856321334838867,
2019-05-22,16.866893768310547,
2019-05-23,16.774381637573242,
2019-05-24,16.809406280517578,
2019-05-28,16.914470672607422,
2019-05-29,16.84640884399414,
2019-05-30,16.881431579589844,
2019-05-31,16.748611450195312,
2019-06-03,16.689800262451172,
2019-06-04,16.717554092407227,
2019-06-05,16.780988693237305,
2019-06-06,16.757863998413086,
2019-06-07,16.887378692626953,
2019-06-10,16.802135467529297,
2019-06-11,16.767772674560547,
2019-06-12,16.841121673583984,
2019-06-13,16.940902709960938,
2019-06-14,17.020858764648438,
2019-06-17,17.01557159423828,
2019-06-18,17.14508628845215,
2019-06-19,17.20588493347168,
2019-06-20,17.1761474609375,
2019-06-21,16.899934768676758,
2019-06-24,16.943546295166016,
2019-06-25,16.969980239868164,
2019-06-26,16.790897369384766,
2019-06-27,16.89344596862793,
2019-06-28,16.972835540771484,
2019-07-01,17.04230499267578,
2019-07-02,17.197776794433594,
2019-07-03,17.355228424072266,
2019-07-05,17.183879852294922,
2019-07-08,17.147493362426758,
2019-07-09,17.128305435180664,
2019-07-10,17.101844787597656,
2019-07-11,16.958940505981445,
2019-07-12,17.002605438232422,
2019-07-15,17.091920852661133,
2019-07-16,17.085304260253906,
2019-07-17,17.151460647583008,
2019-07-18,17.151460647583008,
2019-07-19,17.140880584716797,
2019-07-22,17.17793083190918,
2019-07-23,17.284440994262695,
2019-07-24,17.431310653686523,
2019-07-25,17.2778263092041,
2019-07-26,17.400217056274414,
2019-07-29,17.375736236572266,
2019-07-30,17.265914916992188,
2019-07-31,17.343984603881836,
2019-08-01,17.4829158782959,
2019-08-02,17.351259231567383,
2019-08-05,17.095888137817383,
2019-08-06,17.363826751708984,
2019-08-07,17.419403076171875,
2019-08-08,17.59406089782715,
2019-08-09,17.441898345947266,
2019-08-12,17.690650939941406,
2019-08-13,17.777978897094727,
2019-08-14,18.030040740966797,
2019-08-15,18.34164810180664,
2019-08-16,18.2900447845459,
2019-08-19,18.138538360595703,
2019-08-20,18.21991539001465,
2019-08-21,18.19014549255371,
2019-08-22,18.09156608581543,
2019-08-23,18.14449119567871,
2019-08-26,18.246374130249023,
2019-08-27,18.485870361328125,
2019-08-28,18.553354263305664,
2019-08-29,18.54871940612793,
2019-08-30,18.642004013061523,
2019-09-03,18.729328155517578,
2019-09-04,18.766380310058594,
2019-09-05,18.40581703186035,
2019-09-06,18.491825103759766,
2019-09-09,18.170297622680664,
2019-09-10,17.910295486450195,
2019-09-11,17.9857120513916,
2019-09-12,17.84810447692871,
2019-09-13,17.502761840820312,
2019-09-16,17.75019073486328,
2019-09-17,17.768714904785156,
2019-09-18,17.870601654052734,
2019-09-19,17.883169174194336,
2019-09-20,18.07238006591797,
2019-09-23,18.128616333007812,
2019-09-24,18.258947372436523,
2019-09-25,18.176908493041992,
2019-09-26,18.284086227416992,
2019-09-27,18.26288604736328,
2019-09-30,18.35698890686035,
2019-10-01,18.349031448364258,
2019-10-02,18.375539779663086,
2019-10-03,18.482898712158203,
2019-10-04,18.551820755004883,
2019-10-07,18.466333389282227,
2019-10-08,18.459043502807617,
2019-10-09,18.417293548583984,
2019-10-10,18.24498748779297,
2019-10-11,18.137632369995117,
2019-10-14,18.221134185791016,
2019-10-15,18.138954162597656,
2019-10-16,18.105161666870117,
2019-10-17,18.033586502075195,
2019-10-18,17.975927352905273,
2019-10-21,17.926223754882812,
2019-10-22,17.97460174560547,
2019-10-23,17.999786376953125,
2019-10-24,18.05413055419922,
2019-10-25,18.040212631225586,
2019-10-28,17.949424743652344,
2019-10-29,17.949424743652344,
2019-10-30,18.03955078125,
2019-10-31,18.14955711364746,
2019-11-01,18.11509895324707,
2019-11-04,18.095216751098633,
2019-11-05,18.042198181152344,
2019-11-06,18.101844787597656,
2019-11-07,17.977258682250977,
2019-11-08,17.96599006652832,
2019-11-11,17.959362030029297,
2019-11-12,18.019006729125977,
2019-11-13,18.046178817749023,
2019-11-14,18.072021484375,
2019-11-15,18.065393447875977,
2019-11-18,18.072021484375,
2019-11-19,18.105161666870117,
2019-11-20,18.12835121154785,
2019-11-21,18.094552993774414,
2019-11-22,18.168781280517578,
2019-11-25,18.28740119934082,
2019-11-26,18.327163696289062,
2019-11-27,18.350357055664062,
2019-11-29,18.28143882751465,
2019-12-02,18.02231788635254,
2019-12-03,18.116422653198242,
2019-12-04,18.134981155395508,
2019-12-05,18.055456161499023,
2019-12-06,18.154861450195312,
2019-12-09,18.13166618347168,
2019-12-10,18.048830032348633,
2019-12-11,18.104496002197266,
2019-12-12,18.104496002197266,
2019-12-13,18.27945327758789,
2019-12-16,18.294029235839844,
2019-12-17,18.260231018066406,
2019-12-18,18.23107147216797,
2019-12-19,18.260892868041992,
2019-12-20,18.382831573486328,
2019-12-23,18.3702392578125,
2019-12-24,18.38747215270996,
2019-12-26,18.471630096435547,
2019-12-27,18.442031860351562,
2019-12-30,18.274520874023438,
2019-12-31,18.286073684692383,
2020-01-02,18.527231216430664,
2020-01-03,18.48679542541504,
2020-01-06,18.52362060546875,
2020-01-07,18.49474334716797,
2020-01-08,18.500513076782227,
2020-01-09,18.56838607788086,
2020-01-10,18.566944122314453,
2020-01-13,18.631925582885742,
2020-01-14,18.638423919677734,
2020-01-15,18.668750762939453,
2020-01-16,18.770553588867188,
2020-01-17,18.84781265258789,
2020-01-21,18.79149055480957,
2020-01-22,18.820371627807617,
2020-01-23,18.870193481445312,
2020-01-24,18.7741641998291,
2020-01-27,18.533729553222656,
2020-01-28,18.614593505859375,
2020-01-29,18.727954864501953,
2020-01-30,18.70412826538086,
2020-01-31,18.469467163085938,
2020-02-03,18.56044578552246,
2020-02-04,18.629037857055664,
2020-02-05,18.668027877807617,
2020-02-06,18.77632713317871,
2020-02-07,18.81243133544922,
2020-02-10,18.990049362182617,
2020-02-11,18.997272491455078,
2020-02-12,19.06153106689453,
2020-02-13,19.03192901611328,
2020-02-14,19.10124397277832,
2020-02-18,19.18788719177246,
2020-02-19,19.3250732421875,
2020-02-20,19.35972785949707,
2020-02-21,19.343122482299805,
2020-02-24,19.015321731567383,
2020-02-25,18.672359466552734,
2020-02-26,18.66152572631836,
2020-02-27,18.17560386657715,
2020-02-28,18.0788516998291,
2020-03-02,18.448532104492188,
2020-03-03,18.577049255371094,
2020-03-04,18.839868545532227,
2020-03-05,18.756837844848633,
2020-03-06,18.920738220214844,
2020-03-09,18.349611282348633,
2020-03-10,18.532285690307617,
2020-03-11,18.25069808959961,
2020-03-12,17.53805160522461,
2020-03-13,18.0109806060791,
2020-03-16,17.964046478271484,
2020-03-17,17.552494049072266,
2020-03-18,17.340940475463867,
2020-03-19,17.574878692626953,
2020-03-20,17.8405818939209,
2020-03-23,18.04924774169922,
2020-03-24,18.278133392333984,
2020-03-25,18.161165237426758,
2020-03-26,18.25430679321289,
2020-03-27,18.320775985717773,
2020-03-30,18.423372268676758,
2020-03-31,18.314273834228516,
2020-04-01,18.335948944091797,
2020-04-02,18.35834503173828,
2020-04-03,18.245634078979492,
2020-04-06,18.485506057739258,
2020-04-07,18.3540096282959,
2020-04-08,18.33884048461914,
2020-04-09,18.416149139404297,
2020-04-13,18.422649383544922,
2020-04-14,18.48189353942871,
2020-04-15,18.549091339111328,
2020-04-16,18.608333587646484,
2020-04-17,18.57870864868164,
2020-04-20,18.67552947998047,
2020-04-21,18.744892120361328,
2020-04-22,18.84026527404785,
2020-04-23,18.84026527404785,
2020-04-24,18.911792755126953,
2020-04-27,18.890113830566406,
2020-04-28,18.947917938232422,
2020-04-29,18.886503219604492,
2020-04-30,18.720327377319336,
2020-05-01,18.658912658691406,
2020-05-04,18.658912658691406,
2020-05-05,18.635791778564453,
2020-05-06,18.575822830200195,
2020-05-07,18.575822830200195,
2020-05-08,18.575822830200195,
2020-05-11,18.58666229248047,
2020-05-12,18.58304786682129,
2020-05-13,18.669750213623047,
2020-05-14,18.662527084350586,
2020-05-15,18.658912658691406,
2020-05-18,18.338119506835938,
2020-05-19,18.32511329650879,
2020-05-20,18.243467330932617,
2020-05-21,18.29765510559082,30.789974212646484
2020-05-22,18.366296768188477,30.888025283813477
2020-05-26,18.142318725585938,30.97681427001953
2020-05-27,18.226848602294922,31.216690063476562
2020-05-28,18.109800338745117,31.53300666809082
2020-05-29,18.142318725585938,31.566272735595703
2020-06-01,18.0700626373291,31.550254821777344
2020-06-02,17.94001007080078,31.586631774902344
2020-06-03,17.72180938720703,31.71735954284668
2020-06-04,17.651002883911133,31.534231185913086
2020-06-05,17.651002883911133,31.705018997192383
2020-06-08,17.752155303955078,31.648286819458008
2020-06-09,17.737707138061523,31.481189727783203
2020-06-10,17.78105926513672,31.511415481567383
2020-06-11,17.73048210144043,30.912059783935547
2020-06-12,17.752155303955078,30.786901473999023
2020-06-15,17.752155303955078,31.01505470275879
2020-06-16,17.716032028198242,31.2296199798584
2020-06-17,17.644502639770508,31.219135284423828
2020-06-18,17.58597755432129,31.256759643554688
2020-06-19,17.68207359313965,31.233938217163086
2020-06-22,17.737707138061523,31.323963165283203
2020-06-23,17.694355010986328,31.32828140258789
2020-06-24,17.63149642944336,31.002103805541992
2020-06-25,17.683521270751953,31.044645309448242
2020-06-26,17.70880699157715,30.648164749145508
2020-06-29,17.723979949951172,30.93735694885254
2020-06-30,17.802732467651367,31.407207489013672
2020-07-01,17.687854766845703,31.592761993408203
2020-07-02,17.697969436645508,31.653139114379883
2020-07-06,17.816465377807617,31.991235733032227
2020-07-07,17.877155303955078,31.841821670532227
2020-07-08,17.90749740600586,31.874183654785156
2020-07-09,17.972524642944336,31.710426330566406
2020-07-10,17.94001007080078,31.917770385742188
2020-07-13,17.874982833862305,31.882282257080078
2020-07-14,17.90749740600586,32.17367935180664
2020-07-15,17.983360290527344,32.31439208984375
2020-07-16,17.914722442626953,32.408390045166016
2020-07-17,17.921945571899414,32.61763000488281
2020-07-20,17.96674156188965,32.64500427246094
2020-07-21,18.101133346557617,32.73653793334961
2020-07-22,18.160375595092773,32.90653610229492
2020-07-23,18.224681854248047,32.886600494384766
2020-07-24,18.232627868652344,32.847354888916016
2020-07-27,18.326553344726562,32.95009994506836
2020-07-28,18.369903564453125,33.001163482666016
2020-07-29,18.421205520629883,33.15433120727539
2020-07-30,18.42843246459961,33.07463073730469
2020-07-31,18.437097549438477,33.136898040771484
2020-08-03,18.54041862487793,33.237060546875
2020-08-04,18.726831436157227,33.25585174560547
2020-08-05,18.752836227416992,33.262107849121094
2020-08-06,18.752836227416992,33.318450927734375
2020-08-07,18.554149627685547,33.48247528076172
2020-08-10,18.521635055541992,33.575130462646484
2020-08-11,18.18277931213379,33.42487716674805
2020-08-12,18.146648406982422,33.6064338684082
2020-08-13,18.11846923828125,33.59391784667969
2020-08-14,18.106191635131836,33.650272369384766
2020-08-17,18.243467330932617,33.800498962402344
2020-08-18,18.357624053955078,33.762935638427734
2020-08-19,18.135087966918945,33.6940803527832
2020-08-20,18.201560974121094,33.690956115722656
2020-08-21,18.196504592895508,33.73164367675781
2020-08-24,18.216733932495117,33.863121032714844
2020-08-25,18.20734214782715,33.84434127807617
2020-08-26,18.272369384765625,33.90693283081055
2020-08-27,18.153873443603516,33.869384765625
2020-08-28,18.276704788208008,33.82555389404297
2020-08-31,18.31932830810547,33.92571258544922
2020-09-01,18.380746841430664,33.76284408569336
2020-09-02,18.478282928466797,34.06650924682617
2020-09-03,18.348234176635742,33.850589752197266
2020-09-04,18.1943359375,33.42885971069336
2020-09-08,18.127864837646484,33.25839614868164
2020-09-09,18.185665130615234,33.71296691894531
2020-09-10,18.153873443603516,33.38467788696289
2020-09-11,18.160375595092773,33.42885971069336
2020-09-14,18.29476547241211,33.776084899902344
2020-09-15,18.243467330932617,33.889739990234375
2020-09-16,18.07367515563965,33.83291244506836
2020-09-17,18.016599655151367,33.59933090209961
2020-09-18,17.987695693969727,33.43517303466797
2020-09-21,17.823688507080078,33.10056686401367
2020-09-22,17.796953201293945,33.378353118896484
2020-09-23,17.637279510498047,32.84803771972656
2020-09-24,17.583812713623047,32.87329864501953
2020-09-25,17.5708065032959,33.277339935302734
2020-09-28,17.81717872619629,33.66877746582031
2020-09-29,17.84319496154785,33.51092529296875
2020-09-30,17.768775939941406,33.66877746582031
2020-10-01,17.872817993164062,33.66112518310547
2020-10-02,17.874982833862305,33.5892219543457
2020-10-05,17.807071685791016,33.93292999267578
2020-10-06,17.719642639160156,33.68468475341797
2020-10-07,17.722536087036133,34.082496643066406
2020-10-08,17.723257064819336,34.27029037475586
2020-10-09,17.890878677368164,34.45741653442383
2020-10-12,18.01226043701172,34.62290954589844
2020-10-13,17.928447723388672,34.53761291503906
2020-10-14,17.827301025390625,34.5248908996582
2020-10-15,17.723979949951172,34.45359420776367
2020-10-16,17.838857650756836,34.552894592285156
2020-10-19,17.70085906982422,34.289371490478516
2020-10-20,17.777442932128906,34.34030532836914
2020-10-21,17.950124740600586,34.174800872802734
2020-10-22,17.947235107421875,34.27029037475586
2020-10-23,18.01443099975586,34.36131286621094
2020-10-26,17.874982833862305,34.142982482910156
2020-10-27,17.86631202697754,33.913822174072266
2020-10-28,17.81068229675293,33.296409606933594
2020-10-29,17.83740997314453,33.38551330566406
2020-10-30,17.767330169677734,33.187564849853516
2020-11-02,17.770219802856445,33.628578186035156
2020-11-03,17.809236526489258,34.14287185668945
2020-11-04,17.759382247924805,34.6250114440918
2020-11-05,18.036828994750977,34.99660110473633
2020-11-06,18.184946060180664,35.00817108154297
2020-11-09,17.882932662963867,35.081459045410156
2020-11-10,17.81790542602539,35.274322509765625
2020-11-11,17.807071685791016,35.42217254638672
2020-11-12,17.81357192993164,35.294883728027344
2020-11-13,18.00286865234375,35.589317321777344
2020-11-16,18.009374618530273,35.660037994384766
2020-11-17,18.0700626373291,35.57904052734375
2020-11-18,18.055614471435547,35.467185974121094
2020-11-19,18.04838752746582,35.53147888183594
2020-11-20,18.052001953125,35.45432662963867
2020-11-23,17.95952033996582,35.53147888183594
2020-11-24,18.062114715576172,35.68575668334961
2020-11-25,18.01587677001953,35.58289337158203
2020-11-27,18.143037796020508,35.68575668334961
2020-11-30,17.89665985107422,35.59574890136719
2020-12-01,18.1141357421875,35.7579345703125
2020-12-02,18.077289581298828,35.65090560913086
2020-12-03,18.197227478027344,35.518550872802734
2020-12-04,18.218177795410156,35.68657684326172
2020-12-07,18.18061065673828,35.621707916259766
2020-12-08,18.169048309326172,35.72550582885742
2020-12-09,18.124250411987305,35.69306182861328
2020-12-10,18.307048797607422,35.55034637451172
2020-12-11,18.199392318725586,35.58277893066406
2020-12-14,18.19072151184082,35.58927536010742
2020-12-15,18.394472122192383,35.887672424316406
2020-12-16,18.494897842407227,35.88120651245117
2020-12-17,18.623510360717773,36.10824966430664
2020-12-18,18.574377059936523,36.1666374206543
2020-12-21,18.364124298095703,36.01094436645508
2020-12-22,18.197948455810547,35.887672424316406
2020-12-23,18.37279510498047,35.92661666870117
2020-12-24,18.303436279296875,36.0712776184082
2020-12-28,18.359071731567383,36.24449920654297
2020-12-29,18.504003524780273,36.27043914794922
2020-12-30,18.702831268310547,36.25929641723633
2020-12-31,18.615432739257812,36.521331787109375
2021-01-04,18.643835067749023,36.12173843383789
2021-01-05,19.11577606201172,36.16758346557617
2021-01-06,18.990509033203125,36.37064743041992
2021-01-07,18.922773361206055,36.43682098388672
2021-01-08,19.12087631225586,36.53443145751953
2021-01-11,18.84848976135254,36.53443145751953
2021-01-12,19.013086318969727,36.45713806152344
2021-01-13,18.941709518432617,36.57373046875
2021-01-14,19.074264526367188,36.4558219909668
2021-01-15,18.728317260742188,36.521331787109375
2021-01-19,18.95992088317871,36.61959457397461
2021-01-20,19.217737197875977,36.94061279296875
2021-01-21,19.265804290771484,36.79648208618164
2021-01-22,19.091012954711914,36.803035736083984
2021-01-25,19.130342483520508,36.98643112182617
2021-01-26,19.03056526184082,36.953704833984375
2021-01-27,18.761093139648438,36.32479476928711
2021-01-28,18.870336532592773,36.4558219909668
2021-01-29,18.593585968017578,35.93830871582031
2021-02-01,18.81062126159668,36.24964904785156
2021-02-02,18.931514739990234,36.63143539428711
2021-02-03,19.088098526000977,36.519527435302734
2021-02-04,19.062612533569336,36.7762451171875
2021-02-05,19.27017593383789,36.8618278503418
2021-02-08,19.36922836303711,36.84865951538086
2021-02-09,19.50177764892578,36.92765808105469
2021-02-10,19.50323486328125,36.90789031982422
2021-02-11,19.57678985595703,36.88156509399414
2021-02-12,19.784358978271484,36.89473342895508
2021-02-16,19.919095993041992,36.80916976928711
2021-02-17,19.838254928588867,36.947391510009766
2021-02-18,19.707887649536133,36.99348068237305
2021-02-19,19.824417114257812,36.81574630737305
2021-02-22,19.919095993041992,36.730159759521484
2021-02-23,19.986825942993164,36.76309585571289
2021-02-24,20.09534454345703,36.90789031982422
2021-02-25,20.042909622192383,36.526119232177734
2021-02-26,19.419479370117188,36.183837890625
2021-03-01,19.667098999023438,36.77907180786133
2021-03-02,19.569509506225586,36.747283935546875
2021-03-03,19.704246520996094,36.409610748291016
2021-03-04,19.769794464111328,36.04545593261719
2021-03-05,19.962793350219727,36.71417236328125
2021-03-08,19.739206314086914,36.86646270751953
2021-03-09,19.80693817138672,37.11807632446289
2021-03-10,19.873943328857422,37.37629699707031
2021-03-11,20.21187400817871,37.50872039794922
2021-03-12,20.314565658569336,37.627899169921875
2021-03-15,20.2701358795166,37.786808013916016
2021-03-16,20.25994110107422,37.85301208496094
2021-03-17,20.415071487426758,37.740447998046875
2021-03-18,20.015230178833008,37.59479522705078
2021-03-19,20.131759643554688,37.50209045410156
2021-03-22,20.056745529174805,37.793426513671875
2021-03-23,19.62704849243164,37.813289642333984
2021-03-24,19.592086791992188,37.85301208496094
2021-03-25,19.64598274230957,38.00529479980469
2021-03-26,19.953327178955078,38.501888275146484
2021-03-29,20.007219314575195,38.61445617675781
2021-03-30,19.862287521362305,38.45554733276367
2021-03-31,19.986099243164062,38.482025146484375
2021-04-01,20.01377296447754,38.56062698364258
2021-04-05,20.19584846496582,38.79375457763672
2021-04-06,20.137582778930664,38.713829040527344
2021-04-07,20.116464614868164,38.62723159790039
2021-04-08,20.131031036376953,38.680519104003906
2021-04-09,20.1820125579834,38.740474700927734
2021-04-12,20.176185607910156,38.76711654663086
2021-04-13,20.188562393188477,38.800411224365234
2021-04-14,20.288347244262695,38.78709030151367
2021-04-15,20.26795196533203,39.04021072387695
2021-04-16,20.377925872802734,39.18010711669922
2021-04-19,20.6590518951416,39.186771392822266
2021-04-20,20.153606414794922,39.293331146240234
2021-04-21,20.242464065551758,39.359947204589844
2021-04-22,20.139041900634766,39.28667068481445
2021-04-23,20.40851402282715,39.379913330078125
2021-04-26,20.362628936767578,39.153438568115234
2021-04-27,20.494455337524414,39.30665969848633
2021-04-28,20.499553680419922,39.28001403808594
2021-04-29,20.619722366333008,39.4931640625
2021-04-30,20.434734344482422,39.479835510253906
2021-05-03,20.525772094726562,39.743953704833984
2021-05-04,20.367727279663086,39.76405715942383
2021-05-05,20.596418380737305,39.75066375732422
2021-05-06,20.51630210876465,39.93164825439453
2021-05-07,20.80034065246582,40.15956115722656
2021-05-10,20.778491973876953,40.23998260498047
2021-05-11,20.593502044677734,39.95846176147461
2021-05-12,20.297813415527344,39.36855697631836
2021-05-13,20.3123779296875,39.7774772644043
2021-05-14,20.80762481689453,40.179664611816406
2021-05-17,20.836755752563477,40.11933517456055
2021-05-18,20.814905166625977,39.8512077331543
2021-05-19,20.496639251708984,39.737247467041016
2021-05-20,20.589134216308594,40.0187873840332
2021-05-21,20.644485473632812,40.0187873840332
2021-05-24,20.849136352539062,40.20648956298828
2021-05-25,20.870986938476562,40.12602996826172
2021-05-26,20.873170852661133,40.15956115722656
2021-05-27,21.033397674560547,40.07912063598633
2021-05-28,21.0253849029541,40.172969818115234
2021-06-01,20.811994552612305,39.960018157958984
2021-06-02,20.986061096191406,40.175662994384766
2021-06-03,20.897933959960938,40.2430419921875
2021-06-04,21.018831253051758,40.38454818725586
2021-06-07,20.967853546142578,40.33065414428711
2021-06-08,21.00790786743164,40.30368423461914
2021-06-09,21.172504425048828,40.29694747924805
2021-06-10,21.10112953186035,40.41151809692383
2021-06-11,21.053789138793945,40.4721565246582
2021-06-14,21.047964096069336,40.505863189697266
2021-06-15,21.206008911132812,40.53281021118164
2021-06-16,20.919782638549805,40.3441276550293
2021-06-17,20.635019302368164,40.31717300415039
2021-06-18,20.468233108520508,40.00045394897461
2021-06-21,20.69109535217285,40.424991607666016
2021-06-22,20.774852752685547,40.512577056884766
2021-06-23,20.734790802001953,40.38454818725586
2021-06-24,20.913225173950195,40.59345626831055
2021-06-25,20.880456924438477,40.82257080078125
2021-06-28,20.739166259765625,40.81583023071289
2021-06-29,20.750091552734375,40.82257080078125
2021-06-30,20.751544952392578,40.81583023071289
2021-07-01,20.905946731567383,41.002357482910156
2021-07-02,21.066171646118164,41.104087829589844
2021-07-06,20.833843231201172,41.124454498291016
2021-07-07,20.77776527404785,41.32793045043945
2021-07-08,20.611711502075195,41.23297119140625
2021-07-09,20.79669761657715,41.30080032348633
2021-07-12,20.9387149810791,41.3347053527832
2021-07-13,20.830928802490234,41.307579040527344
2021-07-14,20.857879638671875,41.41611862182617
2021-07-15,20.737709045410156,41.524635314941406
2021-07-16,20.69837760925293,41.5517578125
2021-07-19,20.137582778930664,41.205841064453125
2021-07-20,20.315290451049805,41.50428771972656
2021-07-21,20.680171966552734,41.51107406616211
2021-07-22,20.77121353149414,41.55854797363281
2021-07-23,20.884098052978516,41.86377716064453
2021-07-26,20.902301788330078,41.802738189697266
2021-07-27,20.767568588256836,41.86377716064453
2021-07-28,20.869531631469727,41.707763671875
2021-07-29,20.891380310058594,41.809513092041016
2021-07-30,20.90521812438965,41.86377716064453
2021-08-02,20.873170852661133,41.84131622314453
2021-08-03,20.865888595581055,42.052459716796875
2021-08-04,20.629919052124023,41.88896942138672
2021-08-05,20.691822052001953,42.00476837158203
2021-08-06,20.507564544677734,42.04564666748047
2021-08-09,20.21769905090332,42.059268951416016
2021-08-10,20.360445022583008,42.14099884033203
2021-08-11,20.359718322753906,42.24997329711914
2021-08-12,20.428178787231445,42.25679016113281
2021-08-13,20.452211380004883,42.35895919799805
2021-08-16,20.593502044677734,42.61097717285156
2021-08-17,20.318933486938477,42.5769157409668
2021-08-18,20.040721893310547,42.30445861816406
2021-08-19,20.15579605102539,42.393009185791016
2021-08-20,20.260671615600586,42.570106506347656
2021-08-23,20.471145629882812,42.62459182739258
2021-08-24,20.421627044677734,42.50199508666992
2021-08-25,20.477703094482422,42.53605651855469
2021-08-26,20.396133422851562,42.46112823486328
2021-08-27,20.51630210876465,42.542850494384766
2021-08-30,20.54543113708496,42.65864944458008
2021-08-31,20.35243797302246,42.59054183959961
2021-09-01,20.84112548828125,42.62409591674805
2021-09-02,20.531599044799805,42.754207611083984
2021-09-03,20.603700637817383,42.7131233215332
2021-09-07,20.62627601623535,42.404937744140625
2021-09-08,20.559999465942383,42.569305419921875
2021-09-09,20.628463745117188,42.33646011352539
2021-09-10,20.32184600830078,42.17896270751953
2021-09-13,20.474790573120117,42.15155029296875
2021-09-14,20.455127716064453,41.905025482177734
2021-09-15,20.579666137695312,42.17896270751953
2021-09-16,20.6590518951416,42.131011962890625
2021-09-17,20.36481475830078,41.88447189331055
2021-09-20,20.21551513671875,41.425636291503906
2021-09-21,20.184926986694336,41.39140701293945
2021-09-22,20.358991622924805,41.569454193115234
2021-09-23,20.385208129882812,41.88447189331055
2021-09-24,20.387393951416016,41.891319274902344
2021-09-27,20.287616729736328,41.72010040283203
2021-09-28,20.09024429321289,41.13114929199219
2021-09-29,20.246829986572266,41.322906494140625
2021-09-30,20.324758529663086,40.8229866027832
2021-10-01,20.268678665161133,41.14878845214844
2021-10-04,20.14049530029297,40.873260498046875
2021-10-05,20.262123107910156,41.176334381103516
2021-10-06,20.254114151000977,41.348533630371094
2021-10-07,20.235179901123047,41.62405014038086
2021-10-08,20.370643615722656,41.527626037597656
2021-10-11,20.439830780029297,41.34162902832031
2021-10-12,20.350248336791992,41.30720901489258
2021-10-13,20.407058715820312,41.51384353637695
2021-10-14,20.573110580444336,41.98222351074219
2021-10-15,20.74207305908203,42.17508316040039
2021-10-18,20.61098289489746,42.12687301635742
2021-10-19,20.769752502441406,42.319732666015625
2021-10-20,20.84185791015625,42.49882507324219
2021-10-21,20.9176025390625,42.567710876464844
2021-10-22,20.888465881347656,42.73301696777344
2021-10-25,20.967853546142578,42.739906311035156
2021-10-26,20.97804832458496,42.76057434082031
2021-10-27,20.85933494567871,42.54703903198242
2021-10-28,20.851322174072266,42.69168472290039
2021-10-29,21.171775817871094,42.69168472290039
2021-11-01,21.20454978942871,42.57805252075195
2021-11-02,21.127349853515625,42.68198013305664
2021-11-03,20.971492767333984,42.744354248046875
2021-11-04,20.80034065246582,42.730491638183594
2021-11-05,21.102588653564453,42.640411376953125
2021-11-08,21.05670738220215,42.54340362548828
2021-11-09,21.208192825317383,42.6473388671875
2021-11-10,21.146284103393555,42.744354248046875
2021-11-11,21.14264488220215,42.730491638183594
2021-11-12,21.179059982299805,42.931434631347656
2021-11-15,21.259172439575195,42.95913314819336
2021-11-16,21.364774703979492,43.00071716308594
2021-11-17,21.06544303894043,42.88291549682617
2021-11-18,21.193626403808594,42.772064208984375
2021-11-19,20.89501953125,42.71664047241211
2021-11-22,21.08146858215332,42.744354248046875
2021-11-23,21.313796997070312,42.88291549682617
2021-11-24,21.25553321838379,42.903717041015625
2021-11-26,20.377925872802734,42.51570129394531
2021-11-29,20.308738708496094,42.6473388671875
2021-11-30,20.66924476623535,41.968299865722656
2021-12-01,20.046546936035156,41.60780334472656
2021-12-02,20.045093536376953,42.17263412475586
2021-12-03,20.1412296295166,42.291160583496094
2021-12-06,20.15579605102539,42.71650695800781
2021-12-07,20.458038330078125,43.19068145751953
2021-12-08,20.519943237304688,43.120941162109375
2021-12-09,20.421627044677734,43.093055725097656
2021-12-10,20.42526626586914,43.37197494506836
2021-12-13,20.42890739440918,43.483551025390625
2021-12-14,20.46531867980957,43.232513427734375
2021-12-15,20.574567794799805,43.7066764831543
2021-12-16,20.58184814453125,43.87401580810547
2021-12-17,20.45294189453125,43.406829833984375
2021-12-20,20.394676208496094,43.072139739990234
2021-12-21,20.527231216430664,43.42775344848633
2021-12-22,20.353160858154297,43.636940002441406
2021-12-23,20.510475158691406,43.80429458618164
2021-12-27,20.699108123779297,44.15293884277344
2021-12-28,21.01154899597168,44.17387008666992
2021-12-29,20.574567794799805,44.35516357421875
2021-12-30,20.78938102722168,44.29826354980469
2021-12-31,20.754789352416992,44.38256072998047
2022-01-03,20.942241668701172,44.18589401245117
2022-01-04,20.782947540283203,44.27720642089844
2022-01-05,20.741107940673828,44.17184829711914
2022-01-06,20.829607009887695,44.08053970336914
2022-01-07,20.958335876464844,43.94007873535156
2022-01-10,20.645366668701172,43.84876251220703
2022-01-11,20.64214515686035,43.94709396362305
2022-01-12,20.544801712036133,44.05244445800781
2022-01-13,20.394351959228516,43.85578536987305
2022-01-14,20.679962158203125,43.68019104003906
2022-01-18,20.998559951782227,43.160438537597656
2022-01-19,20.942241668701172,42.96377944946289
2022-01-20,20.998559951782227,42.6336669921875
2022-01-21,20.725019454956055,42.19117736816406
2022-01-24,20.629276275634766,42.32461929321289
2022-01-25,20.83765411376953,41.854042053222656
2022-01-26,20.966379165649414,41.62225341796875
2022-01-27,20.958335876464844,41.629276275634766
2022-01-28,21.119245529174805,42.401878356933594
2022-01-31,20.83765411376953,42.83734893798828
2022-02-01,20.845699310302734,42.96598434448242
2022-02-02,20.872249603271484,43.44660568237305
2022-02-03,20.893972396850586,43.05786895751953
2022-02-04,21.127288818359375,42.852901458740234
2022-02-07,20.88592529296875,42.69035339355469
2022-02-08,20.813518524169922,42.96598434448242
2022-02-09,20.990516662597656,43.33351135253906
2022-02-10,21.03879165649414,42.76102066040039
2022-02-11,21.497377395629883,42.32279968261719
2022-02-14,21.55369758605957,42.20265579223633
2022-02-15,21.223833084106445,42.513633728027344
2022-02-16,21.19969940185547,42.62672424316406
2022-02-17,20.982471466064453,42.209712982177734
2022-02-18,20.998559951782227,42.08248519897461
2022-02-22,21.151426315307617,41.743221282958984
2022-02-23,21.280153274536133,41.227272033691406
2022-02-24,21.593923568725586,41.4817008972168
2022-02-25,21.56174087524414,42.4288215637207
2022-02-28,21.48531150817871,42.30867004394531
2022-03-01,21.93183135986328,41.87559509277344
2022-03-02,22.126529693603516,42.395565032958984
2022-03-03,22.076650619506836,42.54515838623047
2022-03-04,21.947921752929688,42.63774871826172
2022-03-07,22.616498947143555,41.932579040527344
2022-03-08,22.873146057128906,41.39125061035156
2022-03-09,22.37432861328125,41.96107864379883
2022-03-10,22.55535125732422,41.9183235168457
2022-03-11,22.688100814819336,41.76874542236328
2022-03-14,22.583513259887695,41.818603515625
2022-03-15,22.35019302368164,42.466796875
2022-03-16,22.060556411743164,42.82294464111328
2022-03-17,22.231924057006836,43.236083984375
2022-03-18,22.2375545501709,43.378536224365234
2022-03-21,22.91176414489746,43.35004425048828
2022-03-22,23.428281784057617,43.46400451660156
2022-03-23,23.653553009033203,43.22895050048828
2022-03-24,23.371965408325195,43.45689010620117
2022-03-25,23.651138305664062,43.663448333740234
2022-03-28,23.51356315612793,43.79879379272461
2022-03-29,23.380813598632812,43.877132415771484
2022-03-30,23.26737403869629,43.877132415771484
2022-03-31,23.004289627075195,43.73466873168945
2022-04-01,23.2110538482666,43.8770751953125
2022-04-04,23.4821834564209,43.76199722290039
2022-04-05,23.750097274780273,43.83392333984375
2022-04-06,23.725961685180664,44.171939849853516
2022-04-07,23.82331085205078,44.37331771850586
2022-04-08,24.015594482421875,44.44522476196289
2022-04-11,24.1684627532959,44.11441421508789
2022-04-12,24.30362319946289,43.95619201660156
2022-04-13,24.498321533203125,44.22227096557617
2022-04-14,24.699459075927734,44.09282684326172
2022-04-18,24.956912994384766,43.992149353027344
2022-04-19,25.207929611206055,44.37331771850586
2022-04-20,24.779911041259766,44.754486083984375
2022-04-21,25.117820739746094,44.36612319946289
2022-04-22,25.053455352783203,43.30891418457031
2022-04-25,24.771867752075195,43.46714401245117
2022-04-26,24.787960052490234,42.625701904296875
2022-04-27,25.021276473999023,42.77674102783203
2022-04-28,25.516067504882812,43.37364196777344
2022-04-29,25.439640045166016,42.12947082519531
2022-05-02,25.99477195739746,41.96127700805664
2022-05-03,25.52813720703125,42.164276123046875
2022-05-04,25.251373291015625,43.019744873046875
2022-05-05,25.680999755859375,42.12076950073242
2022-05-06,26.059133529663086,41.90328598022461
2022-05-09,25.721227645874023,41.1275634765625
2022-05-10,25.487911224365234,40.98256301879883
2022-05-11,25.63031578063965,40.77957534790039
2022-05-12,25.518484115600586,40.83032989501953
2022-05-13,25.84995460510254,41.38855743408203
2022-05-16,26.0108642578125,41.52628707885742
2022-05-17,25.664905548095703,41.917781829833984
2022-05-18,25.664905548095703,40.59833526611328
2022-05-19,25.439640045166016,40.3663444519043
2022-05-20,25.3994083404541,40.45332717895508
2022-05-23,25.29482078552246,41.10581970214844
2022-05-24,25.069549560546875,41.27254867553711
2022-05-25,25.133913040161133,41.36680221557617
2022-05-26,25.158048629760742,41.82353973388672
2022-05-27,25.045412063598633,42.41075134277344
2022-05-31,25.190229415893555,42.099029541015625
2022-06-01,25.624679565429688,41.898597717285156
2022-06-02,25.536178588867188,42.19118118286133
2022-06-03,25.857999801635742,42.1107177734375
2022-06-06,26.051090240478516,42.2058219909668
2022-06-07,25.97063446044922,42.46183776855469
2022-06-08,26.308547973632812,42.1107177734375
2022-06-09,26.405088424682617,41.547489166259766
2022-06-10,26.46140480041504,40.808692932128906
2022-06-13,26.815406799316406,39.565216064453125
2022-06-14,26.799314498901367,39.32381820678711
2022-06-15,26.31658363342285,39.55788803100586
2022-06-16,26.252227783203125,38.665504455566406
2022-06-17,26.26831817626953,38.70207214355469
2022-06-21,26.525772094726562,39.5871467590332
2022-06-22,26.083267211914062,39.718814849853516
2022-06-23,25.801681518554688,40.150390625
2022-06-24,25.745365142822266,41.05009841918945
2022-06-27,25.92236328125,41.10860824584961
2022-06-28,26.15567398071289,40.56732177734375
2022-06-29,26.2763614654541,40.618526458740234
2022-06-30,26.067180633544922,40.56000518798828
2022-07-01,25.87409210205078,41.05637741088867
2022-07-05,25.809728622436523,40.76787567138672
2022-07-06,25.833864212036133,41.01939392089844
2022-07-07,25.914318084716797,41.15995407104492
2022-07-08,25.99477195739746,41.078575134277344
2022-07-11,26.171770095825195,41.145145416259766
2022-07-12,25.90627098083496,40.856651306152344
2022-07-13,26.059133529663086,40.605140686035156
2022-07-14,26.252227783203125,40.605140686035156
2022-07-15,26.051090240478516,41.078575134277344
2022-07-18,26.220043182373047,40.82706069946289
2022-07-19,25.99477195739746,41.33749008178711
2022-07-20,26.115453720092773,41.25611114501953
2022-07-21,25.73731803894043,41.46324920654297
2022-07-22,25.4798641204834,41.574214935302734
2022-07-25,25.60054588317871,41.80353546142578
2022-07-26,25.833864212036133,41.796142578125
2022-07-27,25.560317993164062,41.97368621826172
2022-07-28,25.278728485107422,42.41012191772461
2022-07-29,25.133913040161133,42.484107971191406
2022-08-01,24.83622932434082,42.331146240234375
2022-08-02,25.133913040161133,42.15205764770508
2022-08-03,25.278728485107422,42.286373138427734
2022-08-04,24.89255142211914,42.30128479003906
2022-08-05,25.18218231201172,42.39083480834961
2022-08-08,25.318954467773438,42.5251579284668
2022-08-09,25.318954467773438,42.622161865234375
2022-08-10,24.916683197021484,42.793785095214844
2022-08-11,25.08563804626465,42.75646209716797
2022-08-12,24.956912994384766,42.9952507019043
2022-08-15,25.061500549316406,43.107177734375
2022-08-16,25.08563804626465,43.15195083618164
2022-08-17,25.158048629760742,43.062416076660156
2022-08-18,25.375274658203125,43.15195083618164
2022-08-19,25.608592987060547,43.122093200683594
2022-08-22,25.664905548095703,42.82361602783203
2022-08-23,25.689044952392578,42.65945816040039
2022-08-24,25.664905548095703,42.71170425415039
2022-08-25,25.447681427001953,43.092254638671875
2022-08-26,25.5683650970459,42.24906539916992
2022-08-29,25.680999755859375,42.02519989013672
2022-08-30,25.793636322021484,41.55511474609375
2022-08-31,25.817773818969727,41.23424530029297
2022-09-01,26.22808837890625,41.51240921020508
2022-09-02,26.203956604003906,41.04503631591797
2022-09-06,26.541860580444336,41.097808837890625
2022-09-07,26.356813430786133,41.71592712402344
2022-09-08,26.46140480041504,41.957149505615234
2022-09-09,26.372905731201172,42.32653045654297
2022-09-12,26.12350082397461,42.54513168334961
2022-09-13,26.525772094726562,41.210872650146484
2022-09-14,26.493587493896484,41.36164093017578
2022-09-15,26.557950973510742,41.029972076416016
2022-09-16,26.47749900817871,40.85658645629883
2022-09-19,26.541860580444336,41.09027862548828
2022-09-20,26.726905822753906,40.72089385986328
2022-09-21,26.87172508239746,40.20077896118164
2022-09-22,26.92803955078125,40.01986312866211
2022-09-23,27.225719451904297,39.59772491455078
2022-09-26,27.61190414428711,39.21327590942383
2022-09-27,27.80499267578125,38.94190979003906
2022-09-28,27.209630966186523,39.620338439941406
2022-09-29,27.241809844970703,39.09265899658203
2022-09-30,27.306177139282227,38.61777114868164
2022-10-03,26.98436164855957,39.531673431396484
2022-10-04,26.48554229736328,40.292640686035156
2022-10-05,26.743000030517578,40.193721771240234
2022-10-06,27.048725128173828,39.7447509765625
2022-10-07,27.330310821533203,39.05227279663086
2022-10-10,27.547536849975586,38.99900817871094
2022-10-11,27.61190414428711,38.907691955566406
2022-10-12,27.547536849975586,38.71744155883789
2022-10-13,27.52340316772461,39.45558166503906
2022-10-14,27.80499267578125,38.907691955566406
2022-10-17,27.45903968811035,39.56972122192383
2022-10-18,27.354450225830078,39.950191497802734
2022-10-19,27.837173461914062,39.661033630371094
2022-10-20,27.990039825439453,39.28055953979492
2022-10-21,27.700401306152344,39.896942138671875
2022-10-24,27.8532657623291,40.31546401977539
2022-10-25,27.507314682006836,40.65788650512695
2022-10-26,27.129180908203125,40.79486083984375
2022-10-27,27.201589584350586,40.954654693603516
2022-10-28,27.37053680419922,41.571041107177734
2022-10-31,27.571674346923828,41.52538299560547
2022-11-01,27.402719497680664,41.48382568359375
2022-11-02,27.644086837768555,41.05290222167969
2022-11-03,27.813039779663086,40.99904251098633
2022-11-04,27.4912166595459,41.39917755126953
2022-11-07,27.52340316772461,41.67619705200195
2022-11-08,27.113080978393555,41.937843322753906
2022-11-09,27.209630966186523,41.49152374267578
2022-11-10,26.147634506225586,42.46878433227539
2022-11-11,25.753406524658203,42.24563217163086
2022-11-14,25.84995460510254,42.29180908203125
2022-11-15,25.592498779296875,42.36876678466797
2022-11-16,25.407455444335938,42.47648620605469
2022-11-17,25.60054588317871,42.44571304321289
2022-11-18,25.729270935058594,42.7765998840332
2022-11-21,25.866044998168945,43.01513671875
2022-11-22,25.69709014892578,43.25368118286133
2022-11-23,25.3994083404541,43.34602737426758
2022-11-25,25.375274658203125,43.49222946166992
2022-11-28,25.471817016601562,43.22289276123047
2022-11-29,25.52813720703125,43.20751953125
2022-11-30,25.133913040161133,43.692298889160156
2022-12-01,24.8684139251709,43.65340042114258
2022-12-02,24.787960052490234,43.68452835083008
2022-12-05,25.037368774414062,43.49782180786133
2022-12-06,25.021276473999023,43.22557830810547
2022-12-07,24.812095642089844,43.2489128112793
2022-12-08,24.787960052490234,43.46672058105469
2022-12-09,24.973003387451172,43.21002960205078
2022-12-12,24.940818786621094,43.74675369262695
2022-12-13,24.739688873291016,43.8167610168457
2022-12-14,24.691410064697266,43.723411560058594
2022-12-15,24.683368682861328,43.023345947265625
2022-12-16,24.86036491394043,42.642189025878906
2022-12-19,24.85232162475586,42.40104675292969
2022-12-20,25.013229370117188,42.432167053222656
2022-12-21,24.90863800048828,42.96110534667969
2022-12-22,25.077592849731445,42.64997100830078
2022-12-23,25.053455352783203,42.914432525634766
2022-12-27,25.093685150146484,43.01556396484375
2022-12-28,25.30783462524414,42.587730407714844
2022-12-29,25.169113159179688,43.02244567871094
2022-12-30,25.23847198486328,42.83378982543945
2023-01-03,25.177785873413086,42.81806564331055
2023-01-04,24.987041473388672,43.030303955078125
2023-01-05,25.0303955078125,42.590084075927734
2023-01-06,24.70960235595703,43.37617874145508
2023-01-09,24.683589935302734,43.25041580200195
2023-01-10,24.79630470275879,43.38404083251953
2023-01-11,24.640243530273438,43.62772750854492
2023-01-12,24.58822250366211,43.67489242553711
2023-01-13,24.622901916503906,43.78495788574219
2023-01-17,24.692258834838867,43.67489242553711
2023-01-18,24.527528762817383,43.17965316772461
2023-01-19,24.692258834838867,42.9438362121582
2023-01-20,24.674917221069336,43.24256134033203
2023-01-23,24.674917221069336,43.32902526855469
2023-01-24,24.666250228881836,43.38404083251953
2023-01-25,24.64891242980957,43.36045455932617
2023-01-26,24.692258834838867,43.38404083251953
2023-01-27,24.640243530273438,43.25041580200195
2023-01-30,24.640243530273438,43.25041580200195
2023-01-31,24.423490524291992,43.60414123535156
2023-02-01,24.518861770629883,43.61524963378906
2023-02-02,24.380142211914062,43.5359992980957
2023-02-03,24.39748191833496,43.337890625
2023-02-06,24.484180450439453,43.41712951660156
2023-02-07,24.64891242980957,43.432979583740234
2023-02-08,24.458166122436523,43.28241729736328
2023-02-09,24.605558395385742,43.13186264038086
2023-02-10,24.510190963745117,43.40128707885742
2023-02-13,24.622901916503906,43.631080627441406
2023-02-14,24.79630470275879,43.54391098022461
2023-02-15,24.75295066833496,43.65485763549805
2023-02-16,24.813640594482422,43.425048828125
2023-02-17,24.744281768798828,43.50429916381836
2023-02-21,24.770288467407227,43.036766052246094
2023-02-22,24.683589935302734,42.917911529541016
2023-02-23,24.562213897705078,42.99713897705078
2023-02-24,24.700931549072266,42.6722526550293
2023-02-27,24.83098030090332,42.79112243652344
2023-02-28,24.605558395385742,42.62471008300781
2023-03-01,24.80497169494629,42.449832916259766
2023-03-02,24.900341033935547,42.777225494384766
2023-03-03,24.75295066833496,43.14455032348633
2023-03-06,24.909013748168945,43.20844650268555
2023-03-07,24.57954978942871,42.689388275146484
2023-03-08,24.64891242980957,42.721317291259766
2023-03-09,24.432159423828125,42.194297790527344
2023-03-10,23.68653678894043,41.62735366821289
2023-03-13,22.9669246673584,41.68323516845703
2023-03-14,23.461116790771484,42.18631362915039
2023-03-15,22.6201229095459,41.9307746887207
2023-03-16,22.897565841674805,42.41788864135742
2023-03-17,22.455392837524414,41.946754455566406
2023-03-20,22.73283576965332,42.33005142211914
2023-03-21,22.975595474243164,42.64146423339844
2023-03-22,22.6201229095459,42.130409240722656
2023-03-23,22.50741195678711,42.21028137207031
2023-03-24,22.281993865966797,42.52967834472656
2023-03-27,22.84554672241211,42.721317291259766
2023-03-28,22.836875915527344,42.76124954223633
2023-03-29,22.975595474243164,43.120601654052734
2023-03-30,22.992935180664062,43.28827667236328
2023-03-31,22.802194595336914,43.599708557128906
2023-04-03,22.672143936157227,43.684234619140625
2023-04-04,22.550762176513672,43.57152557373047
2023-04-05,22.41204071044922,43.71644973754883
2023-04-06,22.40337371826172,43.7486457824707
2023-04-10,22.646135330200195,43.83720779418945
2023-04-11,22.672143936157227,43.95797348022461
2023-04-12,22.77618408203125,44.014339447021484
2023-04-13,22.84554672241211,44.16730880737305
2023-04-14,22.975595474243164,44.10289001464844
2023-04-17,23.10564613342285,44.199493408203125
2023-04-18,23.131656646728516,44.2317008972168
2023-04-19,23.096973419189453,44.23976516723633
2023-04-20,23.06229591369629,44.255863189697266
2023-04-21,23.06229591369629,44.344417572021484
2023-04-24,23.096973419189453,44.4088249206543
2023-04-25,22.81953239440918,44.014339447021484
2023-04-26,22.862882614135742,43.65203857421875
2023-04-27,23.031949996948242,44.27195739746094
2023-04-28,23.02761459350586,44.602054595947266
2023-05-01,23.253036499023438,44.67912673950195
2023-05-02,23.079635620117188,44.42760467529297
2023-05-03,22.992935180664062,44.13555145263672
2023-05-04,22.92357635498047,43.924598693847656
2023-05-05,23.04495620727539,44.395164489746094
2023-05-08,23.06229591369629,44.378936767578125
2023-05-09,23.16633415222168,44.257240295410156
2023-05-10,22.9669246673584,44.36271286010742
2023-05-11,22.91490364074707,44.30591583251953
2023-05-12,23.04495620727539,44.33025360107422
2023-05-15,23.19234275817871,44.38705825805664
2023-05-16,23.070966720581055,44.02195358276367
2023-05-17,23.14899444580078,44.378936767578125
2023-05-18,23.157665252685547,44.492523193359375
2023-05-19,23.209686279296875,44.52497482299805
2023-05-22,23.261703491210938,44.43571853637695
2023-05-23,23.209686279296875,44.070640563964844
2023-05-24,23.06229591369629,43.6893310546875
2023-05-25,23.157665252685547,43.721771240234375
2023-05-26,23.253036499023438,43.924598693847656
2023-05-30,23.287717819213867,43.85157775878906
2023-05-31,23.157665252685547,43.82724380493164
2023-06-01,23.122982025146484,44.04369354248047
2023-06-02,23.183677673339844,44.41127014160156
2023-06-05,23.096973419189453,44.44393539428711
2023-06-06,23.14899444580078,44.35410690307617
2023-06-07,23.227025985717773,44.44393539428711
2023-06-08,23.16633415222168,44.525634765625
2023-06-09,23.270376205444336,44.46845245361328
2023-06-12,23.409095764160156,44.53380584716797
2023-06-13,23.478456497192383,44.60731887817383
2023-06-14,23.391756057739258,44.525634765625
2023-06-15,23.469789505004883,44.762516021728516
2023-06-16,23.695207595825195,44.8033561706543
2023-06-20,23.61717414855957,44.656333923339844
2023-06-21,23.660526275634766,44.729835510253906
2023-06-22,23.842599868774414,44.738006591796875
2023-06-23,23.842599868774414,44.63182067871094
2023-06-26,23.868608474731445,44.746177673339844
2023-06-27,23.946638107299805,44.893211364746094
2023-06-28,24.01599884033203,44.8115348815918
2023-06-29,24.024669647216797,44.97489547729492
2023-06-30,23.95530891418457,45.1954460144043
2023-07-03,23.989986419677734,45.21928024291992
2023-07-05,23.998661041259766,45.17818832397461
2023-07-06,24.01599884033203,44.97263717651367
2023-07-07,23.82525634765625,44.86574172973633
2023-07-10,23.773237228393555,45.104183197021484
2023-07-11,23.75589370727539,45.260398864746094
2023-07-12,23.539148330688477,45.40837097167969
2023-07-13,23.469789505004883,45.375492095947266
2023-07-14,23.6431884765625,45.48238754272461
2023-07-17,23.70387840270996,45.531707763671875
2023-07-18,23.738557815551758,45.548152923583984
2023-07-19,23.712549209594727,45.61391830444336
2023-07-20,23.79924774169922,45.770137786865234
2023-07-21,23.82525634765625,45.94278335571289
2023-07-24,23.816587448120117,45.975677490234375
2023-07-25,23.764568328857422,45.90168380737305
2023-07-26,23.79924774169922,45.96746063232422
2023-07-27,23.79924774169922,45.794803619384766
2023-07-28,23.911958694458008,45.89345932006836
2023-07-31,23.868608474731445,45.94278335571289
2023-08-01,24.033334732055664,45.92626190185547
2023-08-02,24.042007446289062,45.76096725463867
2023-08-03,24.120038986206055,45.7031135559082
2023-08-04,23.877277374267578,45.56262969970703
2023-08-07,23.998661041259766,45.96757507324219
2023-08-08,23.998661041259766,45.81882095336914
2023-08-09,23.989986419677734,45.74443817138672
2023-08-10,24.076690673828125,45.81056213378906
2023-08-11,24.224077224731445,45.88493347167969
2023-08-14,24.137378692626953,46.00064468383789
2023-08-15,24.120038986206055,45.56262969970703
2023-08-16,24.128705978393555,45.306419372558594
2023-08-17,24.128705978393555,45.05020523071289
2023-08-18,24.137378692626953,45.05020523071289
2023-08-21,24.276100158691406,45.13286209106445
2023-08-22,24.206737518310547,45.05020523071289
2023-08-23,23.946638107299805,45.389068603515625
2023-08-24,23.998661041259766,45.03369140625
2023-08-25,24.094032287597656,45.37253952026367
2023-08-28,24.05934715270996,45.58741760253906
2023-08-29,23.92930030822754,45.93453598022461
2023-08-30,24.050678253173828,46.058502197265625
2023-08-31,23.946638107299805,45.94278335571289
2023-09-01,24.033334732055664,46.0325927734375
2023-09-05,24.258760452270508,45.783145904541016
2023-09-06,24.28476905822754,45.783145904541016
2023-09-07,24.120038986206055,45.84965896606445
2023-09-08,24.23275375366211,45.88291931152344
2023-09-11,24.302108764648438,46.065853118896484
2023-09-12,24.3627986907959,45.88291931152344
2023-09-13,24.336790084838867,45.966064453125
2023-09-14,24.49285125732422,46.223846435546875
2023-09-15,24.544872283935547,45.891231536865234
2023-09-18,24.544872283935547,45.966064453125
2023-09-19,24.622901916503906,45.87460708618164
2023-09-20,24.518861770629883,45.71662139892578
2023-09-21,24.674917221069336,45.076351165771484
2023-09-22,24.59688949584961,45.03477478027344
2023-09-25,24.761619567871094,45.14287185668945
2023-09-26,24.865665435791016,44.56913375854492
2023-09-27,25.082412719726562,44.48598098754883
2023-09-28,25.0564022064209,44.677223205566406
2023-09-29,25.0564022064209,44.5358772277832
2023-10-02,25.11709213256836,44.33745574951172
2023-10-03,25.255813598632812,43.86863327026367
2023-10-04,24.926349639892578,44.23699951171875
2023-10-05,24.900341033935547,44.02769088745117
2023-10-06,25.082412719726562,44.37931823730469
2023-10-09,24.84832000732422,44.61373519897461
2023-10-10,24.88300132751465,44.86488723754883
2023-10-11,24.70960235595703,45.007198333740234
2023-10-12,24.891672134399414,44.7644157409668
2023-10-13,24.79630470275879,44.756046295166016
2023-10-16,24.96969985961914,45.149532318115234
2023-10-17,25.281824111938477,45.25837326049805
2023-10-18,25.169113159179688,44.823020935058594
2023-10-19,25.24714469909668,44.49652862548828
2023-10-20,25.082412719726562,44.103050231933594
2023-10-23,24.900341033935547,43.952354431152344
2023-10-24,24.813640594482422,44.25373077392578
2023-10-25,25.047731399536133,43.826778411865234
2023-10-26,24.88300132751465,43.48352813720703
2023-10-27,24.88300132751465,43.12351989746094
2023-10-30,24.813640594482422,43.63421630859375
2023-10-31,24.961034774780273,44.05281448364258
2023-11-01,24.700931549072266,44.448150634765625
2023-11-02,24.510190963745117,44.97077941894531
2023-11-03,24.198070526123047,45.17308044433594
2023-11-06,24.319448471069336,45.28267288208008
2023-11-07,24.250089645385742,45.17308044433594
2023-11-08,24.198070526123047,45.206787109375
2023-11-09,24.423490524291992,44.953914642333984
2023-11-10,24.458166122436523,45.35009765625
2023-11-13,24.484180450439453,45.35009765625
2023-11-14,23.920629501342773,45.68727493286133
2023-11-15,24.102697372436523,45.678836822509766
2023-11-16,23.894615173339844,45.67041015625
2023-11-17,23.833927154541016,45.74627685546875
2023-11-20,23.75589370727539,45.73785400390625
2023-11-21,23.764568328857422,45.88114929199219
2023-11-22,23.96397590637207,46.00759506225586
2023-11-24,23.92930030822754,46.100311279296875
2023-11-27,23.773237228393555,45.99916458129883
2023-11-28,23.634517669677734,45.99074172973633
2023-11-29,23.513137817382812,45.94858169555664
2023-11-30,23.660526275634766,46.1171760559082
2023-12-01,23.331064224243164,46.312442779541016
2023-12-04,23.504467010498047,46.363380432128906
2023-12-05,23.3137264251709,46.16810607910156
2023-12-06,23.331064224243164,46.2105712890625
2023-12-07,23.122982025146484,46.25301742553711
2023-12-08,23.37441635131836,46.17660140991211
2023-12-11,23.48712730407715,46.439788818359375
2023-12-12,23.35707664489746,46.660526275634766
2023-12-13,23.19234275817871,46.92371368408203
2023-12-14,22.958251953125,46.76240158081055
2023-12-15,23.096973419189453,46.73693084716797
2023-12-18,23.079635620117188,46.719947814941406
2023-12-19,23.079635620117188,46.80486297607422
2023-12-20,23.05362319946289,46.541664123535156
2023-12-21,22.992935180664062,46.73693084716797
2023-12-22,23.06229591369629,46.796356201171875
2023-12-26,23.018943786621094,46.898250579833984
2023-12-27,23.036788940429688,46.974647521972656
2023-12-28,23.010026931762695,47.0413932800293
2023-12-29,22.983257293701172,47.0413932800293
2024-01-02,23.036788940429688,47.161170959472656
2024-01-03,22.983257293701172,46.89593505859375
2024-01-04,23.161699295043945,46.87881851196289
2024-01-05,23.08139991760254,46.8445930480957
2024-01-08,23.224151611328125,47.161170959472656
2024-01-09,23.250919342041016,47.126949310302734
2024-01-10,23.46504783630371,47.17828369140625
2024-01-11,23.26876449584961,47.18683624267578
2024-01-12,23.277685165405273,47.315181732177734
2024-01-16,23.420438766479492,47.195396423339844
2024-01-17,23.46504783630371,47.0157356262207
2024-01-18,23.5007381439209,47.23817825317383
2024-01-19,23.536426544189453,47.452083587646484
2024-01-22,23.62564468383789,47.623199462890625
2024-01-23,23.62564468383789,47.78577423095703
2024-01-24,23.545347213745117,47.6060905456543
2024-01-25,23.56319236755371,47.811431884765625
2024-01-26,23.688098907470703,47.86277770996094
2024-01-29,23.714868545532227,48.042457580566406
2024-01-30,23.723787307739258,48.14512634277344
2024-01-31,23.545347213745117,47.879886627197266
2024-02-01,23.76839828491211,48.38829040527344
2024-02-02,23.91115379333496,48.336673736572266
2024-02-05,23.804086685180664,48.113006591796875
2024-02-06,23.813013076782227,48.199031829833984
2024-02-07,23.830852508544922,48.30226516723633
2024-02-08,23.920076370239258,48.28505325317383
2024-02-09,23.991451263427734,48.30226516723633
2024-02-12,23.946840286254883,48.30226516723633
2024-02-13,23.813013076782227,48.05279541015625
2024-02-14,23.946840286254883,48.3194694519043
2024-02-15,24.09851837158203,48.474308013916016
2024-02-16,24.044984817504883,48.37108612060547
2024-02-20,23.866540908813477,48.396888732910156
2024-02-21,24.000375747680664,48.60334777832031
2024-02-22,24.23234748840332,48.82700729370117
2024-02-23,24.294803619384766,48.930240631103516
2024-02-26,24.27695655822754,48.96464920043945
2024-02-27,24.357254028320312,48.94742965698242
2024-02-28,24.303722381591797,48.990447998046875
2024-02-29,24.40186882019043,49.007659912109375
2024-03-01,24.59815216064453,49.13824462890625
2024-03-04,24.651683807373047,49.19877624511719
2024-03-05,24.428632736206055,49.09500503540039
2024-03-06,24.526775360107422,49.28526306152344
2024-03-07,24.607070922851562,49.414981842041016
2024-03-08,24.312644958496094,49.3803825378418
2024-03-11,24.1966609954834,49.37173843383789
2024-03-12,24.27695655822754,49.544700622558594
2024-03-13,24.580310821533203,49.6138916015625
2024-03-14,24.669527053833008,49.57929229736328
2024-03-15,24.78551483154297,49.27660369873047
2024-03-18,24.937192916870117,49.42362594604492
2024-03-19,25.13347625732422,49.639835357666016
2024-03-20,25.320837020874023,49.7695426940918
2024-03-21,25.472515106201172,49.8300895690918
2024-03-22,25.374374389648438,49.691715240478516
2024-03-25,25.401138305664062,49.622535705566406
2024-03-26,25.335647583007812,49.6571159362793
2024-03-27,25.37153434753418,49.959800720214844
2024-03-28,25.730396270751953,50.03763961791992
2024-04-01,25.990570068359375,49.824485778808594
2024-04-02,25.900856018066406,49.720096588134766
2024-04-03,25.91879653930664,49.667884826660156
2024-04-04,25.6137638092041,49.31989288330078
2024-04-05,25.981597900390625,49.65048599243164
2024-04-08,26.12514305114746,49.763587951660156
2024-04-09,25.972627639770508,49.77228927612305
2024-04-10,26.466062545776367,49.31119918823242
2024-04-11,26.627552032470703,49.424293518066406
2024-04-12,26.259716033935547,48.89359664916992
2024-04-15,26.59166145324707,48.44989776611328
2024-04-16,26.52886199951172,48.4586067199707
2024-04-17,26.12514305114746,48.35420608520508
2024-04-18,26.214859008789062,48.25849533081055
2024-04-19,26.250743865966797,48.2411003112793
2024-04-22,26.22382926940918,48.649993896484375
2024-04-23,26.430173873901367,49.03279113769531
2024-04-24,26.448118209838867,49.084991455078125
2024-04-25,26.457090377807617,48.8152961730957
2024-04-26,27.103038787841797,48.96319580078125
2024-04-29,26.72623634338379,49.102394104003906
2024-04-30,26.851839065551758,48.658695220947266
2024-05-01,26.60063362121582,48.56768798828125
2024-05-02,26.08028221130371,48.73395919799805
2024-05-03,25.999540328979492,49.057743072509766
2024-05-06,26.161027908325195,49.32902145385742
2024-05-07,26.31354522705078,49.57405471801758
2024-05-08,26.42120361328125,49.670310974121094
2024-05-09,26.55577850341797,49.90657424926758
2024-05-10,26.537832260131836,49.967838287353516
2024-05-13,26.64549446105957,49.932838439941406
2024-05-14,26.58268928527832,49.967838287353516
2024-05-15,26.3404598236084,50.09910583496094
2024-05-16,26.412233352661133,50.116607666015625
2024-05-17,26.654462814331055,50.22161865234375
2024-05-20,26.824922561645508,50.16035842895508
2024-05-21,26.771093368530273,50.0728645324707
2024-05-22,26.63652229309082,50.10784912109375
2024-05-23,26.57372283935547,49.810333251953125
2024-05-24,26.627552032470703,49.810333251953125
2024-05-28,26.91463851928711,49.52154541015625
2024-05-29,26.833892822265625,49.250267028808594
2024-05-30,26.63652229309082,49.24151611328125
2024-05-31,26.59166145324707,49.73155975341797
2024-06-03,26.349430084228516,49.49378204345703
2024-06-04,25.91879653930664,49.6082763671875
2024-06-05,26.205886840820312,49.775604248046875
2024-06-06,26.268686294555664,49.828433990478516
2024-06-07,26.4840030670166,49.775604248046875
2024-06-10,26.717267990112305,49.872474670410156
2024-06-11,26.64549446105957,49.75797653198242
2024-06-12,26.55577850341797,49.67871856689453
2024-06-13,26.376346588134766,49.59066390991211
2024-06-14,26.376346588134766,49.49378204345703
2024-06-17,26.627552032470703,49.59946060180664
2024-06-18,26.627552032470703,49.64349365234375
2024-06-20,26.959497451782227,49.784400939941406
2024-06-21,26.87874984741211,49.934120178222656
2024-06-24,26.98641014099121,50.15428924560547
2024-06-25,26.923608779907227,49.9781494140625
2024-06-26,27.076126098632812,49.951744079589844
2024-06-27,27.10688591003418,49.96934127807617
2024-06-28,27.197364807128906,49.91651153564453
2024-07-01,27.640701293945312,49.70390701293945
2024-07-02,27.55022430419922,49.78363037109375
2024-07-03,27.55927276611328,49.73048782348633
2024-07-05,27.523082733154297,49.943077087402344
2024-07-08,27.387367248535156,49.819061279296875
2024-07-09,27.504989624023438,49.72162628173828
2024-07-10,27.667844772338867,49.819061279296875
2024-07-11,27.287841796875,50.17339324951172
2024-07-12,27.23355484008789,50.41256332397461
2024-07-15,27.251649856567383,50.368282318115234
2024-07-16,27.41451072692871,50.68718719482422
2024-07-17,26.93498420715332,50.78462600708008
2024-07-18,26.953079223632812,50.54544448852539
2024-07-19,26.844505310058594,50.288551330566406
2024-07-22,26.998315811157227,50.66946029663086
2024-07-23,26.772125244140625,50.41256332397461
2024-07-24,26.446407318115234,49.907649993896484
2024-07-25,26.28354835510254,49.889930725097656
2024-07-26,26.35593032836914,50.45685958862305
2024-07-29,26.27450180053711,50.510013580322266
2024-07-30,26.165929794311523,50.52773666381836
2024-07-31,26.184024810791016,50.91749572753906
2024-08-01,25.713542938232422,50.747440338134766
2024-08-02,24.863059997558594,50.18655014038086
2024-08-05,24.265913009643555,48.94902801513672
2024-08-06,24.329246520996094,49.42979049682617
2024-08-07,24.392581939697266,49.21611785888672
2024-08-08,24.7002010345459,50.053009033203125
2024-08-09,24.718297958374023,50.22216033935547
2024-08-12,24.85401153564453,50.17764663696289
2024-08-13,24.971635818481445,50.59608840942383
2024-08-14,24.989728927612305,50.800865173339844
2024-08-15,25.252111434936523,51.24601745605469
2024-08-16,25.342588424682617,51.290531158447266
2024-08-19,25.42401695251465,51.477500915527344
2024-08-20,25.288305282592773,51.495304107666016
2024-08-21,25.27020835876465,51.637752532958984
2024-08-22,25.297348022460938,51.52201461791992
2024-08-23,25.261157989501953,51.735687255859375
2024-08-26,25.288305282592773,51.89594650268555
2024-08-27,25.23401641845703,51.94936752319336
2024-08-28,25.22496795654297,51.90484619140625
2024-08-29,25.306398391723633,52.12741470336914
2024-08-30,25.378780364990234,52.376712799072266
2024-09-03,25.197826385498047,52.07192611694336
2024-09-04,25.14354133605957,52.16157150268555
2024-09-05,25.17068099975586,51.92850875854492
2024-09-06,24.962583541870117,51.56995391845703
2024-09-09,25.071157455444336,52.08089065551758
2024-09-10,25.161636352539062,52.1705322265625
2024-09-11,25.18877601623535,52.30500411987305
2024-09-12,25.252111434936523,52.439453125
2024-09-13,25.324491500854492,52.73527526855469
2024-09-16,25.405921936035156,52.93246841430664
2024-09-17,25.36068344116211,52.89662551879883
2024-09-18,25.243064880371094,52.75319290161133
2024-09-19,25.49639892578125,53.075904846191406
2024-09-20,25.586875915527344,53.022117614746094
2024-09-23,25.586875915527344,53.17449951171875
2024-09-24,25.731639862060547,53.111759185791016
2024-09-25,25.69544792175293,53.004188537597656
2024-09-26,25.813068389892578,53.17449951171875
2024-09-27,25.713573455810547,53.25517272949219
2024-09-30,25.677059173583984,53.344818115234375
2024-10-01,25.704444885253906,53.33760452270508
2024-10-02,25.731830596923828,53.409786224365234
2024-10-03,25.44886016845703,53.15713119506836
2024-10-04,25.357580184936523,53.373695373535156
2024-10-07,25.1658935546875,53.093971252441406
2024-10-08,25.15676498413086,53.22932052612305
2024-10-09,25.15676498413086,53.43685531616211
2024-10-10,25.083740234375,53.373695373535156
2024-10-11,25.21153450012207,53.65342712402344
2024-10-14,25.220661163330078,53.87900924682617
2024-10-15,25.14763641357422,53.75267791748047
2024-10-16,25.229787826538086,53.93314743041992
2024-10-17,25.120256423950195,53.996315002441406
2024-10-18,25.238916397094727,54.050453186035156
2024-10-21,25.038103103637695,53.82487106323242
2024-10-22,25.028974533081055,53.779747009277344
2024-10-23,24.791645050048828,53.71657943725586
2024-10-24,24.882925033569336,53.59025955200195
2024-10-25,24.837282180786133,53.44588088989258
2024-10-28,24.928565979003906,53.56319046020508
2024-10-29,25.001588821411133,53.45490646362305
2024-10-30,24.81903076171875,53.373695373535156
2024-10-31,24.581701278686523,52.95861053466797
2024-11-01,24.61821174621582,53.09938430786133
2024-11-04,24.526933670043945,53.06306076049805
2024-11-05,24.599958419799805,53.47172927856445
2024-11-06,24.682111740112305,54.116512298583984
2024-11-07,24.919435501098633,54.18915939331055
2024-11-08,24.846412658691406,54.516090393066406
2024-11-11,24.77338981628418,54.561500549316406
2024-11-12,24.73687744140625,54.461605072021484
2024-11-13,24.74600601196289,54.50700759887695
2024-11-14,24.61821174621582,54.28905487060547
2024-11-15,24.599958419799805,53.82590103149414
2024-11-18,24.609085083007812,53.97120666503906
2024-11-19,24.599958419799805,53.953033447265625
2024-11-20,24.70036506652832,54.016605377197266
2024-11-21,24.76426124572754,54.407108306884766
2024-11-22,24.873798370361328,54.63414764404297
2024-11-25,24.76426124572754,54.94292068481445
2024-11-26,24.846412658691406,55.10639190673828
2024-11-27,24.69123649597168,55.1154670715332
2024-11-29,24.837282180786133,55.242610931396484
2024-12-02,24.937694549560547,55.12559509277344
2024-12-03,24.919435501098633,54.93361282348633
2024-12-04,25.001588821411133,55.006744384765625
2024-12-05,24.837282180786133,54.84219741821289
2024-12-06,24.965078353881836,54.76906204223633
2024-12-09,24.974206924438477,54.54965591430664
2024-12-10,24.955949783325195,54.5222282409668
2024-12-11,25.10199737548828,54.503944396972656
2024-12-12,24.992460250854492,54.403385162353516
2024-12-13,24.78251838684082,54.33024597167969
2024-12-16,24.77338981628418,54.14741134643555
2024-12-17,24.78251838684082,54.0377082824707
2024-12-18,24.563444137573242,52.803550720214844
2024-12-19,24.499549865722656,52.693851470947266
2024-12-20,24.517807006835938,53.2057991027832
2024-12-23,24.581701278686523,53.37948989868164
2024-12-24,24.6729793548584,53.77259063720703
2024-12-26,24.609085083007812,53.80916213989258
2024-12-27,24.581762313842773,53.4434814453125
2024-12-30,24.506385803222656,52.986392974853516
2024-12-31,24.647716522216797,52.95417785644531
2025-01-02,24.826732635498047,52.917362213134766
2025-01-03,24.817310333251953,53.368385314941406
2025-01-06,24.732513427734375,53.303955078125
2025-01-07,24.80788803100586,53.073829650878906
2025-01-08,24.958637237548828,53.28553771972656
2025-01-10,25.222454071044922,52.52156066894531
2025-01-13,25.297826766967773,52.7148551940918
2025-01-14,25.09996795654297,52.92656326293945
2025-01-15,25.128232955932617,53.38678741455078
2025-01-16,25.09996795654297,53.616905212402344
2025-01-17,25.184764862060547,53.847023010253906
2025-01-21,24.92095375061035,54.26123046875
2025-01-22,24.97748374938965,54.18758773803711
2025-01-23,25.04343605041504,54.43611145019531
2025-01-24,24.854997634887695,54.399295806884766
2025-01-27,24.68540382385254,54.574195861816406
2025-01-28,24.86441993713379,54.288848876953125
2025-01-29,24.845577239990234,54.25202178955078
2025-01-30,24.911527633666992,54.42691421508789
2025-01-31,24.939794540405273,54.27963638305664
2025-02-03,24.98690414428711,54.20188903808594
2025-02-04,24.87384033203125,54.25742721557617
2025-02-05,24.80788803100586,54.55360794067383
2025-02-06,24.845577239990234,54.64616394042969
2025-02-07,24.939794540405273,54.414764404296875
2025-02-10,25.16592025756836,54.69245147705078
2025-02-11,25.175342559814453,54.79426193237305
2025-02-12,25.231876373291016,54.64616394042969
2025-02-13,25.15650177001953,54.86830520629883
2025-02-14,24.90210723876953,54.76649475097656
2025-02-18,25.27898406982422,54.9330940246582
2025-02-19,25.15650177001953,55.266300201416016
2025-02-20,25.01517105102539,55.266300201416016
2025-02-21,24.75135612487793,54.729469299316406
2025-02-24,24.704248428344727,54.70169448852539
2025-02-25,24.44985580444336,54.8312873840332
2025-02-26,24.459278106689453,54.69245147705078
2025-02-27,24.431011199951172,54.32221603393555
2025-02-28,24.36505889892578,54.98863220214844
2025-03-03,24.20488739013672,54.62379455566406
2025-03-04,24.016447067260742,53.953670501708984
2025-03-05,23.988182067871094,54.44694900512695
2025-03-06,23.865697860717773,53.851295471191406
2025-03-07,23.903385162353516,54.1677360534668
2025-03-10,23.451133728027344,53.413856506347656
2025-03-11,23.44171142578125,52.818199157714844
2025-03-12,23.639570236206055,52.76235580444336
2025-03-13,23.658414840698242,52.278385162353516
2025-03-14,23.884540557861328,53.01364517211914
2025-03-17,23.978761672973633,53.479007720947266
2025-03-18,24.044713973999023,53.14394760131836
2025-03-19,24.054136276245117,53.413856506347656
2025-03-20,23.988182067871094,53.30217361450195
2025-03-21,23.978761672973633,53.15325927734375
2025-03-24,24.00702667236328,53.78614044189453
2025-03-25,24.044713973999023,53.65583801269531
2025-03-26,24.054136276245117,53.525543212890625
2025-03-27,24.12909507751465,53.404544830322266
2025-03-28,24.034210205078125,52.753047943115234
2025-03-31,23.967792510986328,53.18117904663086
2025-04-01,24.01523208618164,53.216796875
2025-04-02,23.948814392089844,53.432403564453125
2025-04-03,23.721092224121094,51.75443649291992
2025-04-04,23.436439514160156,48.876590728759766
2025-04-07,23.388996124267578,48.69847869873047
2025-04-08,23.351041793823242,47.939170837402344
2025-04-09,23.815977096557617,51.370094299316406
2025-04-10,23.683135986328125,50.11396789550781
2025-04-11,23.76853370666504,50.60142135620117
2025-04-14,23.664161682128906,51.24822998046875
2025-04-15,23.77802085876465,51.09824752807617
2025-04-16,23.86341667175293,50.25458526611328
2025-04-17,23.84444236755371,50.39519119262695
2025-04-21,23.825464248657227,49.410911560058594
2025-04-22,23.986766815185547,50.4608039855957
2025-04-23,23.958301544189453,50.81702423095703
2025-04-24,24.034210205078125,51.38884353637695
2025-04-25,24.148073196411133,51.53883361816406
2025-04-28,24.024723052978516,51.64194869995117
2025-04-29,23.958301544189453,51.8200569152832
2025-04-30,23.967792510986328,52.110652923583984
2025-05-01,23.806486129760742,52.1087646484375
2025-05-02,23.77802085876465,52.63835906982422
2025-05-05,23.834951400756836,52.59107971191406
2025-05-06,24.081649780273438,52.383018493652344
2025-05-07,23.996257781982422,52.65727996826172
2025-05-08,23.910860061645508,52.64781951904297
2025-05-09,24.01523208618164,52.628902435302734
2025-05-12,23.891883850097656,53.130130767822266
2025-05-13,23.910860061645508,52.98827362060547
2025-05-14,23.84444236755371,52.666725158691406
2025-05-15,23.9393253326416,52.92207717895508
2025-05-16,23.901371002197266,53.18687057495117
2025-05-19,23.92983627319336,53.23415756225586
2025-05-20,23.977279663085938,53.24361801147461
2025-05-21,23.948814392089844,52.88424301147461
2025-05-22,23.901371002197266,52.70456314086914
2025-05-23,24.034210205078125,52.50596237182617
2025-05-27,23.967792510986328,53.02610397338867
2025-05-28,23.92983627319336,52.865333557128906
2025-05-29,23.967792510986328,52.959903717041016
2025-05-30,23.92983627319336,53.045013427734375
2025-06-02,24.07216453552246,53.12140655517578
2025-06-03,24.0057430267334,53.2264518737793
2025-06-04,24.12909507751465,53.24554443359375
2025-06-05,24.081649780273438,53.25510025024414
2025-06-06,24.01523208618164,53.50336837768555
2025-06-09,24.024723052978516,53.49382400512695
2025-06-10,24.034210205078125,53.656158447265625
2025-06-11,24.176536560058594,53.64661407470703
2025-06-12,24.299888610839844,53.8948860168457
2025-06-13,24.375795364379883,53.5129280090332
2025-06-16,24.31886100769043,53.72300720214844
2025-06-17,24.337839126586914,53.350589752197266
2025-06-18,24.337839126586914,53.2264518737793
2025-06-20,24.356815338134766,53.23599624633789
2025-06-23,24.337839126586914,53.59886932373047
2025-06-24,24.423234939575195,54.01902389526367
2025-06-25,24.442211151123047,53.8184928894043
2025-06-26,24.565561294555664,53.856693267822266
2025-06-27,24.547414779663086,54.1049690246582
2025-06-30,24.576066970825195,54.286399841308594
2025-07-01,24.595170974731445,54.6037483215332
2025-07-02,24.662031173706055,54.63260269165039
2025-07-03,24.614274978637695,54.776851654052734
2025-07-07,24.53786277770996,54.53643798828125
2025-07-08,24.556964874267578,54.63260269165039
2025-07-09,24.60472297668457,54.67107009887695
2025-07-10,24.566516876220703,54.776851654052734
2025-07-11,24.595170974731445,54.58451461791992
2025-07-14,24.556964874267578,54.651832580566406
2025-07-15,24.4518985748291,54.296016693115234
2025-07-16,24.556964874267578,54.48835372924805
2025-07-17,24.556964874267578,54.83455276489258
2025-07-18,24.62382698059082,54.786468505859375
2025-07-21,24.719341278076172,54.67107009887695
2025-07-22,24.77665138244629,54.959571838378906
2025-07-23,24.833959579467773,55.0364990234375
2025-07-24,24.786203384399414,54.97880172729492
2025-07-25,24.767099380493164,55.123050689697266
2025-07-28,24.662031173706055,54.97880172729492
2025-07-29,24.642929077148438,54.96918487548828
2025-07-30,24.480552673339844,54.66144943237305
2025-07-31,24.461450576782227,54.315250396728516
2025-08-01,24.289522171020508,53.81973648071289
2025-08-04,24.47100257873535,54.419776916503906
2025-08-05,24.461450576782227,54.100399017333984
2025-08-06,24.49010467529297,54.187503814697266
2025-08-07,24.595170974731445,54.100399017333984
2025-08-08,24.595170974731445,54.255245208740234
2025-08-11,24.566516876220703,54.23589324951172
2025-08-12,24.75754737854004,54.52622985839844
2025-08-13,24.891267776489258,54.85528564453125
2025-08-14,24.8053035736084,54.79721450805664
2025-08-15,24.75754737854004,54.86496353149414
2025-08-18,24.795753479003906,54.91335678100586
2025-08-19,24.662031173706055,55.09723663330078
2025-08-20,24.633378982543945,55.26176452636719
2025-08-21,24.633378982543945,55.048851013183594
2025-08-22,24.986783981323242,55.5230712890625
2025-08-25,24.872167587280273,55.20370101928711
2025-08-26,24.8435115814209,55.2520866394043
2025-08-27,24.833959579467773,55.29079818725586
2025-08-28,24.919923782348633,55.34886169433594
2025-08-29,24.786203384399414,55.310157775878906
2025-09-02,24.853063583374023,55.18157958984375
2025-09-03,24.948577880859375,55.11339569091797
2025-09-04,25.101402282714844,55.288726806640625
2025-09-05,25.187366485595703,55.308204650878906
2025-09-08,25.397499084472656,55.337432861328125
2025-09-09,25.42615509033203,55.27898406982422
2025-09-10,25.550323486328125,55.42509841918945
2025-09-11,25.741355895996094,55.76602554321289
2025-09-12,25.73180389404297,55.42509841918945
2025-09-15,25.941936492919922,55.34716796875
2025-09-16,25.894180297851562,55.29846954345703
2025-09-17,25.855972290039062,55.444580078125
2025-09-18,25.932384490966797,55.454315185546875
2025-09-19,25.941936492919922,55.386131286621094
2025-09-22,26.04700469970703,55.34716796875
2025-09-23,26.07565689086914,55.36664962768555
2025-09-24,26.037452697753906,55.40562057495117
2025-09-25,26.02790069580078,55.18157958984375
2025-09-26,26.085208892822266,55.46405792236328
2025-09-29,26.191781997680664,55.48353958129883
2025-09-30,26.220584869384766,55.619911193847656
2025-10-01,26.31659507751465,55.72872543334961
2025-10-02,26.35500144958496,55.72872543334961
2025-10-03,26.46061134338379,55.90517044067383
2025-10-06,26.97907066345215,55.84635925292969
2025-10-07,27.036678314208984,55.74832534790039
2025-10-08,27.38231658935547,55.787540435791016
2025-10-09,27.065481185913086,55.63069534301758
2025-10-10,26.09577178955078,54.89549255371094
2025-10-13,26.85425567626953,55.43464279174805
2025-10-14,26.892662048339844,55.75813674926758
2025-10-15,27.075082778930664,55.74832534790039
2025-10-16,27.247900009155273,55.39542770385742
2025-10-17,27.094284057617188,55.738525390625
2025-10-20,27.555137634277344,56.04241180419922
2025-10-21,27.295907974243164,56.3855094909668
2025-10-22,27.219099044799805,56.1600456237793
2025-10-23,27.247900009155273,56.32669448852539
2025-10-24,27.363115310668945,56.32669448852539
2025-10-27,27.430322647094727,56.463932037353516
2025-10-28,27.34391212463379,56.10123062133789
2025-10-29,27.247900009155273,55.777740478515625
2025-10-30,27.276704788208008,55.787540435791016
2025-10-31,27.23830223083496,55.75813674926758
2025-11-03,27.286306381225586,55.61610794067383
2025-11-04,26.921464920043945,55.61610794067383
2025-11-05,27.065481185913086,55.69500732421875
2025-11-06,26.950267791748047,55.47802734375
2025-11-07,27.027076721191406,55.67528533935547
2025-11-10,27.33431053161621,55.94158172607422
2025-11-11,27.507131576538086,56.326229095458984
2025-11-12,27.756759643554688,56.493892669677734
2025-11-13,27.459125518798828,56.079654693603516
2025-11-14,27.276704788208008,55.9613037109375
2025-11-17,27.219099044799805,55.61610794067383
2025-11-18,27.19989585876465,55.51748275756836
2025-11-19,27.363115310668945,55.54706954956055
2025-11-20,27.372716903686523,55.08351516723633
2025-11-21,27.33431053161621,55.81336212158203
2025-11-24,27.555137634277344,56.059932708740234
2025-11-25,27.622344970703125,56.651695251464844
2025-11-26,27.775962829589844,56.8785400390625
2025-11-28,27.756759643554688,57.1152458190918
2025-12-01,27.52633285522461,56.78866958618164
2025-12-02,27.60314178466797,56.739036560058594
2025-12-03,27.622344970703125,57.056678771972656
2025-12-04,27.51673126220703,57.036827087402344
2025-12-05,27.535934448242188,57.007049560546875
2025-12-08,27.51673126220703,56.74896240234375
2025-12-09,27.679950714111328,56.60007095336914
2025-12-10,27.78556251525879,56.98719787597656
2025-12-11,27.871973037719727,57.36439895629883
2025-12-12,27.81436538696289,57.304840087890625
2025-12-15,27.775962829589844,57.344547271728516
2025-12-16,27.689552307128906,57.09638595581055
2025-12-17,27.74715805053711,56.818450927734375
2025-12-18,27.78556251525879,56.98719787597656
2025-12-19,28.131200790405273,57.116241455078125
2025-12-22,28.236814498901367,57.334617614746094
2025-12-23,28.29442024230957,57.3941764831543
2025-12-24,28.26561737060547,57.54307174682617
2025-12-26,28.44803810119629,57.59270477294922
2025-12-29,28.112001419067383,57.55299758911133
2025-12-30,28.139999389648438,57.55299758911133
2025-12-31,28.059999465942383,57.2400016784668
2026-01-02,28.149999618530273,57.31999969482422
2026-01-05,28.360000610351562,57.470001220703125
2026-01-06,28.440000534057617,57.95000076293945
2026-01-07,28.329999923706055,57.7599983215332
2026-01-08,28.280000686645508,58.040000915527344
2026-01-09,28.5,58.25
2026-01-12,28.850000381469727,58.29999923706055
2026-01-13,28.809999465942383,58.25
2026-01-14,28.90999984741211,58.34000015258789
2026-01-15,28.860000610351562,58.43000030517578
2026-01-16,28.709999084472656,58.40999984741211
2026-01-20,28.760000228881836,57.619998931884766
2026-01-21,29.190000534057617,58.189998626708984
2026-01-22,29.489999771118164,58.34000015258789
2026-01-23,29.360000610351562,58.380001068115234
2026-01-26,29.299999237060547,58.61000061035156
2026-01-27,29.635000228881836,
