ma_window,vol_window,ma_percentile,vol_percentile,danger_ratio,switches,Final Value,Total Return,CAGR,MDD,Sharpe,Volatility,Score
10,10,15,65,28.645833333333332,89,276409.33713311737,176.40933713311736,19.624664686505653,-22.697884300252294,1.3529814668461138,14.929014065382592,-0.9168069631791156
10,10,15,70,25.297619047619047,99,265608.8586689999,165.60885866899991,18.7872788570941,-25.48296744889939,1.2942231738292922,15.041486526249034,-1.254073571060647
10,10,15,75,22.69345238095238,93,271730.3050479949,171.7303050479949,19.265258433511057,-23.22540577552194,1.3095961200388482,15.211224910346836,-1.0129444575133455
10,10,15,80,20.238095238095237,85,267963.0047240793,167.96300472407927,18.972160481239687,-24.32983253614129,1.2857499963205115,15.299958354938681,-1.1472332572936175
10,10,15,85,19.122023809523807,83,275176.55660013476,175.17655660013477,19.530461460153404,-24.171207238102063,1.3038518482444796,15.492437467448214,-1.1132688755657265
10,10,20,65,31.101190476190478,85,279374.3011878476,179.3743011878476,19.849823881453,-21.472475625880083,1.3738417811726198,14.83826147250626,-0.7734057814153885
10,10,20,70,27.976190476190478,97,266620.03105864255,166.62003105864252,18.866855461519073,-24.265810212154882,1.3063682521050155,14.945143870122655,-1.1202127691104726
10,10,20,75,25.520833333333332,89,271275.4079944721,171.27540799447206,19.230045563697896,-21.940232684967793,1.3158346165861419,15.10261885854528,-0.8781886519106372
10,10,20,80,23.214285714285715,87,268492.74723736505,168.49274723736505,19.013579018567327,-23.07002945625733,1.2960895089418543,15.19398718736274,-1.0109134366838788
10,10,20,85,22.172619047619047,85,275199.74749387376,175.19974749387376,19.53223680343614,-23.078136456986933,1.3122267710519488,15.381665782166298,-0.9955868746467442
10,10,25,65,34.151785714285715,93,275441.15867720917,175.44115867720916,19.550710351158695,-21.885011145118515,1.368518056396488,14.684872580537672,-0.8199830581153635
10,10,25,70,31.398809523809522,103,265060.42045667005,165.06042045667004,18.744013777461134,-24.66196392985759,1.3117933534938286,14.780708441193873,-1.15440303949193
10,10,25,75,29.092261904761905,97,270385.73124533833,170.38573124533832,19.161036249664477,-22.348583552428167,1.3260978769857155,14.918307655924842,-0.908760478257101
10,10,25,80,27.157738095238095,101,265612.2462365564,165.6122462365564,18.78754586604916,-23.48979766429343,1.2984558763285328,14.986112952803488,-1.0505238901008103
10,10,25,85,26.413690476190478,99,263953.49568365415,163.95349568365413,18.656465827278403,-23.49289901076065,1.2873453696455308,15.029126162391307,-1.0619445314305342
10,10,30,65,37.351190476190474,96,276658.0124766765,176.65801247667648,19.64362531136643,-21.739620386825365,1.3842538040328385,14.565109507603403,-0.7897082346496982
10,10,30,70,34.598214285714285,108,266166.89800964633,166.16689800964633,18.831225880129175,-24.485970414394053,1.3262344402162467,14.666042310930832,-1.1223626012231585
10,10,30,75,32.589285714285715,102,271926.27411991224,171.92627411991225,19.280413128927165,-22.201429553355563,1.343156749030144,14.794609307159302,-0.8769862063054126
10,10,30,80,30.80357142857143,108,267377.9947215352,167.3779947215352,18.9263423440458,-23.329458904928345,1.3168335369344206,14.856814323485262,-1.016112353558414
10,10,30,85,30.059523809523807,108,265691.24676252605,165.69124676252605,18.793771912652456,-23.335013875275333,1.3054194981464717,14.900726339741965,-1.0280818893810615
10,10,35,65,41.220238095238095,108,273193.19396399945,173.19319396399945,19.378170165478803,-21.013977600736993,1.3883364334477784,14.32655321130906,-0.7130613266259211
10,10,35,70,38.839285714285715,130,266215.09380915447,166.21509380915444,18.835017860681603,-22.995099692788372,1.3453915208969836,14.434229870567725,-0.9541184483818537
10,10,35,75,36.904761904761905,122,271265.62850436335,171.26562850436335,19.22928801473056,-20.624292454029618,1.3593217588272315,14.559201709710917,-0.7031074865757303
10,10,35,80,35.19345238095239,128,267235.2431485145,167.23524314851446,18.915149470687,-21.802388190201366,1.3340343646008763,14.63250367538177,-0.8462044544192604
10,10,35,85,34.523809523809526,130,266034.3773334254,166.0343773334254,18.8207964153718,-21.818475742527703,1.3244530726612072,14.679775380078691,-0.8573945015915629
10,15,15,65,27.306547619047617,79,271094.91310642083,171.09491310642082,19.216060256673106,-23.68269632613054,1.3323663877284846,14.880968041152082,-1.0359032448845695
10,15,15,70,25.595238095238095,79,269011.7483510435,169.0117483510435,19.054092494821685,-24.74608107257043,1.3190580756063435,14.926415965225024,-1.1555500316506997
10,15,15,75,23.586309523809522,77,274599.95372572035,174.59995372572035,19.486280834122805,-23.661584765115702,1.3332217148298793,15.074249592431777,-1.032936761681691
10,15,15,80,22.61904761904762,77,274133.5605694279,174.1335605694279,19.450488787047693,-23.308864044910205,1.3270102973300404,15.126761436011114,-1.0038761071609803
10,15,15,85,20.982142857142858,83,274884.46207470854,174.88446207470852,19.508090052989967,-24.44318197619809,1.3129445421454256,15.35382157708067,-1.1313736554743834
10,15,20,65,29.761904761904763,77,271047.66803029476,171.04766803029477,19.212398294181178,-22.66529100611215,1.3400867381681516,14.781757763995893,-0.9264423624430631
10,15,20,70,28.125,77,269529.7062358018,169.5297062358018,19.09446039430489,-23.58754626002672,1.329266535839105,14.82786660517173,-1.0294880901635672
10,15,20,75,26.339285714285715,77,275467.6389868452,175.4676389868452,19.552735896423613,-22.534595063776084,1.3452961817118136,14.971454990379002,-0.908163324665795
10,15,20,80,25.669642857142854,77,274156.53962002654,174.15653962002656,19.452253424846266,-22.179933328671176,1.3363732929711154,15.008568925389918,-0.8816200398960023
10,15,20,85,24.107142857142858,87,274412.0449788182,174.41204497881824,19.47186632741891,-23.348083235945527,1.3200126176838038,15.233080829064702,-1.0147957059107489
10,15,25,65,33.407738095238095,89,269817.60734403465,169.81760734403463,19.116870816499,-23.12635944495507,1.3502704513950419,14.58564383404257,-0.962365493100465
10,15,25,70,31.845238095238095,93,266969.13859885617,166.96913859885618,18.89427157564807,-24.041674742619605,1.3330974224768473,14.628751480384356,-1.0710700517851133
10,15,25,75,30.208333333333332,89,272953.9658292607,172.9539658292607,19.359739680881184,-22.941563582587598,1.3500314069251358,14.769097409362839,-0.9441249513336238
10,15,25,80,29.613095238095237,89,271264.8022628732,171.2648022628732,19.22922401052789,-22.59493310998087,1.339364206591972,14.80351635121823,-0.9201291044061153
10,15,25,85,28.273809523809522,97,263173.6551333678,163.1736551333678,18.594605575571443,-23.7621251808186,1.2965631465174263,14.860137307566976,-1.0796493715644335
10,15,30,65,36.532738095238095,92,271564.4900592811,171.56449005928113,19.25242858261733,-22.639066182979565,1.368184879627926,14.471089557199623,-0.8957217386700305
10,15,30,70,35.19345238095239,96,266554.67581459065,166.55467581459064,18.861719697539602,-23.872516978731255,1.341528679025859,14.501242029417286,-1.0457230188472666
10,15,30,75,33.63095238095239,94,271698.42358292284,171.69842358292283,19.26279212216093,-22.785586449868127,1.3551146848843159,14.635307996197355,-0.9234439601024969
10,15,30,80,33.110119047619044,94,271415.9405640959,171.4159405640959,19.24092915916116,-22.442769845026433,1.3513108291730909,14.665320822383823,-0.8929661553295523
10,15,30,85,31.919642857142854,104,263523.2092011159,163.5232092011159,18.622352329781933,-23.60433489787425,1.3089482883185506,14.7230957821118,-1.0514852014688743
10,15,35,65,40.55059523809524,108,267145.54101793416,167.14554101793416,18.908113580889065,-22.082162605538002,1.3615459148179923,14.29675871053181,-0.8466703457358078
10,15,35,70,39.43452380952381,116,263864.1548545193,163.8641548545193,18.64938657665205,-22.357883431342117,1.3433634903612455,14.319967355639093,-0.8924248527729661
10,15,35,75,38.02083333333333,114,271549.87443294236,171.54987443294237,19.25129739647582,-21.22467031527305,1.374428024603387,14.39651977491664,-0.7480390069239176
10,15,35,80,37.5,114,271267.7704776513,171.26777047765134,19.229453940402674,-20.868570960353907,1.3705603122927437,14.426023453162271,-0.7162967837426468
10,15,35,85,36.45833333333333,124,265327.78439554776,165.32778439554775,18.765114730973753,-22.065865399112276,1.336043508225023,14.495055054355735,-0.8705430316862044
10,20,15,65,28.794642857142854,65,296732.2895712461,196.7322895712461,21.12984490882466,-20.44953859610575,1.4496257825208358,14.84396652112688,-0.5953280770897393
10,20,15,70,26.711309523809522,71,297138.2394884879,197.13823948848787,21.159034431664004,-19.79780293831256,1.4414076681532588,14.95817230754429,-0.5383726256779973
10,20,15,75,25.520833333333332,77,286418.4976374093,186.4184976374093,20.37696876519952,-22.191947201363856,1.3924839308858918,14.991843617002651,-0.8267107892504937
10,20,15,80,23.809523809523807,79,272285.75786608947,172.28575786608945,19.30818938066796,-23.787958519054975,1.3227823133850485,15.07292597201382,-1.056013538520449
10,20,15,85,21.13095238095238,85,273443.46386471624,173.44346386471625,19.397437100031034,-23.964981931770627,1.3144907638735357,15.248706080034951,-1.082007429303527
10,20,20,65,31.25,63,295380.69329116144,195.38069329116144,21.032421712626203,-19.947646272448235,1.453574312321756,14.733364553214262,-0.5411903149230677
10,20,20,70,29.389880952380953,69,295937.1042802113,195.93710428021134,21.07257225216099,-19.17320969544363,1.44623326935576,14.843835361574428,-0.47108770018860313
10,20,20,75,28.422619047619047,71,287931.58632900374,187.93158632900372,20.48880345189903,-20.723652135571285,1.4087698708782317,14.87647155453456,-0.6635953426788967
10,20,20,80,26.785714285714285,77,273096.0604475465,173.09606044754648,19.370688461385434,-22.73596752800414,1.3352115477021005,14.961852769456135,-0.9383852050983135
10,20,20,85,24.330357142857142,89,271295.3574430651,171.2953574430651,19.231590838746904,-22.739158035602046,1.3149970469463066,15.11468691813568,-0.9589187566138981
10,20,25,65,34.672619047619044,79,290302.3758663231,190.30237586632316,20.663062427228173,-20.42916494507918,1.4509538439957153,14.513290704244724,-0.5919626505122029
10,20,25,70,32.961309523809526,81,292874.63415059756,192.8746341505976,20.850808885749593,-19.698172094938528,1.4518068578634507,14.630599062327319,-0.5180103516304022
10,20,25,75,31.994047619047617,83,285050.80262020626,185.05080262020627,20.275460786589218,-21.235368455675125,1.4136692211088562,14.669680046347306,-0.7098676244586564
10,20,25,80,30.431547619047617,91,271026.5029809826,171.0265029809826,19.21075762217368,-23.029028511545633,1.3411960262534337,14.766937459267718,-0.9617068249011296
10,20,25,85,28.497023809523807,97,263819.03386447555,163.81903386447556,18.64581049787999,-23.245013605603248,1.2987027697950277,14.872287627148461,-1.0257985907652971
10,20,30,65,37.723214285714285,86,286836.7965835176,186.83679658351755,20.407934457238277,-20.50323785569093,1.4469045826584865,14.385270508632683,-0.6034192029106065
10,20,30,70,36.086309523809526,86,291605.9904828747,191.6059904828747,20.75838240540202,-19.784444067349312,1.4583010172031585,14.496124012702852,-0.5201433895317726
10,20,30,75,35.19345238095239,86,285801.1707882891,185.80117078828914,20.331201375368792,-20.750214859636813,1.4282034836812847,14.541905458360137,-0.6468180022823966
10,20,30,80,33.705357142857146,96,271021.04934098024,171.02104934098023,19.21033484988004,-22.633593359004024,1.3513149264003046,14.642555825343639,-0.9120444095000979
10,20,30,85,32.06845238095239,102,264841.1037701185,164.8411037701185,18.72669172541055,-23.097686734932367,1.3139584668051385,14.739972308788008,-0.9958102066880983
10,20,35,65,41.517857142857146,100,280615.47895616683,180.61547895616684,19.943494722483535,-19.76134812959947,1.4350821372141083,14.197971144192875,-0.5410526757458387
10,20,35,70,40.25297619047619,104,284157.72923334426,184.15772923334427,20.208961680480808,-19.203539869207685,1.4423125144028526,14.300162144382309,-0.47804147251791584
10,20,35,75,39.360119047619044,104,278683.9437281728,178.68394372817284,19.797574615655744,-20.177430509772805,1.4123895408250544,14.349546965161508,-0.605353510152226
10,20,35,80,38.169642857142854,114,272440.3527330697,172.4403527330697,19.32012518326762,-20.94526649798,1.377951423497683,14.405234214733156,-0.7165752263003169
10,20,35,85,36.607142857142854,118,266572.1474722125,166.57214747221252,18.863092761777732,-21.554702247345986,1.3406028400287207,14.51307479853907,-0.814867384705878
10,30,15,65,29.761904761904763,61,287010.75622949284,187.01075622949284,20.420801331755722,-21.09053315947755,1.4233532604618162,14.659238288111467,-0.6857000554859387
10,30,15,70,28.273809523809522,61,286151.88894936786,186.15188894936784,20.35721290378123,-22.158552476406932,1.4134800609703249,14.729142927248514,-0.8023751866703683
10,30,15,75,26.934523809523807,69,295775.3999321726,195.7753999321726,21.060910103455587,-21.65013030576889,1.4411884958046188,14.893884817388756,-0.7238245347722703
10,30,15,80,23.958333333333336,71,283255.39001708047,183.2553900170805,20.141597548698687,-23.93040252972096,1.3774970864003975,15.005061227243111,-1.0155431665716987
10,30,15,85,22.098214285714285,73,276430.1037473739,176.43010374737395,19.62624860579163,-23.306106273742234,1.3332606341535669,15.179278212467537,-0.9973499932206564
10,30,20,65,31.994047619047617,61,283905.52525136864,183.90552525136866,20.19015115640539,-20.939682023321467,1.4162208973005805,14.580700260685694,-0.6777473050315663
10,30,20,70,30.80357142857143,61,281544.86138756975,181.54486138756974,20.013411379962463,-21.95457198576062,1.4011025640524855,14.631483243748896,-0.7943546345235766
10,30,20,75,29.613095238095237,69,287780.46000091184,187.78046000091186,20.47765526646177,-21.43139738597613,1.4166569596635146,14.77622434788152,-0.7264827789340984
10,30,20,80,27.00892857142857,71,278975.96898185514,178.97596898185512,19.819689358437476,-23.243124058862,1.369899873114501,14.864198149300368,-0.9544125327716992
10,30,20,85,25.297619047619047,75,274224.9420895133,174.22494208951332,19.457505557157575,-22.062771687190704,1.3341630509739701,15.040511743517202,-0.8721141177451002
10,30,25,65,35.11904761904761,77,282306.4213899904,182.30642138999045,20.070561315387003,-20.913023680835753,1.4245741343749085,14.402636840120403,-0.6667282337086669
10,30,25,70,34.077380952380956,73,279636.49200729537,179.6364920072954,19.869639762267433,-21.774676595280688,1.4075186028324114,14.455909810547544,-0.7699490566956573
10,30,25,75,33.18452380952381,79,280102.7723929669,180.1027723929669,19.90484256153453,-21.57590710163919,1.4011649503280181,14.553980041847915,-0.7564257598359005
10,30,25,80,30.877976190476193,85,270512.3951980235,170.51239519802354,19.170872566832564,-23.282577401993525,1.3490960907478216,14.640151517829288,-0.9791616494515307
10,30,25,85,29.538690476190478,89,265840.8390808483,165.84083908084835,18.805557135351812,-22.581279417164225,1.3150931894485898,14.78641956270898,-0.9430347522678328
10,30,30,65,38.24404761904761,84,278339.52210642555,178.33952210642553,19.771467407515896,-20.99390110021798,1.4172014334698022,14.277395600214444,-0.6821886765519958
10,30,30,70,37.202380952380956,80,275756.90169684886,175.75690169684884,19.57485188686052,-21.909905096324632,1.4001958302113071,14.331356544869085,-0.790794679421156
10,30,30,75,36.30952380952381,86,276207.9343153242,176.20793431532417,19.609298124714947,-21.715397593261752,1.3939381758965512,14.427682320373176,-0.7776015834296242
10,30,30,80,34.077380952380956,92,266154.44796804327,166.15444796804329,18.83024623570817,-23.31723775844021,1.3385207496653084,14.514277912919372,-0.9932030261787128
10,30,30,85,32.961309523809526,98,265032.72058142844,165.03272058142846,18.74182663981985,-22.630351097101258,1.3212400519030545,14.660314620197767,-0.9417950578070713
10,30,35,65,42.1875,96,273437.8308865942,173.4378308865942,19.397003607147024,-20.985841872056678,1.4076283252390949,14.121632421654112,-0.6909558619665728
10,30,35,70,41.36904761904761,96,272894.0974288206,172.89409742882063,19.355125250351723,-21.14637566217522,1.4023601320921337,14.150973839653744,-0.7122774341253881
10,30,35,75,40.55059523809524,100,273751.96241148084,173.75196241148086,19.421166766231647,-20.947597079477585,1.3978741720538854,14.248491664308352,-0.696885535893873
10,30,35,80,38.467261904761905,106,262414.5930038921,162.4145930038921,18.534248368004945,-22.75651639169837,1.3347639406907776,14.336646540569644,-0.9408876984790593
10,30,35,85,37.5,114,264155.3357990979,164.1553357990979,18.672452110426985,-22.05610679408223,1.3354018460588413,14.433025746138394,-0.8702088333493818
15,10,15,65,27.529761904761905,85,281534.4037952909,181.53440379529093,20.012625722407982,-23.4114948970185,1.3694464373160076,15.010357877032417,-0.9717030523858423
15,10,15,70,24.18154761904762,83,268031.8358210396,168.03183582103964,18.977545931546835,-26.07703762297141,1.3001232167081127,15.112679393931622,-1.3075805455890281
15,10,15,75,21.726190476190478,75,276320.4628470898,176.3204628470898,19.617884924696472,-23.534457613162648,1.3246671474823395,15.284043311199506,-1.0287786138339254
15,10,15,80,19.345238095238095,69,270431.7946948584,170.4317946948584,19.164613828835385,-24.64212649972423,1.2940598388282807,15.339521229718958,-1.1701528111441426
15,10,15,85,18.526785714285715,71,273547.30928899086,173.54730928899085,19.40542733713686,-25.142510601470903,1.2983721216789033,15.469212061328822,-1.215878938468187
15,10,20,65,30.729166666666668,83,272342.6409970787,172.34264099707866,19.31258180432376,-23.817627894120065,1.3388325646304364,14.872657693747101,-1.0429302247815702
15,10,20,70,27.380952380952383,95,259869.73772719735,159.86973772719736,18.330837927865783,-26.42427561117436,1.2717938997982374,14.976626346450342,-1.3706336613191983
15,10,20,75,25.148809523809522,89,267041.06962862087,167.04106962862087,18.899916793718184,-23.941252785849706,1.294893809489979,15.120931468580952,-1.0992314690949916
15,10,20,80,23.065476190476193,87,261544.45458186086,161.54445458186086,18.464881688459634,-25.019898580913804,1.2654479515452748,15.170049617017794,-1.2365419065461054
15,10,20,85,22.395833333333336,89,264880.03981383465,164.88003981383463,18.729767831202683,-25.505805335947727,1.2715876684065353,15.298975224590658,-1.2789928651882376
15,10,25,65,33.482142857142854,83,274100.08658357576,174.10008658357575,19.447917990183726,-23.97974551948125,1.3597186426413472,14.715941354134538,-1.0382559093067778
15,10,25,70,30.580357142857146,91,265239.67489710276,165.23967489710273,18.758162870203154,-26.537121053267203,1.3099905411793853,14.814652218719605,-1.343721564147335
15,10,25,75,28.57142857142857,91,271253.4334760853,171.2534334760853,19.228343319330186,-24.147597013004894,1.327924621060126,14.94631360143276,-1.0868350802403632
15,10,25,80,26.636904761904763,89,269226.6705626553,169.22667056265533,19.070850575774358,-25.204911532248502,1.3135333470538262,15.01014009247923,-1.2069578061710242
15,10,25,85,26.264880952380953,87,273517.6830359607,173.5176830359607,19.40314804240284,-25.641535985555304,1.3231141282643606,15.140295394249348,-1.24103947029117
15,10,30,65,35.56547619047619,80,268701.25468889205,168.70125468889205,19.029862956309106,-23.3427045621961,1.3424516210185555,14.61609011577733,-0.9918188352010546
15,10,30,70,32.961309523809526,90,262144.6788788324,162.14467887883237,18.512751345543556,-25.70674979419031,1.3036657102771245,14.705076327853032,-1.2670092691419061
15,10,30,75,31.026785714285715,88,268684.3555566498,168.6843555566498,19.02854356183923,-23.26343717154413,1.3249246485016237,14.832510139297437,-1.001419068652789
15,10,30,80,29.24107142857143,90,266205.52022846014,166.20552022846016,18.834264669266897,-24.338138026877406,1.3083190409382657,14.894827813619768,-1.1254947617494748
15,10,30,85,28.869047619047617,88,270376.7515355452,170.37675153554522,19.160338770064953,-24.78472172724643,1.3176664476295348,15.02511730135773,-1.1608057250951083
15,10,35,65,39.80654761904761,98,261225.7774388084,161.2257774388084,18.439429457992663,-22.989711566600914,1.3176629318277107,14.473123248840771,-0.9813082248323808
15,10,35,70,37.723214285714285,110,254539.67672053626,154.53967672053625,17.899431469432827,-25.46992433191546,1.278290745195998,14.546298250518438,-1.2687016879955482
15,10,35,75,36.01190476190476,108,258839.22503538174,158.83922503538176,18.248001986933083,-23.063405663795795,1.2905642373392898,14.665057994877223,-1.0157763290402895
15,10,35,80,34.672619047619044,110,257653.9446567602,157.6539446567602,18.15238870917404,-24.120003486552232,1.280285331907475,14.722021371076508,-1.1317150167477483
15,10,35,85,34.30059523809524,108,261486.12706468726,161.48612706468728,18.460225074243517,-24.560474784251777,1.2893101066426373,14.848031015042833,-1.1667373717825402
15,15,15,65,25.892857142857146,61,272766.5692750761,172.76656927507608,19.345293080410375,-24.64804241963212,1.3337294187625766,14.961337064954334,-1.1310748232006356
15,15,15,70,24.25595238095238,57,271224.8980131766,171.22489801317658,19.22613266534534,-25.52539469227087,1.323196018940381,15.00492149438452,-1.2293434502867058
15,15,15,75,22.321428571428573,59,277115.33004821796,177.11533004821797,19.67845755728723,-24.5617837717024,1.3384953079081303,15.151549116753356,-1.11768306926211
15,15,15,80,21.428571428571427,55,275146.4162037524,175.14641620375238,19.52815392416627,-24.64225063964761,1.3273940265736144,15.180769399279168,-1.1368310373911465
15,15,15,85,20.238095238095237,63,275547.4566478855,175.5474566478855,19.558840379177568,-25.28480894432669,1.316621158924501,15.344235246460345,-1.2118597355081684
15,15,20,65,28.943452380952383,75,265176.41076290776,165.17641076290778,18.753170141276286,-25.026853972346842,1.3100661550427641,14.80984755224243,-1.1926192421919202
15,15,20,70,27.306547619047617,75,263739.4334829344,163.73943348293437,18.63950051509171,-25.884821198405326,1.2997520293695446,14.85387890080293,-1.288730090470988
15,15,20,75,25.818452380952383,75,268797.1562133725,168.7971562133725,19.03734914350157,-24.944788671374546,1.3134745714832645,14.985378740893696,-1.1810042956541902
15,15,20,80,25.074404761904763,71,267451.7097460854,167.45170974608538,18.932120268647257,-24.882829722776563,1.30495686913703,15.014350848102312,-1.1833261031406266
15,15,20,85,24.107142857142858,83,268222.4073622192,168.22240736221917,18.99245059904957,-25.510395039154893,1.296469945364778,15.17222889395771,-1.254569558550711
15,15,25,65,32.217261904761905,75,269079.9787302295,169.0799787302295,19.05941380124123,-25.166114190261123,1.3421782522879424,14.641435317811121,-1.1744331667381698
15,15,25,70,30.80357142857143,75,267554.7650477652,167.55476504776522,18.94019574170944,-26.048392396238384,1.3321969792504962,14.674646801236104,-1.272642260373342
15,15,25,75,29.389880952380953,79,272204.44351665396,172.20444351665395,19.301909104933458,-25.129469254800203,1.3439296160793706,14.80134678111272,-1.1690173094006495
15,15,25,80,28.645833333333332,75,270816.4706553598,170.81647065535978,19.194470616146052,-25.06995091434705,1.3351216969699564,14.830347851610409,-1.1718733944647486
15,15,25,85,27.901785714285715,83,274436.36685376405,174.43636685376407,19.47373251992346,-25.6925051724679,1.3386421712052619,14.995570795728936,-1.2306083460415282
15,15,30,65,34.523809523809526,78,263164.1119739062,163.16411197390624,18.59384763709302,-24.54536504445691,1.322543740107713,14.531026272915703,-1.1319927643379781
15,15,30,70,33.25892857142857,80,262894.0476854866,162.89404768548664,18.572389151772107,-25.207479854934007,1.318113514053811,14.569467540902847,-1.2026344714395898
15,15,30,75,31.845238095238095,84,267340.3531101857,167.3403531101857,18.92339141643582,-24.26641510600113,1.3295490532727254,14.695028585219266,-1.0970924573273875
15,15,30,80,31.175595238095237,78,267536.89863284084,167.53689863284086,18.93879590272136,-24.199977792577606,1.3293064466243216,14.709728896193768,-1.0906913326334389
15,15,30,85,30.505952380952383,84,271269.7908184588,171.2697908184588,19.22961044295557,-24.836853503018137,1.3335835656772792,14.875610832371386,-1.1501017846245345
15,15,35,65,39.657738095238095,98,255221.94244711165,155.22194244711164,17.95506589398894,-24.240909698011677,1.2951428450004556,14.376893223710837,-1.1289481248007123
15,15,35,70,38.54166666666667,102,253793.17959068622,153.7931795906862,17.83841847400993,-24.977545420724496,1.2851498449489147,14.410396903168083,-1.212604697123535
15,15,35,75,37.202380952380956,106,257132.2815042085,157.13228150420852,18.110192727231713,-24.050815290928938,1.2927940396446271,14.528427631537156,-1.1122874894482668
15,15,35,80,36.532738095238095,100,257309.9601801068,157.3099601801068,18.124572607832732,-23.98373425495644,1.2925529042610382,14.542800073511653,-1.1058205212346057
15,15,35,85,35.9375,104,262306.57771285845,162.30657771285846,18.52564779246617,-24.61189303105873,1.3050109016791265,14.697593113544002,-1.1561784014267464
15,20,15,65,27.380952380952383,53,293235.4801688717,193.23548016887167,20.877037914179297,-21.469034832392573,1.4293396609418627,14.90532397512426,-0.7175638222973948
15,20,15,70,25.520833333333332,53,300241.7479615424,200.24174796154242,21.381110853243037,-20.75626788412605,1.447548456075994,15.037791264897166,-0.6280783323366113
15,20,15,75,24.25595238095238,55,288142.21415528835,188.14221415528834,20.504332866313057,-23.39839115091088,1.3950260440996454,15.051784816781835,-0.9448130709914424
15,20,15,80,22.842261904761905,59,275538.2610541107,175.5382610541107,19.558137171182043,-24.49723670720299,1.3348304786977734,15.10789537068194,-1.1148931920225256
15,20,15,85,20.535714285714285,71,267328.6993386064,167.32869933860636,18.922477745451683,-25.422699210613292,1.2895758085150477,15.209414609490942,-1.2526941125462814
15,20,20,65,30.580357142857146,71,285466.9111542943,185.46691115429434,20.306386034110567,-21.939981261813234,1.4082931716439229,14.754110694269718,-0.7857049545374004
15,20,20,70,28.943452380952383,69,290184.18757507246,190.18418757507246,20.654403106830177,-21.243408819900907,1.4195906802612284,14.865021202248755,-0.7047502017288625
15,20,20,75,27.976190476190478,69,279055.6295357021,179.0556295357021,19.825718651724532,-23.661256188887254,1.3689793469728149,14.879813499428298,-0.9971462719159105
15,20,20,80,26.711309523809522,77,267236.664561591,167.236664561591,18.91526094519753,-24.886181432102138,1.3097697688032723,14.938973336920983,-1.1788483744069413
15,20,20,85,24.553571428571427,89,260660.51857744268,160.66051857744264,18.39422015369736,-25.386219318669035,1.2706914977591208,15.042234477087973,-1.2679304341077828
15,20,25,65,34.00297619047619,71,291894.42651452805,191.89442651452805,20.779425337856416,-21.532775166230156,1.4518710670951653,14.58176093892635,-0.7014064495278503
15,20,25,70,32.44047619047619,67,294449.68769003375,194.44968769003376,20.96510092467998,-21.454185645800774,1.4556363726921655,14.664808429400649,-0.6897821918879117
15,20,25,75,31.547619047619047,69,282787.1630197301,182.78716301973014,20.106572373245022,-23.869837073538207,1.4019370135874218,14.687609868647975,-0.9850466937663989
15,20,25,80,30.580357142857146,73,276801.6994163134,176.8016994163134,19.654574539101844,-24.434002531676917,1.368189383494313,14.764811592335006,-1.0752108696733786
15,20,25,85,28.645833333333332,85,270574.40005791624,170.57440005791622,19.175686282659644,-25.264163025212415,1.329950241515387,14.880843267796745,-1.1964660610058546
15,20,30,65,36.30952380952381,72,286049.1610354172,186.04916103541717,20.3495966577391,-20.862131180918002,1.435895668932607,14.467976751372758,-0.6503174491591932
15,20,30,70,34.74702380952381,70,288490.3156251356,188.49031562513562,20.529977612343497,-20.7824624296536,1.4394689064412818,14.551300007255252,-0.6387773365240781
15,20,30,75,33.92857142857143,72,278247.99444731895,178.24799444731894,19.76452512245679,-22.981935745768073,1.3902373123322218,14.581518962146106,-0.9079562622445856
15,20,30,80,32.961309523809526,76,272485.6127501413,172.48561275014129,19.32361851662552,-23.55976844457092,1.3567252856985919,14.660822859090617,-0.9992515587585
15,20,30,85,31.101190476190478,86,266702.34953271324,166.70234953271324,18.873322759256617,-24.39874102512866,1.3195920450327432,14.781405411862705,-1.120282057480123
15,20,35,65,40.99702380952381,88,274308.3035322563,174.30830353225625,19.463904822324473,-21.092355027236746,1.3942839958243485,14.31997070008838,-0.7149515068993262
15,20,35,70,39.657738095238095,88,274557.3791274128,174.5573791274128,19.483015642726876,-21.172729805956273,1.3890602563160377,14.393690903476303,-0.7282127242795895
15,20,35,75,38.98809523809524,94,265686.1551827002,165.6861551827002,18.793370690248267,-22.7827187365647,1.344225298094383,14.417539617761921,-0.934046575562087
15,20,35,80,38.02083333333333,98,260541.1374376014,160.54113743760138,18.384661743316034,-23.356726731720677,1.3123673015488126,14.49667761268853,-1.023305371623255
15,20,35,85,36.30952380952381,108,256816.61518803664,156.81661518803662,18.084625037513202,-24.17977700999736,1.2843934653771267,14.615181785082095,-1.1335842356226093
15,30,15,65,28.794642857142854,43,290769.28767242766,190.76928767242768,20.69724335619196,-20.8843878027004,1.434038909655992,14.727364401591439,-0.6543998706140477
15,30,15,70,27.67857142857143,47,285171.9706331936,185.1719706331936,20.284469846807717,-22.658857418345562,1.4057506358597052,14.768472502934324,-0.8601351059748512
15,30,15,75,26.711309523809522,57,290318.2103933542,190.3182103933542,20.664222357433992,-22.523208707075113,1.418915007613916,14.879775190787669,-0.8334058630935954
15,30,15,80,23.735119047619047,57,279065.86571813293,179.06586571813295,19.826493298068826,-24.262959057924427,1.3612949240030632,14.974808966424572,-1.0650009817893793
15,30,15,85,21.502976190476193,61,270117.27228010877,170.11727228010875,19.140176031213873,-25.06037236825684,1.3075248941236368,15.14199978406084,-1.1985123427020472
15,30,20,65,31.994047619047617,61,284086.56795485487,184.08656795485484,20.20365554077621,-20.925092513332586,1.4173449110489016,14.577244165596342,-0.6751643402843572
15,30,20,70,31.101190476190478,65,276665.02443331084,176.66502443331083,19.644159744979216,-22.84636158241252,1.3801619077290128,14.613749749876472,-0.9044742505122392
15,30,20,75,30.13392857142857,75,281458.7050017342,181.4587050017342,20.00693790967709,-22.71282989432756,1.3930767422542654,14.721122536467131,-0.8782062471784906
15,30,20,80,27.529761904761905,75,270742.60773629916,170.74260773629914,19.18874042564895,-24.28395581308698,1.3361056108775844,14.81357892640741,-1.0922899704311138
15,30,20,85,25.744047619047617,83,263662.3613993913,163.66236139939133,18.633389457384865,-24.76871793473852,1.290273900441575,14.9726507827719,-1.186597893032277
15,30,25,65,35.41666666666667,55,295505.7010759378,195.5057010759378,21.041447679870885,-20.923745395466938,1.4822135376854413,14.42345708691242,-0.6101610018612527
15,30,25,70,34.672619047619044,55,292964.0400469184,192.96404004691837,20.857310064850452,-21.655349966557193,1.467887000752439,14.457098807250437,-0.6976479959032804
15,30,25,75,33.85416666666667,63,296360.7625135864,196.36076251358637,21.103101692062644,-21.516329289822934,1.4735209268164895,14.558734422263345,-0.678112002165804
15,30,25,80,31.473214285714285,71,283589.0294474204,183.58902944742036,20.16652596920425,-23.631863475328686,1.4077676628299098,14.661910207499146,-0.9554186847029587
15,30,25,85,29.761904761904763,77,275909.5782785814,175.9095782785814,19.586517286963236,-24.07013518860576,1.3585414711861594,14.832396277237633,-1.0484720476744165
15,30,30,65,37.5,60,288210.2013868406,188.21020138684062,20.509343512003554,-20.94953980672254,1.4591940326532393,14.319051944692351,-0.6357599480190146
15,30,30,70,36.830357142857146,58,286057.1437735114,186.05714377351143,20.350188578558104,-21.672578205888186,1.4462704446941537,14.353085705350136,-0.7209873758946648
15,30,30,75,36.086309523809526,64,288902.2343638587,188.90223436385872,20.560290889525312,-21.53430309930979,1.4501923420075666,14.452266653876308,-0.7032379679234122
15,30,30,80,33.92857142857143,70,278573.8037803705,178.5738037803705,19.789228884018904,-23.39043557960633,1.3952539212788115,14.540590971990463,-0.9437896366818215
15,30,30,85,32.36607142857143,78,272701.8783864588,172.70187838645882,19.340304092360007,-23.17747784214163,1.3538846242317315,14.707624355252156,-0.9638631599824317
15,30,35,65,41.964285714285715,82,271607.76473125874,171.60776473125873,19.255777560651154,-21.03244254552312,1.3935956849670108,14.179311378738463,-0.7096485695853014
15,30,35,70,41.44345238095239,82,269227.712047239,169.227712047239,19.07093175638146,-21.894816711934027,1.3789829401765352,14.213282191825494,-0.8104987310168676
15,30,35,75,40.69940476190476,88,271689.9346849553,171.6899346849553,19.26213539115331,-21.760099571809064,1.3826991502095425,14.308534366226105,-0.7933108069713641
15,30,35,80,38.764880952380956,92,263767.5479760128,163.76754797601282,18.641729351514314,-23.57185276831976,1.3371873038139235,14.388614599764797,-1.0199979730180528
15,30,35,85,37.797619047619044,96,263622.26135173463,163.62226135173464,18.630209336255056,-22.975229287815704,1.3250090949135542,14.52840038420774,-0.9725138338680164
20,10,15,65,26.934523809523807,75,274421.60219020944,174.42160219020946,19.472599658691347,-23.170410928002834,1.33769850670381,15.007006217366053,-0.9793425860964735
20,10,15,70,23.735119047619047,73,265441.14655510656,165.44114655510657,18.774056236018886,-26.564886315108566,1.2894791778967472,15.093710241776648,-1.3670094536141093
20,10,15,75,21.428571428571427,67,268588.6935365987,168.5886935365987,19.02107349051039,-24.77371576661177,1.2944602502869198,15.221599170052889,-1.182911326374257
20,10,15,80,19.49404761904762,65,267272.2846394082,167.27228463940818,18.918054295092656,-24.575751797745816,1.2840807592688306,15.279661101506484,-1.1734944205057511
20,10,15,85,18.75,69,268281.9287744817,168.2819287744817,18.997104001929532,-25.270432563612616,1.278676036262849,15.415500307234794,-1.2483672200984124
20,10,20,65,30.059523809523807,71,276932.29010801046,176.93229010801045,19.6645217463709,-23.708967086325885,1.363548572917021,14.828062921488186,-1.0073481357155674
20,10,20,70,27.083333333333332,75,264502.34222018434,164.50234222018435,18.69991245288569,-27.02402745115849,1.2995514292779065,14.903288503611334,-1.4028513158379423
20,10,20,75,25.0,65,267401.78970799426,167.40178970799425,18.92820758399918,-25.140336802478764,1.3036061664383654,15.028318499732093,-1.2104275138095109
20,10,20,80,23.363095238095237,61,269044.2908563662,169.04429085636622,19.05663063260552,-24.940911652787623,1.3065581764365601,15.089402567199341,-1.1875329888422022
20,10,20,85,22.842261904761905,63,272480.58180968807,172.4805818096881,19.323230233887244,-25.47782368171878,1.3127315319414232,15.213923977674652,-1.2350508362304549
20,10,25,65,32.73809523809524,71,278103.68116473977,178.10368116473975,19.753575276270972,-23.17564679005666,1.3746095185288756,14.758945199496104,-0.9429551604767903
20,10,25,70,29.985119047619047,73,268708.0078079815,168.7080078079815,19.030390184856593,-25.820691020730695,1.323815451444961,14.847621007687032,-1.2582536506281088
20,10,25,75,28.050595238095237,67,272724.7047966042,172.72470479660416,19.342064585837694,-23.88177421142846,1.3335642690097298,14.960593584478746,-1.0546131521331163
20,10,25,80,26.5625,63,273087.6235166084,173.08762351660837,19.37003850375112,-23.793317002102583,1.331335596342509,15.009942047647517,-1.0479961038677492
20,10,25,85,26.11607142857143,65,275200.37036564795,175.20037036564796,19.5322844847295,-24.35337689776165,1.3315625808341958,15.129123672022281,-1.103775108941969
20,10,30,65,34.970238095238095,81,277948.7145222568,177.94871452225684,19.741811887862106,-22.74791948201968,1.3833875164251082,14.645740455191062,-0.8914044317768599
20,10,30,70,32.514880952380956,87,268479.56398815993,168.47956398815995,19.012549087953378,-25.41642636907504,1.3314813895421096,14.738004364954044,-1.2101612473653944
20,10,30,75,30.729166666666668,81,270740.8291745794,170.74082917457943,19.18860243123579,-23.46128623768951,1.3339037774984153,14.840650562778693,-1.0122248462705357
20,10,30,80,29.538690476190478,79,270405.2986606401,170.40529866064009,19.16255604037447,-23.407193492278722,1.3290060367372964,14.882489192222423,-1.011713312490576
20,10,30,85,29.092261904761905,81,272467.48723828775,172.46748723828773,19.322219580830513,-23.975421561696294,1.3290920100753179,15.001851958076271,-1.0684501460943114
20,10,35,65,37.723214285714285,105,265583.7223253584,165.5837223253584,18.78529751631721,-22.844560638912856,1.3336309273047116,14.539769589018075,-0.9508251365865741
20,10,35,70,35.41666666666667,107,260574.39100532333,160.57439100532332,18.387324597073906,-25.450992887951557,1.3027006519020632,14.619396511761654,-1.2423986368930926
20,10,35,75,33.779761904761905,97,262713.274303124,162.71327430312402,18.55801530199688,-23.545514939456783,1.305873935777636,14.711749302882335,-1.0486775581680423
20,10,35,80,32.663690476190474,101,261484.31724405545,161.48431724405543,18.460080572382864,-23.490709486752166,1.2970229015520827,14.748415840818991,-1.0520480471231342
20,10,35,85,32.29166666666667,101,265146.33960832393,165.14633960832393,18.750796618091048,-24.03581298604348,1.305222207437879,14.869108592605052,-1.0983590911664693
20,15,15,65,25.297619047619047,61,267393.74222682964,167.39374222682963,18.927576773836165,-25.240479256429264,1.3083864540272416,14.966134451388596,-1.2156614716156846
20,15,15,70,23.660714285714285,59,265926.1804393213,165.9261804393213,18.81227807440613,-26.1031826692472,1.2981918142352196,15.008989524518315,-1.3121264526895005
20,15,15,75,21.651785714285715,59,267726.6435197876,167.7266435197876,18.95365853963682,-25.2300677056015,1.2950254943492894,15.161500265560765,-1.2279812762108606
20,15,15,80,20.907738095238095,55,266665.1702032788,166.6651702032788,18.870401992908057,-25.311764363900284,1.289644900001486,15.167645727501592,-1.2415315363885424
20,15,15,85,20.014880952380953,59,270937.6502857055,170.93765028570553,19.203868788349034,-25.441117000740903,1.297962364609834,15.317515202034294,-1.2461493354642563
20,15,20,65,28.348214285714285,61,263648.4012081107,163.64840120811067,18.63228239420385,-25.646847525057147,1.3023106385800987,14.815282203155697,-1.2623741139256162
20,15,20,70,26.785714285714285,61,261955.72308952478,161.95572308952478,18.4976913107592,-26.57312553491313,1.2908458707037942,14.858074367040336,-1.3664666827875191
20,15,20,75,25.372023809523807,57,268571.23813317955,168.57123813317955,19.019710193703144,-25.568889690193835,1.3156693625389313,14.943312357173271,-1.2412196064804524
20,15,20,80,24.776785714285715,53,267104.48761606624,167.10448761606625,18.904892860919077,-25.64991266343667,1.3084853300992094,14.947224777793533,-1.2565059362444577
20,15,20,85,24.107142857142858,55,270048.05056787725,170.04805056787723,19.13479448802866,-25.639279102177465,1.3123207971777897,15.07447517367823,-1.2516071130399569
20,15,25,65,31.101190476190478,65,266783.41303984786,166.78341303984786,18.87968985459636,-24.271357241072224,1.3223574215004557,14.751356068394475,-1.1047783026067668
20,15,25,70,29.6875,63,265147.6787312168,165.1476787312168,18.75090232008805,-25.22986630629196,1.3120267989532786,14.783030114481054,-1.2109598316759174
20,15,25,75,28.497023809523807,59,272049.94778270053,172.04994778270054,19.289972440391878,-24.190841899942633,1.3385477359171498,14.85901889647065,-1.0805364540771134
20,15,25,80,27.976190476190478,55,270086.2983575545,170.08629835755448,19.137768148282852,-24.40414061278609,1.329165886642089,14.861888295948733,-1.11124817463652
20,15,25,85,27.455357142857146,57,274218.5380774242,174.2185380774242,19.457013885046813,-24.40981565292294,1.337894904367926,14.99212463041421,-1.1030866609243681
20,15,30,65,33.705357142857146,79,266528.80698155134,166.52880698155133,18.8596865791526,-23.853349346233525,1.3303949288199073,14.636066383577543,-1.054940005803445
20,15,30,70,32.44047619047619,81,264272.37122165266,164.2723712216527,18.68171702423851,-24.82036079057222,1.31713116232252,14.665499173641185,-1.164904916734702
20,15,30,75,31.398809523809522,77,269509.68664395437,169.50968664395435,19.092901322224876,-23.77321937745814,1.3370813018249885,14.729242297613379,-1.0402406359208256
20,15,30,80,30.952380952380953,73,268081.60949278594,168.08160949278596,18.981439590023584,-23.842031892958676,1.3300138864931126,14.732915662910582,-1.0541893028027551
20,15,30,85,30.431547619047617,75,272137.91227556666,172.13791227556666,19.29676944602503,-23.853386500239093,1.3386173505666958,14.862803537683632,-1.0467212994572135
20,15,35,65,36.75595238095239,99,258809.35554933822,158.80935554933822,18.245596932673624,-23.92427606371236,1.3025248833427547,14.51153136022865,-1.0899027230284812
20,15,35,70,35.56547619047619,103,255851.46225257684,155.85146225257685,18.00629065950694,-24.8687929491438,1.2857044237349473,14.536282290538393,-1.2011748711794328
20,15,35,75,34.523809523809526,99,260661.73248843843,160.66173248843842,18.394317328579856,-23.848201947501053,1.3049481921870496,14.596635512569463,-1.0798720025630557
20,15,35,80,34.077380952380956,95,259350.0992449015,159.35009924490151,18.289101596264135,-23.91541018738975,1.2981027427246172,14.601155043434405,-1.0934382760143577
20,15,35,85,33.63095238095239,95,264838.4105709613,164.83841057096132,18.72647893794992,-23.91541018738975,1.314716525361101,14.729620336407129,-1.076824493377874
20,20,15,65,26.934523809523807,51,290321.8814928284,190.32188149282842,20.664491269875953,-21.798012473418193,1.4140323553095715,14.937448783589936,-0.7657688920322478
20,20,15,70,24.851190476190478,55,288419.02496857394,188.41902496857395,20.524727683407782,-21.904840385242814,1.3973717847111384,15.03789649475695,-0.7931122538131428
20,20,15,75,23.363095238095237,55,278483.21710748755,178.48321710748755,19.782362742600125,-24.15522756300256,1.3513201252319436,15.066409435456862,-1.0642026310683124
20,20,15,80,22.098214285714285,61,265555.64450455026,165.55564450455026,18.78308413463361,-25.200811847549488,1.288621633673214,15.112414173474855,-1.231459551081735
20,20,15,85,20.386904761904763,67,261435.4893291908,161.4354893291908,18.45618168468677,-25.0936003202134,1.2622312191648606,15.20693860973252,-1.2471288128564797
20,20,20,65,30.13392857142857,53,285586.2717073443,185.5862717073443,20.315250074230473,-22.368676407291023,1.4084355359290452,14.758627888946254,-0.8284321048000571
20,20,20,70,28.348214285714285,55,286269.8440434073,186.26984404340732,20.365955315373174,-22.473005040131568,1.4030431857292114,14.857753451884026,-0.8442573182839452
20,20,20,75,27.083333333333332,57,277001.3833046089,177.0013833046089,19.669783072700152,-24.534883095651143,1.3585016794590192,14.893941143998928,-1.0949866301060949
20,20,20,80,26.11607142857143,57,270048.4901913834,170.04849019138342,19.13482866951577,-25.09418096015948,1.3255203767510482,14.905719399555247,-1.1838977192649
20,20,20,85,24.553571428571427,61,263643.73070107726,163.64373070107726,18.631912005520768,-25.293749181428517,1.2894372715179063,14.981999360682865,-1.2399376466249454
20,20,25,65,32.8125,57,286570.9182041507,186.5709182041507,20.388256414500884,-21.685454706193735,1.4204552255905527,14.670012291984232,-0.7480902450288209
20,20,25,70,31.324404761904763,55,291183.7500065771,191.18375000657713,20.727546788976035,-20.987076753992902,1.4317255892845953,14.774696629449496,-0.6669820861146951
20,20,25,75,30.208333333333332,57,281245.303607887,181.24530360788702,19.990896691277783,-23.121572524441174,1.3844620236256253,14.812067190839967,-0.9276952288184919
20,20,25,80,29.315476190476193,59,275651.9161689489,175.65191616894893,19.566827279819666,-23.71605238195985,1.3574494977337,14.830991895894503,-1.0141557404622854
20,20,25,85,27.827380952380953,63,268008.39004293043,168.00839004293042,18.975711625957302,-23.923445904068068,1.3162572944281106,14.901827836526065,-1.076087295978696
20,20,30,65,35.714285714285715,73,283698.49762189575,183.69849762189574,20.174699800756457,-21.24450876672509,1.4196468689361506,14.53083358633472,-0.7048040077363587
20,20,30,70,34.226190476190474,71,288205.81336031127,188.20581336031128,20.509020144699974,-20.5399359079413,1.430809366450473,14.63491258758553,-0.6231842243436567
20,20,30,75,33.18452380952381,73,279035.54903127317,179.03554903127318,19.824198945962724,-22.540807832807268,1.3857901833304487,14.676606476888407,-0.8682905999502779
20,20,30,80,32.29166666666667,75,273544.9496053399,173.54494960533992,19.405245802411653,-23.14996546016416,1.3585674414102171,14.698354358832045,-0.9564291046061988
20,20,30,85,30.80357142857143,81,266041.88627962273,166.04188627962273,18.821387488761722,-23.360464439916857,1.317010990457356,14.773923818785681,-1.0190354535343298
20,20,35,65,38.764880952380956,95,275289.6350078824,175.2896350078824,19.539116839778735,-21.376122168357433,1.391978667036148,14.400110204969973,-0.7456335497995954
20,20,35,70,37.276785714285715,93,279488.05792909634,179.48805792909633,19.8584232790723,-20.687939038742982,1.4028807882679193,14.501167649377269,-0.6659131156063791
20,20,35,75,36.30952380952381,95,269410.8660841569,169.4108660841569,19.085204044266657,-22.642266807753,1.3520928285223581,14.540068518224198,-0.9121338522529419
20,20,35,80,35.49107142857143,95,266153.0360719793,166.1530360719793,18.830135136820548,-23.222499083310392,1.33432078840799,14.565267305279669,-0.9879291199230491
20,20,35,85,34.00297619047619,101,259142.76123774296,159.14276123774295,18.272429390963318,-23.42908113676862,1.2937026634135909,14.6438924809263,-1.0492054502632713
20,30,15,65,28.497023809523807,43,286764.11449355,186.76411449354998,20.40255664363151,-20.88000460476106,1.4143380819108327,14.750790096943497,-0.6736623785652731
20,30,15,70,27.604166666666668,45,280531.76964459824,180.53176964459823,19.937187981756832,-22.42609016718207,1.3831153232372813,14.789695233120481,-0.8594936934809259
20,30,15,75,26.5625,59,284545.3188953233,184.5453188953233,20.237843095663344,-22.665102809630117,1.3919229124584969,14.899456065932535,-0.8745873685045149
20,30,15,80,24.107142857142858,53,277978.7500042846,177.9787500042846,19.74409227823337,-23.82399859887992,1.3576745945100308,14.958957407292678,-1.0247252653779615
20,30,15,85,21.800595238095237,57,266887.74455950706,166.88774455950707,18.88788218001669,-24.466762067699946,1.2943542083967214,15.118791465098743,-1.152321998373273
20,30,20,65,31.547619047619047,43,284520.13758387417,184.52013758387417,20.235967683742295,-20.910802243668734,1.4191998574591242,14.578457250291214,-0.6718803669077491
20,30,20,70,30.729166666666668,43,281958.97730628366,181.95897730628366,20.04450375643867,-22.090124671459424,1.4036580922575093,14.623700571229993,-0.8053543748884331
20,30,20,75,29.910714285714285,51,285354.1142093555,185.35411420935552,20.298006619133567,-21.952319056009394,1.4113203832495254,14.712855782229518,-0.7839115223514139
20,30,20,80,27.901785714285715,47,276284.85741875827,176.2848574187583,19.615168265861893,-23.837678003294187,1.3656463650796713,14.766647336890292,-1.0181214352497472
20,30,20,85,25.967261904761905,53,269215.8600763145,169.21586007631447,19.070007915430587,-24.66625440638675,1.3232118092888197,14.885646533830618,-1.1434136313498553
20,30,25,65,34.44940476190476,47,284130.1922487368,184.1301922487368,20.206908515468825,-20.92741301044874,1.4254568181042973,14.487045149214921,-0.6672844829405764
20,30,25,70,33.63095238095239,47,281577.11724232545,181.57711724232547,20.01583454505178,-22.101784811641505,1.4097292089849711,14.533285433100446,-0.8004492721791792
20,30,25,75,32.88690476190476,53,287574.6374977597,187.57463749775974,20.46246453117062,-21.25424665148006,1.429475408742052,14.618055900189844,-0.6959492564059537
20,30,25,80,30.952380952380953,49,277354.32504393463,177.35432504393464,19.696642116904407,-23.178435579451282,1.3788539548928958,14.6671565481587,-0.9389896030522324
20,30,25,85,29.24107142857143,55,273817.454480221,173.817454480221,19.42620157237396,-23.273662336862966,1.3514317444698407,14.800967249969524,-0.9759344892164559
20,30,30,65,37.12797619047619,63,280862.776913137,180.86277691313703,19.96211734270141,-20.944865038035505,1.4215781062335613,14.361059175797603,-0.6729083975699894
20,30,30,70,36.45833333333333,63,278834.0736401321,178.83407364013212,19.808946167391838,-21.668766081963916,1.4091297349751457,14.394838807659502,-0.757746873221246
20,30,30,75,35.714285714285715,69,284695.15719447186,184.69515719447185,20.248999677551183,-20.81373651687568,1.4288820462218497,14.477608483762088,-0.6524916054657184
20,30,30,80,33.85416666666667,65,275230.75710707955,175.23075710707957,19.534610504230887,-22.605417430854136,1.3804783372379705,14.530984523212314,-0.880063405847443
20,30,30,85,32.217261904761905,73,271744.19927202526,171.74419927202527,19.266333199200748,-22.701927071043908,1.3525703979521615,14.66860536568429,-0.9176223091522293
20,30,35,65,40.10416666666667,83,272169.5787975718,172.16957879757183,19.299215871289533,-20.991168625607116,1.3900912933444296,14.250213030783272,-0.7090255692162821
20,30,35,70,39.43452380952381,85,270288.0069337894,170.2880069337894,19.153444698087018,-21.706525172472567,1.3779583513042288,14.284804381623664,-0.7926941659430278
20,30,35,75,38.69047619047619,91,275724.0162575134,175.72401625751337,19.572338547066682,-20.861587867464532,1.3971358242295493,14.364545145694846,-0.6890229625169038
20,30,35,80,36.904761904761905,87,265953.5400831401,165.9535400831401,18.814432368690582,-22.63338532838058,1.3456715494192553,14.415990377458183,-0.9176669834188029
20,30,35,85,35.49107142857143,93,263501.2647774841,163.5012647774841,18.620611326853552,-22.779351941866828,1.3241224435321286,14.531771804658373,-0.9538127506545544
30,10,15,65,27.083333333333332,73,271888.4391217737,171.8884391217737,19.27748797088922,-24.93033776664568,1.3302322066080712,14.954128306165684,-1.1628015700564966
30,10,15,70,23.883928571428573,65,261858.77519186604,161.85877519186604,18.489960956978237,-27.407489799356235,1.2771371314821793,15.032322322807087,-1.463611848453444
30,10,15,75,21.577380952380953,65,262235.2031446394,162.23520314463937,18.519963085350312,-26.218501591605403,1.2700724941591641,15.151296050477276,-1.351777665001376
30,10,15,80,19.419642857142858,59,258664.3445978313,158.6643445978313,18.233917578685265,-26.55081512763349,1.2485861161314602,15.21342562471302,-1.406495396631889
30,10,15,85,18.229166666666664,59,259260.95228510076,159.26095228510079,18.28193456809526,-27.316037898659157,1.2400025856619445,15.372902724449517,-1.491601204203971
30,10,20,65,30.357142857142854,83,259246.63938887342,159.2466393888734,18.280783684311984,-25.13917014284691,1.2825170333106253,14.794985037563865,-1.2313999809740657
30,10,20,70,27.306547619047617,81,250741.4708628637,150.74147086286368,17.587447119319766,-27.559616315767382,1.2341805327724003,14.876689338256435,-1.5217810988043379
30,10,20,75,25.223214285714285,83,251106.44017161272,151.10644017161272,17.61759409078538,-26.390001210439124,1.2290512283772856,14.972643199397826,-1.4099488926666268
30,10,20,80,23.214285714285715,83,247529.77706261433,147.52977706261433,17.32058632870439,-26.710378530540524,1.2075757720569105,15.021959876150556,-1.463462080997142
30,10,20,85,22.247023809523807,83,249341.43582506332,149.34143582506331,17.471465949995558,-27.59929866971424,1.2051292137179532,15.186275737618496,-1.5548006532534708
30,10,25,65,34.44940476190476,99,252887.98866239324,152.88798866239324,17.76423642535523,-25.55978865400394,1.2651867462073685,14.60739230836553,-1.2907921191930252
30,10,25,70,31.770833333333332,93,248112.34567757766,148.11234567757765,17.36920309069403,-27.529879494660847,1.233891938935584,14.698525338289233,-1.5190960105305005
30,10,25,75,30.059523809523807,95,246599.5410630491,146.5995410630491,17.24276010976713,-26.718392840422016,1.2213460349145155,14.763252739355895,-1.450493249127686
30,10,25,80,28.273809523809522,101,242891.39400070586,142.89139400070584,16.93010201600462,-27.279068712916672,1.198598481076305,14.812096024377402,-1.5293083902153621
30,10,25,85,27.380952380952383,105,243062.73942718562,143.06273942718565,16.944635620336502,-28.094992992500767,1.1902003568298491,14.943852297788563,-1.6192989424202278
30,10,30,65,37.94642857142857,83,255423.48432755988,155.4234843275599,17.971476909300144,-25.954779851488762,1.288142752113048,14.477894311184569,-1.307335233035828
30,10,30,70,35.41666666666667,83,251936.2544974432,151.9362544974432,17.686003808251716,-27.458858566807788,1.2625868851767221,14.577970826105613,-1.4832989715040565
30,10,30,75,34.00297619047619,83,253642.42737481213,153.64242737481214,17.826079197233625,-26.657130832543125,1.2671574005397797,14.631494749643299,-1.398555682714533
30,10,30,80,32.961309523809526,81,255730.99416573113,155.73099416573112,17.996496069196688,-26.18277238493517,1.2740315631634633,14.678850969305834,-1.3442456753300536
30,10,30,85,32.29166666666667,85,257580.395781787,157.580395781787,18.146443795163258,-26.881616983234537,1.2733694459072056,14.807228899255845,-1.4147922524162482
30,10,35,65,40.029761904761905,72,253609.66549936333,153.60966549936333,17.823396793457036,-25.095585339629515,1.2860704476189133,14.386916108474706,-1.223488086344038
30,10,35,70,37.797619047619044,74,249538.54905482975,149.5385490548298,17.487827525044743,-26.621023377544027,1.2582388906182653,14.47355388699349,-1.4038634471361373
30,10,35,75,36.607142857142854,72,248830.37356492487,148.83037356492488,17.428995051819385,-26.579729906123227,1.2541811556816098,14.47839153160943,-1.403791834930713
30,10,35,80,35.639880952380956,72,250932.62872874795,150.93262872874794,17.603241529162304,-26.102021805720284,1.2614359469982348,14.525795872885514,-1.3487662335737938
30,10,35,85,35.11904761904761,78,251590.94454120402,151.59094454120404,17.657559110643504,-26.776202478747745,1.2553269830110025,14.649697842278412,-1.422293264863772
30,15,15,65,25.148809523809522,53,263715.6432886258,163.7156432886258,18.63761434379656,-25.53252816833263,1.291686774967961,14.957229014840308,-1.2615660418653019
30,15,15,70,23.883928571428573,51,261512.71424196928,161.51271424196926,18.462347784463518,-26.555059476003905,1.277851190255828,15.001084306076503,-1.3776547573445623
30,15,15,75,21.354166666666664,53,260247.30219880817,160.24730219880817,18.3611200551405,-26.897330234319732,1.2631388461186221,15.117566965207466,-1.426594177313351
30,15,15,80,20.535714285714285,49,258202.8105951306,158.20281059513061,18.196709145908763,-27.22014316425766,1.2531765084128774,15.119859587683592,-1.4688378080128888
30,15,15,85,19.345238095238095,51,260840.4890200157,160.8404890200157,18.408622913810134,-27.710166542333237,1.255594973177235,15.259118292537874,-1.515421681056089
30,15,20,65,28.199404761904763,75,251663.9949574655,151.6639949574655,17.663579275136733,-25.61269096254633,1.2432282391022618,14.816983749324075,-1.3180408571523712
30,15,20,70,27.083333333333332,73,249312.98220461368,149.31298220461366,17.469103249646455,-26.615596549026616,1.2292607390966905,14.845390767576436,-1.432298915805971
30,15,20,75,24.925595238095237,75,252068.21740802354,152.06821740802354,17.696865691342545,-26.652990901428957,1.2339345169791898,14.971653097302728,-1.4313645731637061
30,15,20,80,24.330357142857142,71,250462.40232537081,150.46240232537082,17.564371274571734,-26.84734650610806,1.2258410309283299,14.972750122836596,-1.458893619682476
30,15,20,85,23.288690476190478,71,254216.2352008986,154.2162352008986,17.87301394181553,-26.943456802306446,1.2341152830938065,15.115647759228981,-1.460230397136838
30,15,25,65,32.73809523809524,89,253674.86109114403,153.67486109114404,17.828734451607996,-25.593344224420257,1.2648669954595113,14.663770497670173,-1.2944674269825143
30,15,25,70,31.622023809523807,87,251271.7057941039,151.2717057941039,17.63123338925574,-26.590910171786845,1.2502875596756189,14.695530666149365,-1.4088034575030655
30,15,25,75,29.836309523809522,93,249876.3567345451,149.87635673454508,17.515842838964566,-26.870415805677183,1.2372173941448037,14.775840971108972,-1.4498241864229144
30,15,25,80,29.24107142857143,89,248309.18997145037,148.30918997145037,17.38560896980954,-27.059883671856234,1.2290163759177049,14.778663903799794,-1.4769719912679184
30,15,25,85,28.348214285714285,89,249878.37709699862,149.8783770969986,17.516010299263773,-27.149306354286285,1.228495800318687,14.894801800090852,-1.4864348351099417
30,15,30,65,36.38392857142857,75,256491.05015172804,156.49105015172805,18.05822845903775,-25.801462402938746,1.2897574977458937,14.52594236663768,-1.290388742547981
30,15,30,70,35.342261904761905,77,254880.4946855668,154.88049468556682,17.927238338243654,-26.529457127894563,1.2786638965301669,14.563764127329131,-1.3742818162592894
30,15,30,75,33.92857142857143,79,254967.76875120873,154.96776875120872,17.934353983020834,-26.717829851442442,1.2743253956713647,14.62545472726734,-1.3974575894728796
30,15,30,80,33.407738095238095,75,253130.6036087572,153.13060360875718,17.78414059167932,-26.90769473370066,1.2647331296134838,14.629489604179726,-1.426036343756582
30,15,30,85,32.663690476190474,79,254819.2317503399,154.8192317503399,17.9222422385932,-27.005269876026944,1.2645780536921924,14.742738133801048,-1.4359489339105018
30,15,35,65,38.61607142857143,66,249800.12925989548,149.80012925989547,17.509523813183982,-26.02836837582269,1.2672941060959042,14.374557116684205,-1.335542731486365
30,15,35,70,37.648809523809526,68,247206.24066861643,147.20624066861646,17.293545711157975,-26.73977413620068,1.251053128216871,14.408386178657793,-1.4229242854031967
30,15,35,75,36.45833333333333,76,247530.59605306265,147.53059605306268,17.320654741570387,-26.789977350495096,1.247901863917591,14.471842503915186,-1.4310958711319186
30,15,35,80,35.9375,72,245838.83159888227,145.83883159888228,17.178937018109597,-26.97640931188088,1.2386210005991591,14.47691483769941,-1.4590199305889286
30,15,35,85,35.267857142857146,76,247938.82403332565,147.93882403332566,17.354732130908857,-26.898516211066653,1.2410083564726901,14.590660258005766,-1.448843264633975
30,20,15,65,26.5625,49,281501.42102251615,181.50142102251613,20.010147636549156,-22.634611771530558,1.3737067379979206,14.956220810761822,-0.8897544391551351
30,20,15,70,23.958333333333336,47,278465.0453253127,178.4650453253127,19.780985165837485,-23.50325461487092,1.3518091630721452,15.05921478806867,-0.9985162984149467
30,20,15,75,22.544642857142858,49,270872.2438880997,170.87224388809966,19.198796578970722,-25.168899254987696,1.3136485012075612,15.107075354176486,-1.2032414242912084
30,20,15,80,21.13095238095238,51,257685.65200466407,157.68565200466406,18.15495116496897,-27.173018460412862,1.2533593656108633,15.083167686240076,-1.463942480430423
30,20,15,85,19.419642857142858,57,254442.82981407008,154.44282981407008,17.891524267859495,-27.388608071294858,1.2310541178734942,15.174323822782016,-1.5078066892559916
30,20,20,65,29.761904761904763,67,272893.9244546911,172.8939244546911,19.35511191695003,-22.743932779468388,1.345684293665076,14.819166512833156,-0.9287089842817629
30,20,20,70,27.529761904761905,69,268336.5659059703,168.3365659059703,19.00137480161337,-23.333626875333106,1.3176784835387991,14.903599175695787,-1.0156842039945113
30,20,20,75,26.264880952380953,71,261850.47930466756,161.85047930466757,18.489299356675982,-24.862284374936465,1.2832189434044272,14.951406101792161,-1.203009494089219
30,20,20,80,25.0,73,251027.46034443798,151.02746034443797,17.61107330920271,-26.477001200154497,1.23116357746249,14.938155391594163,-1.4165365425529595
30,20,20,85,23.511904761904763,79,246193.1233115364,146.19312331153637,17.208682101494155,-26.696937392105852,1.2012097285716234,15.01626380065223,-1.4684840106389618
30,20,25,65,34.077380952380956,83,271455.5027068428,171.45550270684276,19.243992226187288,-22.11264714670079,1.352791330249494,14.64941796984923,-0.858473384420585
30,20,25,70,32.142857142857146,79,267405.08516348095,167.40508516348095,18.928465897184466,-22.891703000447354,1.3283216489559138,14.713866366737014,-0.9608486510888214
30,20,25,75,31.101190476190478,85,258859.45263521007,158.85945263521006,18.249630558547537,-25.12282351340454,1.2844144920148655,14.745757473545334,-1.2278678593255885
30,20,25,80,29.985119047619047,91,248278.4486224004,148.27844862240042,17.383047555105424,-26.672818849689616,1.2316085365721738,14.741143146282893,-1.4356733483967878
30,20,25,85,28.57142857142857,101,242228.61495313304,142.22861495313305,16.873805129765906,-26.887207281461883,1.1956940754719059,14.804191465150687,-1.4930266526742824
30,20,30,65,37.797619047619044,67,277760.06020394,177.76006020394001,19.727484001932318,-22.338216887399945,1.3957597495105833,14.490768883989084,-0.8380619392294113
30,20,30,70,35.9375,63,273805.89359202754,173.80589359202756,19.42531288295384,-23.01989221010951,1.3713121664665926,14.56009358865595,-0.9306770545443586
30,20,30,75,35.044642857142854,73,264249.41921803996,164.24941921803998,18.679900333657827,-24.966905749369207,1.3225473173762474,14.596658721429245,-1.1741432575606734
30,20,30,80,34.226190476190474,77,257140.27456031815,157.14027456031815,18.110839796600796,-26.176007049848348,1.287055082495184,14.601889972471671,-1.3305456224896508
30,20,30,85,32.961309523809526,87,250052.17438346386,150.05217438346386,17.530411534361413,-26.572011311271876,1.2463519981968947,14.664921477013806,-1.4108491329302928
30,20,35,65,39.88095238095239,60,265457.0803420364,165.45708034203636,18.77531277040334,-23.556998074557495,1.3493223113427246,14.343313853371233,-1.0063774961130247
30,20,35,70,38.169642857142854,58,264661.5647620593,164.6615647620593,18.712502592399026,-23.310182391446883,1.3408912749092134,14.397193086942817,-0.9901269642354749
30,20,35,75,37.351190476190474,68,256478.2869219993,156.4782869219993,18.057193063474998,-25.026472705376147,1.2965127629028674,14.439952961307457,-1.2061345076347472
30,20,35,80,36.830357142857146,72,250089.65305020293,150.08965305020294,17.53351602039912,-26.086083706849685,1.2631106721713123,14.447707010684669,-1.345497698513656
30,20,35,85,35.714285714285715,82,244504.82964960125,144.50482964960125,17.066621163268337,-26.470460181374676,1.2290354278160864,14.510517815897666,-1.418010590321381
30,30,15,65,27.752976190476193,39,283093.7883723769,183.09378837237688,20.129514519160985,-20.967320484169743,1.3933126556498554,14.805543855151685,-0.7034193927671188
30,30,15,70,26.413690476190478,45,279584.01437267737,179.58401437267736,19.86567482844588,-22.584812087243147,1.3723035539324067,14.868367067250226,-0.8861776547919082
30,30,15,75,24.925595238095237,53,279731.81416410656,179.73181416410657,19.8768402350632,-23.71050102352821,1.364686692804263,14.969696202429928,-1.0063634095485579
30,30,15,80,22.470238095238095,49,269104.8709184449,169.10487091844487,19.061354873263703,-25.763429287331103,1.3113054075660326,15.031649820589172,-1.2650375211670777
30,30,15,85,20.3125,47,262066.44603653008,162.06644603653007,18.50651716611422,-26.09018238461225,1.2695598429448944,15.147632910222283,-1.3394583955163304
30,30,20,65,31.175595238095237,57,271960.99795244704,171.96099795244706,19.283097456673982,-20.984168011541186,1.3556473883553979,14.643593945129266,-0.7427694127987206
30,30,20,70,30.208333333333332,61,266998.45917763986,166.99845917763986,18.89657283480741,-22.44471241951083,1.3283481698672246,14.6893471050176,-0.9161230720838585
30,30,20,75,28.869047619047617,73,269067.6005467613,169.0676005467613,19.058448505777914,-22.998407821832494,1.3299633593331746,14.791852693385643,-0.9698774228500748
30,30,20,80,26.413690476190478,69,259395.1258805421,159.39512588054208,18.29272077077997,-25.089206839258882,1.2783990996798962,14.858569275160313,-1.230521584245992
30,30,20,85,24.330357142857142,69,252708.36100029526,152.70836100029527,17.74948960823619,-25.51194294870203,1.2364322808032042,14.980968551292293,-1.3147620140669984
30,30,25,65,35.49107142857143,65,268891.27677362453,168.89127677362455,19.04469416752952,-21.04983004653337,1.3547807203181501,14.477825067442474,-0.750202284335187
30,30,25,70,34.74702380952381,69,262152.76657414634,162.1527665741463,18.51339574633142,-22.630028796515326,1.318996057589295,14.513280796120778,-0.9440068220622377
30,30,25,75,33.482142857142854,83,262425.29504158994,162.42529504158995,18.53510034489465,-23.171670595397604,1.3138222761915126,14.594276772638281,-1.0033447833482476
30,30,25,80,31.324404761904763,91,254294.2960523471,154.2942960523471,17.87939220205992,-25.481829091783847,1.2693077286553482,14.646580523599035,-1.2788751805230365
30,30,25,85,29.315476190476193,93,246737.74220877775,146.73774220877775,17.25433769413087,-26.290427401740242,1.2223805677110997,14.758924900253408,-1.4066621724629247
30,30,30,65,39.0625,53,275722.3174026812,175.72231740268123,19.572208701757532,-21.031574899386886,1.4003511133978408,14.327642523411265,-0.7028063765408479
30,30,30,70,38.392857142857146,55,271818.7224650715,171.8187224650715,19.27209705033213,-22.17490258174409,1.3782904324141039,14.36687383407849,-0.8391998257603048
30,30,30,75,37.42559523809524,65,273254.28339958395,173.25428339958395,19.382874453729638,-22.429119019659673,1.3780807536254716,14.449494446073308,-0.8648311483404956
30,30,30,80,35.639880952380956,77,264667.7583008167,164.6677583008167,18.712992205493006,-24.72747294751158,1.332085960211416,14.504383352211924,-1.1406613345397418
30,30,30,85,33.705357142857146,79,254995.58727787936,154.99558727787934,17.93662166643688,-25.95970774875372,1.275406400391232,14.613219089506183,-1.3205643744841398
30,30,35,65,40.99702380952381,46,269552.28631448676,169.55228631448676,19.096218755758045,-21.08809182225629,1.3778327598245854,14.24477444370425,-0.7309764224010433
30,30,35,70,40.327380952380956,48,265858.631493619,165.85863149361901,18.806958498509108,-22.214575358566744,1.356216118641066,14.285111920322368,-0.8652414172156087
30,30,35,75,39.657738095238095,54,265207.02555813687,165.20702555813688,18.755586346384078,-22.24444488636863,1.3472055175169637,14.353774057041523,-0.8772389711198993
30,30,35,80,38.392857142857146,70,260944.42104861286,160.94442104861284,18.416936707292475,-23.523408819368605,1.323336715949428,14.386331384800096,-1.0290041659874323
30,30,35,85,36.45833333333333,76,251619.62853640656,151.61962853640657,17.65992316165064,-24.786927867841698,1.2667772853009476,14.502451726319688,-1.2119155014832224
