Date,Current_Pool_CumRet,Expanded_Pool_CumRet
2021-05-12,0.9802123625273218,0.9802123625273218
2021-05-13,0.9822419643229987,0.9822419643229987
2021-05-14,0.9977190827397955,0.9977190827397955
2021-05-17,0.9959361235072803,0.9959361235072803
2021-05-18,0.9953095688548228,0.9953095688548228
2021-05-19,0.9956992437983201,0.9956992437983201
2021-05-20,1.0055175504059537,1.0055175504059537
2021-05-21,1.0032606279301255,1.0032606279301255
2021-05-24,1.0113327068560944,1.0113327068560944
2021-05-25,1.0158455807430395,1.0158455807430395
2021-05-26,1.0168009439274295,1.0168009439274295
2021-05-27,1.0148985389036957,1.0148985389036957
2021-05-28,1.0190554160062806,1.0190554160062806
2021-05-31,1.0202277013979832,1.0202277013979832
2021-06-01,1.0194991566019622,1.0194991566019622
2021-06-02,1.0214519927545853,1.0214519927545853
2021-06-03,1.0144987149058893,1.0144987149058893
2021-06-04,1.0243969169934712,1.0243969169934712
2021-06-07,1.0271085155933535,1.0271085155933535
2021-06-08,1.0264897235103214,1.0264897235103214
2021-06-09,1.0232544332428994,1.0232544332428994
2021-06-10,1.0301182033922862,1.0301182033922862
2021-06-11,1.0312396491095799,1.0312396491095799
2021-06-14,1.0349708729287677,1.0349708729287677
2021-06-15,1.0315008078655576,1.0315008078655576
2021-06-16,1.0274258352003764,1.0274258352003764
2021-06-17,1.0256348575493206,1.0256348575493206
2021-06-18,1.0196625753013908,1.0196625753013908
2021-06-21,1.024385677790393,1.024385677790393
2021-06-22,1.0301282991949985,1.0301282991949985
2021-06-23,1.0314639050762393,1.0314639050762393
2021-06-24,1.0357939474756743,1.0357939474756743
2021-06-25,1.0374684301772714,1.0374684301772714
2021-06-28,1.0430956058018412,1.0430956058018412
2021-06-29,1.0412126494505547,1.0412126494505547
2021-06-30,1.0423451146911806,1.0423451146911806
2021-07-01,1.0423403923632242,1.0423403923632242
2021-07-02,1.0496853780429083,1.0496853780429083
2021-07-05,1.0506845073844302,1.0506845073844302
2021-07-06,1.054683396332148,1.054683396332148
2021-07-07,1.0553428107672425,1.0553428107672425
2021-07-08,1.0488566261246721,1.0488566261246721
2021-07-09,1.0507165033821304,1.0507165033821304
2021-07-12,1.0547908125335146,1.0547908125335146
2021-07-13,1.0568030530114305,1.0568030530114305
2021-07-14,1.0593940698798836,1.0593940698798836
2021-07-15,1.057669767691849,1.057669767691849
2021-07-16,1.049758133721509,1.049758133721509
2021-07-19,1.0416096390653367,1.0416096390653367
2021-07-20,1.0474652090471188,1.0474652090471188
2021-07-21,1.0496150297864906,1.0496150297864906
2021-07-22,1.0566814505557995,1.0566814505557995
2021-07-23,1.062762965196746,1.062762965196746
2021-07-26,1.0603841685798896,1.0603841685798896
2021-07-27,1.0554617162752131,1.0554617162752131
2021-07-28,1.0588812957209341,1.0588812957209341
2021-07-29,1.06272867849455,1.06272867849455
2021-07-30,1.0545921221396068,1.0545921221396068
2021-08-02,1.0559402736050876,1.0559402736050876
2021-08-03,1.0615032865031717,1.0615032865031717
2021-08-04,1.0654677406466158,1.0654677406466158
2021-08-05,1.0675411538055781,1.0675411538055781
2021-08-06,1.0593863957591807,1.0593863957591807
2021-08-09,1.0554207408704381,1.0554207408704381
2021-08-10,1.0512940941133144,1.0512940941133144
2021-08-11,1.0512984929753137,1.0512984929753137
2021-08-12,1.051909950927721,1.051909950927721
2021-08-13,1.0528418461784135,1.0528418461784135
2021-08-16,1.0543455043316325,1.0543455043316325
2021-08-17,1.0461509203190538,1.0461509203190538
2021-08-18,1.0419412498318914,1.0419412498318914
2021-08-19,1.0384635707179486,1.0384635707179486
2021-08-20,1.04156276200491,1.04156276200491
2021-08-23,1.0544948440555062,1.0544948440555062
2021-08-24,1.0611592632999471,1.0611592632999471
2021-08-25,1.0614034954822231,1.0614034954822231
2021-08-26,1.0556963882371302,1.0556963882371302
2021-08-27,1.0643411176937858,1.0643411176937858
2021-08-30,1.0699508579556019,1.0699508579556019
2021-08-31,1.0752180793524841,1.0752180793524841
2021-09-01,1.0761734779181327,1.0761734779181327
2021-09-02,1.0731228384273503,1.0731228384273503
2021-09-03,1.0790254351801298,1.0790254351801298
2021-09-06,1.079765424124476,1.079765424124476
2021-09-07,1.074187359182134,1.074187359182134
2021-09-08,1.0697405756364136,1.0697405756364136
2021-09-09,1.0638893196508357,1.0638893196508357
2021-09-10,1.0592679784261827,1.0592679784261827
2021-09-13,1.0605675126040632,1.0605675126040632
2021-09-14,1.0617254023672358,1.0617254023672358
2021-09-15,1.0652345944660588,1.0652345944660588
2021-09-16,1.0582300731985403,1.0582300731985403
2021-09-17,1.0523686679293214,1.0523686679293214
2021-09-20,1.042332303894491,1.042332303894491
2021-09-21,1.044201224666486,1.044201224666486
2021-09-22,1.0488290067078465,1.0488290067078465
2021-09-23,1.051698025176413,1.051698025176413
2021-09-24,1.0516481438098264,1.0516481438098264
2021-09-27,1.0487325302658852,1.0487325302658852
2021-09-28,1.0281835523181977,1.0281835523181977
2021-09-29,1.0228053435867768,1.0228053435867768
2021-09-30,1.0243148830459745,1.0243148830459745
2021-10-01,1.024698319929617,1.024698319929617
2021-10-04,1.0146569631259301,1.0146569631259301
2021-10-05,1.0165749898934793,1.0165749898934793
2021-10-06,1.0164898771948925,1.0164898771948925
2021-10-07,1.0246257829927428,1.0246257829927428
2021-10-08,1.0217518592436792,1.0217518592436792
2021-10-11,1.0171000598867814,1.0171000598867814
2021-10-12,1.0117545790340716,1.0117545790340716
2021-10-13,1.0216307528165518,1.0216307528165518
2021-10-14,1.0359665040291066,1.0359665040291066
2021-10-15,1.03879302075203,1.03879302075203
2021-10-18,1.0425132665502133,1.0425132665502133
2021-10-19,1.0497915138440297,1.0497915138440297
2021-10-20,1.050318945291838,1.050318945291838
2021-10-21,1.052917132858224,1.052917132858224
2021-10-22,1.050222049479839,1.050222049479839
2021-10-25,1.0581906761763382,1.0581906761763382
2021-10-26,1.0609382921717387,1.0609382921717387
2021-10-27,1.0597473620617832,1.0597473620617832
2021-10-28,1.0649501895130544,1.0649501895130544
2021-10-29,1.062047997178106,1.062047997178106
2021-11-01,1.0658893847713216,1.0658893847713216
2021-11-02,1.0712925615350943,1.0712925615350943
2021-11-03,1.0716603087343501,1.0716603087343501
2021-11-04,1.0821947834357628,1.0821947834357628
2021-11-05,1.0847014710498002,1.0847014710498002
2021-11-08,1.0847241056174624,1.0847241056174624
2021-11-09,1.0826108180420284,1.0826108180420284
2021-11-10,1.0740744262773565,1.0740744262773565
2021-11-11,1.076464974361747,1.076464974361747
2021-11-12,1.0858576518877059,1.0858576518877059
2021-11-15,1.0882147686438393,1.0882147686438393
2021-11-16,1.0903582035860484,1.0903582035860484
2021-11-17,1.0891424471789553,1.0891424471789553
2021-11-18,1.0924931449855502,1.0924931449855502
2021-11-19,1.0955464873088778,1.0955464873088778
2021-11-22,1.0905914779723849,1.0905914779723849
2021-11-23,1.0848151461739417,1.0848151461739417
2021-11-24,1.0857578024856358,1.0857578024856358
2021-11-25,1.0833756698616028,1.0833756698616028
2021-11-26,1.0666259193397825,1.0666259193397825
2021-11-29,1.075674941062579,1.075674941062579
2021-11-30,1.0591147630240978,1.0591147630240978
2021-12-01,1.0576907341800692,1.0576907341800692
2021-12-02,1.066062781262821,1.066062781262821
2021-12-03,1.060173804779945,1.060173804779945
2021-12-06,1.06533228826427,1.06533228826427
2021-12-07,1.0850744156819938,1.0850744156819938
2021-12-08,1.0883207230715783,1.0883207230715783
2021-12-09,1.0816930353348653,1.0816930353348653
2021-12-10,1.0867852210312205,1.0867852210312205
2021-12-13,1.0788273546114193,1.0788273546114193
2021-12-14,1.0697820453982656,1.0697820453982656
2021-12-15,1.0835155687260338,1.0835155687260338
2021-12-16,1.0740266654299393,1.0740266654299393
2021-12-17,1.0708766741689248,1.0708766741689248
2021-12-20,1.059063921123668,1.059063921123668
2021-12-21,1.0732674457374152,1.0732674457374152
2021-12-22,1.0836840393762097,1.0836840393762097
2021-12-23,1.0899460839948691,1.0899460839948691
2021-12-24,1.0915749154915895,1.0915749154915895
2021-12-27,1.1004466930498895,1.1004466930498895
2021-12-28,1.0989075243168542,1.0989075243168542
2021-12-29,1.0958345931008355,1.0958345931008355
2021-12-30,1.093883889378065,1.093883889378065
2021-12-31,1.0920289577989093,1.0920289577989093
2022-01-03,1.0940319457753402,1.0940319457753402
2022-01-04,1.0900611848145223,1.0900611848145223
2022-01-05,1.068789814659285,1.068789814659285
2022-01-06,1.0628801250807614,1.0628801250807614
2022-01-07,1.061431548292357,1.061431548292357
2022-01-10,1.0599983302046831,1.0599983302046831
2022-01-11,1.0716787156559555,1.0716787156559555
2022-01-12,1.0783663891412587,1.0783663891412587
2022-01-13,1.062874580222413,1.062874580222413
2022-01-14,1.0615295136291967,1.0615295136291967
2022-01-17,1.0590362997579745,1.0590362997579745
2022-01-18,1.0430160923882563,1.0430160923882563
2022-01-19,1.0381743099979661,1.0381743099979661
2022-01-20,1.031934324697049,1.031934324697049
2022-01-21,1.0134359717442052,1.0134359717442052
2022-01-24,1.013847430913494,1.013847430913494
2022-01-25,0.9965995785014334,0.9965995785014334
2022-01-26,0.9913530345419201,0.9913530345419201
2022-01-27,0.9753996294795775,0.9753996294795775
2022-01-28,0.997584762645861,0.997584762645861
2022-01-31,1.0149190101583867,1.0149190101583867
2022-02-01,1.0188811205896677,1.0188811205896677
2022-02-02,1.0243351572382915,1.0243351572382915
2022-02-03,1.0055372031014362,1.0055372031014362
2022-02-04,1.0153235462515935,1.0153235462515935
2022-02-07,1.0104556658428538,1.0104556658428538
2022-02-08,1.017403430945597,1.017403430945597
2022-02-09,1.0329036385063404,1.0329036385063404
2022-02-10,1.0217894432041044,1.0217894432041044
2022-02-11,1.0070478277759274,1.0070478277759274
2022-02-14,1.0045124524358406,1.0045124524358406
2022-02-15,1.0136989835488293,1.0136989835488293
2022-02-16,1.020612712775569,1.020612712775569
2022-02-17,1.0091249043617143,1.0091249043617143
2022-02-18,1.0024614966264185,1.0024614966264185
2022-02-21,1.0022847097625458,1.0022847097625458
2022-02-22,0.9938456741233331,0.9938456741233331
2022-02-23,0.9821585394904957,0.9821585394904957
2022-02-24,0.9908885939536468,0.9908885939536468
2022-02-25,1.001701640829353,1.001701640829353
2022-02-28,1.0070305375282722,1.0070305375282722
2022-03-01,1.0022164601455028,1.0022164601455028
2022-03-02,1.008883365962646,1.008883365962646
2022-03-03,1.0076226029227011,1.0076226029227011
2022-03-04,0.9997577024969792,0.9997577024969792
2022-03-07,0.9772055535490721,0.9772055535490721
2022-03-08,0.9772418923038603,0.9772418923038603
2022-03-09,0.9898854391243316,0.9898854391243316
2022-03-10,0.9912224858910086,0.9912224858910086
2022-03-11,0.9774497709307842,0.9774497709307842
2022-03-14,0.9648598863005099,0.9648598863005099
2022-03-15,0.9745558797730215,0.9745558797730215
2022-03-16,0.9977136235814547,0.9977136235814547
2022-03-17,1.0091341507837066,1.0091341507837066
2022-03-18,1.018367473080379,1.018367473080379
2022-03-21,1.0161183170160217,1.0161183170160217
2022-03-22,1.026866406450624,1.026866406450624
2022-03-23,1.0239656806895945,1.0239656806895945
2022-03-24,1.0362133898494292,1.0362133898494292
2022-03-25,1.0345407850136161,1.0345407850136161
2022-03-28,1.0387131441508766,1.0387131441508766
2022-03-29,1.0493615176479762,1.0493615176479762
2022-03-30,1.0457112146751846,1.0457112146751846
2022-03-31,1.0391462163172398,1.0391462163172398
2022-04-01,1.0355083216254104,1.0355083216254104
2022-04-04,1.0482403427257423,1.0482403427257423
2022-04-05,1.0349854401342842,1.0349854401342842
2022-04-06,1.0216775338141244,1.0216775338141244
2022-04-07,1.0203232484598497,1.0203232484598497
2022-04-08,1.0151114536266916,1.0151114536266916
2022-04-11,1.0034125279760389,1.0034125279760389
2022-04-12,1.0002344745794094,1.0002344745794094
2022-04-13,1.0162283585453884,1.0162283585453884
2022-04-14,1.0026879311799621,1.0026879311799621
2022-04-15,1.0002049132468303,1.0002049132468303
2022-04-18,1.0010630571049277,1.0010630571049277
2022-04-19,1.012361544059214,1.012361544059214
2022-04-20,1.0067467001033137,1.0067467001033137
2022-04-21,0.9962069984933761,0.9962069984933761
2022-04-22,0.9773072192145185,0.9773072192145185
2022-04-25,0.9755768472793404,0.9755768472793404
2022-04-26,0.9802574002519854,0.9802574002519854
2022-04-27,0.9790023677755447,0.9790023677755447
2022-04-28,0.9890078964617469,0.9857900833832518
2022-04-29,0.9854354984151886,0.9822293084078509
2022-05-02,0.9884044495687564,0.9945579932660163
2022-05-03,0.9826863444330988,0.9834467549629174
2022-05-04,1.0017769563429337,0.982215511464871
2022-05-05,0.995073431865964,0.9756428850123714
2022-05-06,0.9918744834631978,0.9845067690108914
2022-05-09,0.9656384319184786,0.9652872515145454
2022-05-10,0.9579705517542111,0.9653808647508474
2022-05-11,0.9684458431343862,0.9398446231211359
2022-05-12,0.9635560862395979,0.9392729356478594
2022-05-13,0.9756448770295656,0.9598379289150677
2022-05-16,0.9832140341203554,0.9419695453049702
2022-05-17,0.9817531775608244,0.9600935913619403
2022-05-18,0.9689087657280122,0.9283053369768526
2022-05-19,0.9731520963096337,0.9205001912964653
2022-05-20,0.9782460118206039,0.8970703770752677
2022-05-23,0.9850276843539598,0.903289301009725
2022-05-24,0.9810426431622411,0.8996349417163378
2022-05-25,0.9849462899051029,0.9032146607371908
2022-05-26,0.9904419582567565,0.9082542941432329
2022-05-27,1.000982844557818,0.9179204892869292
2022-05-30,1.004182444618427,0.9208545839810837
2022-05-31,0.9999757260621138,0.9169969422877245
2022-06-01,1.0026281074009948,0.9194292269063851
2022-06-02,1.0144461967496958,0.9302666417695622
2022-06-03,1.0161251537367384,0.9318062775659365
2022-06-06,1.0175290144858193,0.9330936448297145
2022-06-07,1.0183014537068347,0.9338019864277286
2022-06-08,1.0215064595583285,0.9367410383359261
2022-06-09,1.0194757583833234,0.9348788463650141
2022-06-10,1.011268468403482,0.9273526038574876
2022-06-13,0.9880876308378304,0.9434497464561542
2022-06-14,0.980063757164416,0.9545570064134399
2022-06-15,0.9798237039785628,0.9255202422476735
2022-06-16,0.9807523352030704,0.9177178566758991
2022-06-17,0.9619612081830591,0.9200299263396282
2022-06-20,0.9577162497205399,0.9159700029369342
2022-06-21,0.9598356509822498,0.9378429631196624
2022-06-22,0.9464239199873167,0.9173244678177552
2022-06-23,0.9346130097932495,0.9065400789398345
2022-06-24,0.9464468921506836,0.9304130454825016
2022-06-27,0.9480827526523224,0.9329281208376338
2022-06-28,0.9531080590264527,0.9244057538784262
2022-06-29,0.940857065214243,0.9028384644143627
2022-06-30,0.9396101131081019,0.8869585384572403
2022-07-01,0.9370454091164839,0.887546004453013
2022-07-04,0.9370377196479402,0.8875387211804886
2022-07-05,0.9237187191522693,0.8883370579416325
2022-07-06,0.9194184292252767,0.8928509840626423
2022-07-07,0.9137787250738387,0.8989458067968085
2022-07-08,0.9179389929557132,0.9094044329275474
2022-07-11,0.9230900362219752,0.8909312210202797
2022-07-12,0.9173816595572847,0.8845544879188223
2022-07-13,0.9189512276295712,0.872806443018727
2022-07-14,0.9185505257312081,0.8738664211474153
2022-07-15,0.9185564414977171,0.8589920846515953
2022-07-18,0.9182622129792354,0.8714635239603317
2022-07-19,0.9165089372265112,0.8779419897927107
2022-07-20,0.9065265085692884,0.8798349732349003
2022-07-21,0.9057859895503458,0.876050618072042
2022-07-22,0.8988787199593665,0.8634970067611443
2022-07-25,0.9065239269769543,0.8728219013317364
2022-07-26,0.9069454660765703,0.8649615485122653
2022-07-27,0.9205632465966657,0.8743631425365213
2022-07-28,0.9256335039763082,0.8687343162500406
2022-07-29,0.9306425413015287,0.8734354453655093
2022-08-01,0.9226762583630248,0.8659588541100002
2022-08-02,0.9179117014209458,0.8614871770374541
2022-08-03,0.9177670921576432,0.8495413888997522
2022-08-04,0.9175047172077108,0.8528452978090707
2022-08-05,0.9152279785704741,0.8693190224123128
2022-08-08,0.921451496215483,0.8531913725134166
2022-08-09,0.9257284752812842,0.8589628513730787
2022-08-10,0.9303004927358494,0.8571739612087991
2022-08-11,0.9419387759214823,0.8819651506547589
2022-08-12,0.9435391263232635,0.8613834312329757
2022-08-15,0.9362920610364537,0.8547673813109685
2022-08-16,0.9321920942031183,0.853036792422193
2022-08-17,0.9306572736227401,0.8628385841258546
2022-08-18,0.9360430270351063,0.8703364419609767
2022-08-19,0.9318219543587297,0.8920381912384333
2022-08-22,0.9294941271062296,0.8992325105412835
2022-08-23,0.934498946317439,0.8900372840372003
2022-08-24,0.9406301983689741,0.9045839192310892
2022-08-25,0.9393265040833492,0.8913275203336903
2022-08-26,0.9358203275014109,0.8717385844132909
2022-08-29,0.9360241229591735,0.8756905454758241
2022-08-30,0.9240662405224173,0.8732180046543823
2022-08-31,0.9157384361382308,0.8870980941947797
2022-09-01,0.8999754625132602,0.9026871864794132
2022-09-02,0.9018467937551177,0.8969190798355642
2022-09-05,0.9015225558918886,0.8965966136163027
2022-09-06,0.898117571526552,0.9232494005965571
2022-09-07,0.888452025752765,0.9077753064765577
2022-09-08,0.8894757346969623,0.9180889079017993
2022-09-09,0.8889384526095729,0.9177599143439541
2022-09-12,0.8963092401873755,0.924158368566018
2022-09-13,0.8948853121800073,0.9200593445325254
2022-09-14,0.8921804455902561,0.9055017174375716
2022-09-15,0.8746223904668209,0.90673725556683
2022-09-16,0.8735602432437712,0.9164911609787916
2022-09-19,0.8725483273750313,0.9181360895420195
2022-09-20,0.8655888585553617,0.9218489334022523
2022-09-21,0.8666897908100363,0.9004847080705639
2022-09-22,0.8642372433641129,0.915008160952195
2022-09-23,0.8631258575803274,0.8992228595410191
2022-09-26,0.8588431797697464,0.908972126832335
2022-09-27,0.859420732788972,0.9265700055963094
2022-09-28,0.8544508247213002,0.9073248094890715
2022-09-29,0.8507011378443895,0.9163276414119538
2022-09-30,0.8484260080054554,0.9222684424166561
2022-10-03,0.8530181698797628,0.9136065206772225
2022-10-04,0.8580988755525721,0.9225977411449406
2022-10-05,0.8611817804168685,0.9361630328898087
2022-10-06,0.8656364084644664,0.937087895287962
2022-10-07,0.8622411562451647,0.9329835835419514
2022-10-10,0.8606260329444831,0.9437432475644368
2022-10-11,0.8559435642091061,0.935905784369646
2022-10-12,0.8581764577792226,0.9418525421451195
2022-10-13,0.8533386660436786,0.9439106348173291
2022-10-14,0.8570597650316683,0.9470514158557146
2022-10-17,0.8559854979600684,0.9615486385725356
2022-10-18,0.860074829974593,0.9623540359588397
2022-10-19,0.858302183214387,0.9775575416465659
2022-10-20,0.8555912046902289,1.0045179740025028
2022-10-21,0.8573952527457908,1.0323229219315917
2022-10-24,0.8604118767755827,1.0460951023396214
2022-10-25,0.8529962022440812,1.015311035652967
2022-10-26,0.8511076554628699,0.9957488598055596
2022-10-27,0.8569744509190846,0.9815467193227845
2022-10-28,0.8552159817961038,0.9953855118811703
2022-10-31,0.859708243007529,1.0020465990809413
2022-11-01,0.8640425825656025,1.0029811783553424
2022-11-02,0.8623458347677421,0.9959179110819497
2022-11-03,0.8624512795676861,0.9954037806710159
2022-11-04,0.863618897565132,1.0133323065070552
2022-11-07,0.8640572431138869,1.0273330500988818
2022-11-08,0.8719714920438186,1.0244417748395316
2022-11-09,0.876922427267492,1.0244181041828355
2022-11-10,0.8667687350539682,1.0003169443516458
2022-11-11,0.863206747705246,1.005905066035984
2022-11-14,0.8653411812178703,1.0052856161092099
2022-11-15,0.8619478735899777,0.989515689851973
2022-11-16,0.859849046351556,0.9736468143333139
2022-11-17,0.8592874568267136,0.9749503882533185
2022-11-18,0.8617884748698825,0.9808663381715302
2022-11-21,0.8647173180247175,0.9648231830345639
2022-11-22,0.8642633896117919,0.9539267860131847
2022-11-23,0.8650875892762624,0.9575116216072406
2022-11-24,0.8672839787978601,0.9599426684961061
2022-11-25,0.8678947254283836,0.9653661988582632
2022-11-28,0.867384139176077,0.9516643410758603
2022-11-29,0.8704328479876344,0.9716274679338216
2022-11-30,0.8727955782696305,0.982121656374226
2022-12-01,0.8762537401442557,0.95230340458999
2022-12-02,0.8705940256023995,0.9461524859915371
2022-12-05,0.8713502013498704,0.9558835827066162
2022-12-06,0.869265129163098,0.9439651683147756
2022-12-07,0.8688201405284265,0.9365098449461942
2022-12-08,0.8679494745224506,0.9355713454245781
2022-12-09,0.8716109271035679,0.9601860415470249
2022-12-12,0.8655470984996884,0.9533434577370953
2022-12-13,0.8659090848228054,0.9453724174279495
2022-12-14,0.8682587323303727,0.9381657259848483
2022-12-15,0.8627069451366473,0.9141761540047292
2022-12-16,0.8650718387499181,0.9171464939082821
2022-12-19,0.8661479695718153,0.9299151214726733
2022-12-20,0.866479831640481,0.9486659990615752
2022-12-21,0.8669042594086732,0.9478999567971973
2022-12-22,0.8719994727979908,0.9542630899478941
2022-12-23,0.8710323210360166,0.9677844292285268
2022-12-26,0.8711764850633162,0.9679446066381429
2022-12-27,0.877557384880724,0.9895204753519649
2022-12-28,0.8728063388599024,0.9861694952847976
2022-12-29,0.8665709270353836,0.9729333175828309
2022-12-30,0.8662364008614893,0.9771002573850546
2023-01-02,0.865261849550513,0.9760009797099963
2023-01-03,0.8713295093436415,0.9517783381588407
2023-01-04,0.876449699363578,0.9568347943363441
2023-01-05,0.8766950770165783,0.9484024096785846
2023-01-06,0.8839444467620341,0.9333900874023007
2023-01-09,0.8843373999631883,0.9338050214223218
2023-01-10,0.8849916853046078,0.9543877137702599
2023-01-11,0.8867809887321075,0.9376631527168086
2023-01-12,0.8862439888678658,0.937898254025774
2023-01-13,0.8927806863113177,0.956796001717852
2023-01-16,0.8943954277349798,0.9585265254194246
2023-01-17,0.8917099118018651,0.9567821377024409
2023-01-18,0.8775374166218489,0.9364744024404539
2023-01-19,0.8872863587612823,0.9375141422172177
2023-01-20,0.8882667795961555,0.9511594198177327
2023-01-23,0.8904275171178088,0.9531399118420223
2023-01-24,0.8924262594234306,0.9398750144937178
2023-01-25,0.8987925056008953,0.9426458132451966
2023-01-26,0.8978595822445231,0.9471970732986941
2023-01-27,0.8989145064064132,0.9511570996408736
2023-01-30,0.8926485687526206,0.9474543746964575
2023-01-31,0.8923292508850279,0.9358673877210133
2023-02-01,0.9015019883792031,0.94042561139701
2023-02-02,0.9155549952062977,0.9550853766639699
2023-02-03,0.9040533524085307,0.9430871341757789
2023-02-06,0.8955588605857773,0.934225880657878
2023-02-07,0.9064523808482919,0.9455897440605086
2023-02-08,0.9022476812290221,0.9412035005899846
2023-02-09,0.8959436871881765,0.9346273226929575
2023-02-10,0.8930143141949398,0.9315714698787807
2023-02-13,0.8982540686107022,0.9370374581001409
2023-02-14,0.9025353616442177,0.941503602013869
2023-02-15,0.9003186959363734,0.9391912286298566
2023-02-16,0.8956541458254438,0.9343252799724946
2023-02-17,0.8908279191038749,0.929290674088228
2023-02-20,0.8915291355927537,0.930022166590492
2023-02-21,0.8794167569190356,0.917386818841362
2023-02-22,0.8747597384279027,0.9125287269921305
2023-02-23,0.8809928985968399,0.9190310126646748
2023-02-24,0.8704222561982506,0.9080039678342744
2023-02-27,0.8721464063402496,0.9098025605964987
2023-02-28,0.8727086249936287,0.9103890538351807
2023-03-01,0.8702241726199594,0.9077973317174122
2023-03-02,0.8750490799446671,0.9128305612379924
2023-03-03,0.8865389748675121,0.924816548620151
2023-03-06,0.8893673233730177,0.9277670150714963
2023-03-07,0.8791959458203438,0.9171564739112702
2023-03-08,0.8781940793417969,0.9161113504309332
2023-03-09,0.8705240348773033,0.9081101409517041
2023-03-10,0.8651713456561237,0.9025263418050197
2023-03-13,0.8736887322892242,0.9114114786490761
2023-03-14,0.8778348688079259,0.9157366304743602
2023-03-15,0.883256230227708,0.92139206683892
2023-03-16,0.8951330931881223,0.9337817301508193
2023-03-17,0.9000663474842616,0.9389279846765191
2023-03-20,0.900577451773801,0.93946115661643
2023-03-21,0.9047812234846588,0.9438464321147843
2023-03-22,0.9035155432504074,0.9425261043468234
2023-03-23,0.9120261108425012,0.951404127728136
2023-03-24,0.9110354741357348,0.9503707188808543
2023-03-27,0.905659644149056,0.9447627798334006
2023-03-28,0.9073151876263074,0.9464898037411211
2023-03-29,0.9156446310203228,0.9551788826310047
2023-03-30,0.9224871537635418,0.9623168409685774
2023-03-31,0.9326155056961389,0.9728824988167442
2023-04-03,0.9321000033005616,0.9723447388763484
2023-04-04,0.9346394675647353,0.9749938481007774
2023-04-05,0.9314078057683172,0.9716226547369238
2023-04-06,0.9291373016296822,0.9692541183717471
2023-04-07,0.9331862917158875,0.9734779293299525
2023-04-10,0.9338420597827146,0.9741620111102814
2023-04-11,0.9355624765873019,0.9759567093429725
2023-04-12,0.9332384695951124,0.9735323600628893
2023-04-13,0.945927067713023,0.9867688063454546
2023-04-14,0.9419640681333199,0.982634698655455
2023-04-17,0.941991613471124,0.9826634333021663
2023-04-18,0.9425145318089221,0.9832089293785738
2023-04-19,0.9415891756401321,0.9822436196487985
2023-04-20,0.9378036117715812,0.9782946087076635
2023-04-21,0.9352500126166855,0.9756307542986197
2023-04-24,0.9334561248244663,0.9737594128645221
2023-04-25,0.922004027464547,0.9618128550085121
2023-04-26,0.9227649169134875,0.9626065969352625
2023-04-27,0.9367003062547302,0.977143666415115
2023-04-28,0.9414451765920561,0.9820934032382158
2023-05-01,0.9400184413230231,0.9806050666566246
2023-05-02,0.940793761135341,0.9814138619980948
2023-05-03,0.937136244835637,0.9775984272606432
2023-05-04,0.9360510099079244,0.9764663357804698
2023-05-05,0.9438072285833593,0.9845574401640428
2023-05-08,0.9470911393864291,0.9879831384592872
2023-05-09,0.9448294037658437,0.985623749205325
2023-05-10,0.9480586837346104,0.9889924579027507
2023-05-11,0.9471042912553479,0.9879968581787425
2023-05-12,0.9439119820598881,0.9846667165200357
2023-05-15,0.9475617261628768,0.9884740434851893
2023-05-16,0.945663046664995,0.986493385815368
2023-05-17,0.9522518814165672,0.9933667028235551
2023-05-18,0.9610117808314496,1.0025048232816454
2023-05-19,0.9649977725406641,1.0066629158188576
2023-05-22,0.9675156406459177,1.0092894964396695
2023-05-23,0.961732963954961,1.0032571445062242
2023-05-24,0.9568363678707419,0.9981491309625768
2023-05-25,0.9654911253863813,1.00717756987126
2023-05-26,0.9798807803292069,1.0221885185123478
2023-05-30,0.9863211226412719,1.0289069317099924
2023-05-31,0.9818353606496599,1.0242274906017952
2023-06-01,0.9886705081952459,1.031357755307149
2023-06-02,0.9938765540970314,1.0367885796017793
2023-06-05,0.996097226906764,1.0391051330999699
2023-06-06,0.9964570288227707,1.0394804699724383
2023-06-07,0.9856116790018457,1.028166856838323
2023-06-08,0.9939802684156069,1.0368967719327051
2023-06-09,0.9982638584327961,1.0413653120056248
2023-06-12,1.004986754212686,1.0483784783165813
2023-06-13,1.0089706219916403,1.0525343552198412
2023-06-14,1.0112351580442933,1.054896665818485
2023-06-15,1.01826225467546,1.062227167282594
2023-06-16,1.0161871082537874,1.0600624234800335
2023-06-19,1.0146856522296308,1.0584961399690656
2023-06-20,1.0109983788768155,1.05464966337566
2023-06-21,1.0016713932189638,1.0449199719242344
2023-06-22,1.0066040113632688,1.050065562831345
2023-06-23,0.9999378747927763,1.0431116063889057
2023-06-26,0.9952706575836593,1.038242875477621
2023-06-27,1.0031044611428985,1.0464149145820567
2023-06-28,1.0021655368614528,1.0454354509171773
2023-06-29,0.9999471148936762,1.0431212454442267
2023-06-30,1.0105576988068214,1.0541899563205488
2023-07-03,1.015806684561927,1.0596655744573809
2023-07-04,1.0147037770044707,1.0585150473066867
2023-07-05,1.011930402911384,1.055621928865747
2023-07-06,1.0049476258880419,1.0483376605711958
2023-07-07,1.001240267848125,1.0444702321059245
2023-07-10,1.0012471202220952,1.0444773803408298
2023-07-11,1.009537022453315,1.053125210822305
2023-07-12,1.0206482797895553,1.0647162124046865
2023-07-13,1.0306578000632867,1.0751579078690954
2023-07-14,1.0342197526969927,1.0788736528441483
2023-07-17,1.038193798427516,1.0830192836181483
2023-07-18,1.043386841619357,1.0884365437924475
2023-07-19,1.043338255299597,1.0883858596896336
2023-07-20,1.0296718323448448,1.074129369600311
2023-07-21,1.0281934964203232,1.07258720443197
2023-07-24,1.0299604214046376,1.0744304189008078
2023-07-25,1.0349785943467422,1.079665258555082
2023-07-26,1.0311844927307228,1.0757073412371598
2023-07-27,1.029333509519122,1.0737764392082194
2023-07-28,1.0398764850740774,1.0847746226398927
2023-07-31,1.0420804337256102,1.087073729890706
2023-08-01,1.0425896044909304,1.0876048848237558
2023-08-02,1.0245035262822415,1.0687379146157812
2023-08-03,1.0217189895677483,1.0658331515914725
2023-08-04,1.0196271687448313,1.0636510134468173
2023-08-07,1.0227653113964608,1.0669246498445757
2023-08-08,1.0158079627120478,1.0596669077934409
2023-08-09,1.0118867217782446,1.0555763617379221
2023-08-10,1.0116968543898754,1.0553782965565992
2023-08-11,1.0076357611884423,1.051141859914053
2023-08-14,1.0106983752909686,1.0543367067108078
2023-08-15,1.0041581650907234,1.0475141136877035
2023-08-16,0.9937070862142603,1.036611794703553
2023-08-17,0.9869724340525929,1.029586364412413
2023-08-18,0.9851439772351251,1.0276789613865234
2023-08-21,0.9937818310258256,1.0366897667280426
2023-08-22,0.9938511766811572,1.0367621064800936
2023-08-23,1.003616282998121,1.0469488350695648
2023-08-24,0.9960862473543319,1.039093679489838
2023-08-25,0.9973421835718413,1.0404038425293567
2023-08-28,1.003647011382847,1.0469808901957496
2023-08-29,1.017850267038963,1.0617973914973668
2023-08-30,1.0222327948487588,1.0663691411419811
2023-08-31,1.0229773829328184,1.0671458778693728
2023-09-01,1.0254802424871958,1.0697568019239032
2023-09-04,1.027556781049998,1.0719229979752547
2023-09-05,1.0254732436194416,1.0697495008701376
2023-09-06,1.0179512015396273,1.0619026839878127
2023-09-07,1.01374399319759,1.0575138234768686
2023-09-08,1.0143467359566387,1.0581425905067812
2023-09-11,1.0216575533051373,1.065769062731357
2023-09-12,1.0134022267277139,1.0571573007564186
2023-09-13,1.0151289932252843,1.0589586228390655
2023-09-14,1.023770561743384,1.067973303296592
2023-09-15,1.0188437909058374,1.062833812161977
2023-09-18,1.0173989817587414,1.061326621337082
2023-09-19,1.0146381562539157,1.0584465932874445
2023-09-20,1.0072205306537436,1.050708701213909
2023-09-21,0.9915455827048777,1.034356965223918
2023-09-22,0.9912606328392808,1.034059712244972
2023-09-25,0.9924466936047209,1.0352969828609786
2023-09-26,0.979194264327874,1.0214723612119667
2023-09-27,0.9777018476054239,1.0199155072873374
2023-09-28,0.9809718861815392,1.0233267344026142
2023-09-29,0.9790384939181116,1.021309865194513
2023-10-02,0.980620574130775,1.0229602539573242
2023-10-03,0.9709971578127872,1.012921333032876
2023-10-04,0.9722332763496483,1.0142108227353632
2023-10-05,0.969889230832229,1.01176556973839
2023-10-06,0.9796272693170026,1.021924061803744
2023-10-09,0.9861049007914804,1.0286813741761132
2023-10-10,0.9888760884241778,1.0315722117531447
2023-10-11,0.9982623401345347,1.041363728152691
2023-10-12,0.9986423789310874,1.0417601756616368
2023-10-13,0.9965787364420746,1.0396074324902946
2023-10-16,0.9998314616923871,1.043000598752447
2023-10-17,1.0018629797311422,1.0451198304549698
2023-10-18,0.9986383384494188,1.0417559607264593
2023-10-19,0.9914063592859969,1.0342117306370733
2023-10-20,0.9803882486515214,1.0227178974970093
2023-10-23,0.978991134620485,1.0212604610922478
2023-10-24,0.9862664510513199,1.0288498995968434
2023-10-25,0.9733160390017457,1.0153403351959258
2023-10-26,0.9573868904733992,0.9987234231570109
2023-10-27,0.9618549814004785,1.0033844302274786
2023-10-30,0.9671231415931673,1.008880050685348
2023-10-31,0.9661033992129975,1.00781627948606
2023-11-01,0.9773510765442537,1.0195495911896317
2023-11-02,0.9921575114989566,1.0349953149089115
2023-11-03,1.0014543441574335,1.0446935514625797
2023-11-06,1.0144867680265035,1.0582886686592596
2023-11-07,1.0130355204073804,1.056774761372204
2023-11-08,1.0088379502029459,1.0523959551390816
2023-11-09,1.006365422160955,1.0498166722028721
2023-11-10,1.0147303064464153,1.0585427221947998
2023-11-13,1.0139953311334948,1.0577760132835332
2023-11-14,1.030149891358394,1.074628069487718
2023-11-15,1.036001720397555,1.0807325595197785
2023-11-16,1.0391373409952545,1.0840035649703625
2023-11-17,1.0376045192511378,1.082404561480126
2023-11-20,1.045444190314197,1.0905827214261559
2023-11-21,1.0465708753682164,1.0917580527004471
2023-11-22,1.048196933991041,1.0934543187034613
2023-11-23,1.0482747420221605,1.0935354862063402
2023-11-24,1.0465010712889025,1.09168523473131
2023-11-27,1.0470532660147274,1.0922612712451925
2023-11-28,1.054204043202693,1.099720793349017
2023-11-29,1.0532770157351832,1.0987537401598364
2023-11-30,1.0530380019166294,1.0985044065817156
2023-12-01,1.0558274935620242,1.1014143384730735
2023-12-04,1.0473549386794376,1.0925759690537487
2023-12-05,1.045163261446902,1.0902896630577985
2023-12-06,1.04326344225679,1.0883078164879234
2023-12-07,1.0503533431791532,1.0957038339073026
2023-12-08,1.0532109336020292,1.0986848048371471
2023-12-11,1.0563834640667156,1.1019943137904133
2023-12-12,1.0619748559740771,1.1078271219492668
2023-12-13,1.0718944006225186,1.1181749569635437
2023-12-14,1.076778141553106,1.123269560314125
2023-12-15,1.079066954986956,1.125657196504226
2023-12-18,1.083329151356846,1.1301034192288748
2023-12-19,1.0883100205434937,1.1352993444853052
2023-12-20,1.0832118758540783,1.1299810801904546
2023-12-21,1.0904136360560028,1.1374937865719525
2023-12-22,1.0926231221243168,1.1397986703253462
2023-12-26,1.0987611214106487,1.146201686409627
2023-12-27,1.1025547549354529,1.150159115425834
2023-12-28,1.1053976485490473,1.1531247549908756
2023-12-29,1.102578427710283,1.1501838103061892
2024-01-02,1.0950173379358246,1.1422962597897928
2024-01-03,1.0799840857705343,1.1266139257061525
2024-01-04,1.0749457571084693,1.1213580600802096
2024-01-05,1.0750444633679335,1.1214610281219908
2024-01-08,1.0836277021982348,1.1304148604249733
2024-01-09,1.0831084072178712,1.1298731441495806
2024-01-10,1.0840478431727723,1.1308531415801404
2024-01-11,1.0851405887597747,1.1319930680029382
2024-01-12,1.0859495241174852,1.132836930288504
2024-01-15,1.0867682638283276,1.1336910202440105
2024-01-16,1.0806472123535058,1.127305683716965
2024-01-17,1.0679654236560114,1.1140763408611705
2024-01-18,1.0783301859270769,1.124888616398439
2024-01-19,1.0947711544367233,1.142039446970029
2024-01-22,1.0945228542113776,1.1417804260313724
2024-01-23,1.0996643779031692,1.147143942278362
2024-01-24,1.0993216172340474,1.1467863824327078
2024-01-25,1.1018335397291943,1.1494067607332898
2024-01-26,1.0989249282697064,1.146372565861437
2024-01-29,1.1093945801540608,1.1572942597693558
2024-01-30,1.1059964150662787,1.1537493740991078
2024-01-31,1.0932635378070201,1.140466736860659
2024-02-01,1.1077771089178656,1.155606951925531
2024-02-02,1.1241868486595032,1.1727252053828978
2024-02-05,1.1184739426557073,1.166765636584683
2024-02-06,1.117876012913975,1.1661418903809149
2024-02-07,1.1275011558618995,1.1761826124849886
2024-02-08,1.1291195085661232,1.1778708398554703
2024-02-09,1.1338980303232544,1.1828556810460078
2024-02-12,1.1312595056995673,1.180103234390978
2024-02-13,1.1219158781865624,1.1703561825487723
2024-02-14,1.1246224943487668,1.173179660690772
2024-02-15,1.1272379366017657,1.175908028361122
2024-02-16,1.1263609814300868,1.174993209409944
2024-02-19,1.1306063916189735,1.1794219211864903
2024-02-20,1.1244133114385015,1.172961446012584
2024-02-21,1.1218092941299016,1.1702449965747614
2024-02-22,1.140289374065316,1.1895229800911078
2024-02-23,1.1408631706344552,1.1901215511384335
2024-02-26,1.13720903289431,1.186309640834627
2024-02-27,1.136234092076868,1.1852926055688842
2024-02-28,1.13701758014794,1.1861099218452296
2024-02-29,1.1420101903376056,1.1913180950390843
2024-03-01,1.1551393975013546,1.2050141742860365
2024-03-04,1.161388945036344,1.211533554872333
2024-03-05,1.149423293984105,1.1990512699172033
2024-03-06,1.1540678731078637,1.2038963853117857
2024-03-07,1.1648694093437753,1.2151642931474047
2024-03-08,1.1625637680527294,1.21275910253358
2024-03-11,1.1582402132715583,1.2082488721614857
2024-03-12,1.1666616943856623,1.2170339626301583
2024-03-13,1.165637561962188,1.2159656118412387
2024-03-14,1.1660330501573066,1.2163781757983783
2024-03-15,1.1524547895650374,1.2022136546061948
2024-03-18,1.1599942849426574,1.210078678357136
2024-03-19,1.1584782738270052,1.208497211318017
2024-03-20,1.1733457443237834,1.2240066058752017
2024-03-21,1.1843366729767684,1.2354720834132906
2024-03-22,1.1820214878607125,1.2330569369063167
2024-03-25,1.178997238303144,1.2299021110979933
2024-03-26,1.1809011012473196,1.2318881760167313
2024-03-27,1.1850038223752324,1.2361680379303424
2024-03-28,1.1863744554970288,1.237597850075165
2024-03-29,1.187494969082456,1.238766743418982
2024-04-01,1.1905667474607233,1.2419711501720405
2024-04-02,1.1903417354599586,1.2417364229599894
2024-04-03,1.188528412840503,1.2398448075725097
2024-04-04,1.1822700753460471,1.2333162575078183
2024-04-05,1.1906421697463447,1.2420498289214863
2024-04-08,1.1931031189487642,1.2446170330853543
2024-04-09,1.1947454311715253,1.2463302544604637
2024-04-10,1.186594993734256,1.2378279103626124
2024-04-11,1.2009894388296796,1.2528438559779096
2024-04-12,1.1847255897664752,1.2358777922352981
2024-04-15,1.1773417053357935,1.2281750981539536
2024-04-16,1.170502568185727,1.221040671587305
2024-04-17,1.1584748292491518,1.2084936180156443
2024-04-18,1.161200237992848,1.2113367001354136
2024-04-19,1.1448639430305094,1.1942950625395383
2024-04-22,1.1489419806089907,1.19854917515657
2024-04-23,1.1567235125663013,1.2066666857587554
2024-04-24,1.164191726166842,1.2144573500411036
2024-04-25,1.1569325062306952,1.2068847030201137
2024-04-26,1.1704715881583203,1.2210083539534107
2024-04-29,1.1753536670501377,1.2261012235043478
2024-04-30,1.1593559894011198,1.2094128235030808
2024-05-01,1.1573085790375224,1.20727701330212
2024-05-02,1.1636737084520263,1.2139169661790048
2024-05-03,1.174872126780529,1.22559889205273
2024-05-06,1.1843479198186142,1.2354838158534354
2024-05-07,1.1909821750082152,1.2424045143912847
2024-05-08,1.1910069128107728,1.2424303202834455
2024-05-09,1.1924342457488184,1.243919280339254
2024-05-10,1.1976064995947184,1.2493148535582064
2024-05-13,1.1961103384091651,1.247754093497985
2024-05-14,1.2021859342746737,1.2540920118055137
2024-05-15,1.2152172085502344,1.2676859297733591
2024-05-16,1.215825008110604,1.2683199719391396
2024-05-17,1.2164832192051376,1.2690066022283506
2024-05-20,1.2239634705710232,1.2768098240235835
2024-05-21,1.223237292291879,1.276052291970465
2024-05-22,1.2181660096140405,1.2707620494925225
2024-05-23,1.2101233061465455,1.2623720909309197
2024-05-24,1.2117879364902413,1.2641085940433918
2024-05-27,1.2159918698193184,1.2684940381380603
2024-05-28,1.2208400066132858,1.2735515000930808
2024-05-29,1.208605450575954,1.2607886997999116
2024-05-30,1.1972527817514482,1.2489458634469175
2024-05-31,1.1955279090420379,1.2471465169194123
2024-06-03,1.2067122383029232,1.2588137454101045
2024-06-04,1.2037233753495729,1.255695834072671
2024-06-05,1.2221797805931423,1.2749491207088774
2024-06-06,1.223794434246155,1.2766334893163822
2024-06-07,1.2185574083152395,1.27117034738606
2024-06-10,1.2201595360013933,1.2728416492003756
2024-06-11,1.2251262105456666,1.2780227669406767
2024-06-12,1.2368457190834088,1.2902482818302154
2024-06-13,1.2411199735288916,1.2947070832549206
2024-06-14,1.2483410549424776,1.3022399450687125
2024-06-17,1.2531435569824312,1.3072498019246899
2024-06-18,1.2578835772055805,1.3121944792230769
2024-06-19,1.2622793251994984,1.316780019851955
2024-06-20,1.2621682535532723,1.3166641525303544
2024-06-21,1.2533680174517046,1.3074839537920975
2024-06-24,1.2454830009667641,1.2992584905714812
2024-06-25,1.25233727111058,1.3064087035202816
2024-06-26,1.2539506303056467,1.308091721779788
2024-06-27,1.2578423406428099,1.3121514622134025
2024-06-28,1.2558721287530703,1.3100961836395626
2024-07-01,1.2603610597431183,1.314778930572184
2024-07-02,1.2645783849866767,1.319178344796177
2024-07-03,1.2744216098390606,1.3294465647992897
2024-07-04,1.278827853336183,1.3340430540895634
2024-07-05,1.29472582733936,1.3506274455991056
2024-07-08,1.2922309516606423,1.3480248501353551
2024-07-09,1.2943786882366455,1.3502653182747975
2024-07-10,1.3025248827839517,1.3587632362899122
2024-07-11,1.2955708186060306,1.3515089205584814
2024-07-12,1.2945872908612401,1.3504829276126606
2024-07-15,1.2986234083997776,1.3546933102327516
2024-07-16,1.3060043416856613,1.3623929257494485
2024-07-17,1.282602904710045,1.3379810986441871
2024-07-18,1.2751606006571385,1.3302174625908267
2024-07-19,1.2604652785509332,1.3148876491743853
2024-07-22,1.2669701003976328,1.3216733259017426
2024-07-23,1.2671622453403566,1.32187376697405
2024-07-24,1.2404665275494529,1.2940254238213862
2024-07-25,1.2237225428492973,1.276558493906815
2024-07-26,1.2357417011853455,1.2890965963983887
2024-07-29,1.2403240329393017,1.293876776804963
2024-07-30,1.231348193587712,1.284513392898072
2024-07-31,1.2588229604359225,1.3131744216526204
2024-08-01,1.2424941303799282,1.2961405712709761
2024-08-02,1.2138907545154451,1.2663022042100927
2024-08-05,1.163304852720771,1.213532184580014
2024-08-06,1.1761675667919078,1.2269502645182755
2024-08-07,1.1758224930087642,1.2265902916866311
2024-08-08,1.1964037308494495,1.2480601535717193
2024-08-09,1.2044886256729488,1.2564941251607777
2024-08-12,1.2133529468345732,1.2657411759221717
2024-08-13,1.2297272399116026,1.2828224522550664
2024-08-14,1.2311907031746658,1.2843491026137615
2024-08-15,1.2480705812072626,1.3019577932475468
2024-08-16,1.2622104020052602,1.3167081208013534
2024-08-19,1.2673958086042767,1.322117414662135
2024-08-20,1.269931065479074,1.3247621348372023
2024-08-21,1.2720316504729121,1.32695341555825
2024-08-22,1.2596712621988448,1.314059350043605
2024-08-23,1.2690528599207667,1.3238460115121853
2024-08-26,1.2626358529557995,1.317151941198244
2024-08-27,1.263682138511857,1.318243401612569
2024-08-28,1.2553437257915199,1.3095449661330176
2024-08-29,1.2513775934554914,1.3054075904255087
2024-08-30,1.2587604023889953,1.313109162573564
2024-09-02,1.2592304213326058,1.3135994752496434
2024-09-03,1.2354857086948257,1.288829551070133
2024-09-04,1.223487662898761,1.2763134726823089
2024-09-05,1.2250900947298675,1.2779850917734654
2024-09-06,1.2033038012979285,1.2552581443180952
2024-09-09,1.2107022330425214,1.262976013814198
2024-09-10,1.215818550941089,1.2683132359722018
2024-09-11,1.2260186332966938,1.2789537213058122
2024-09-12,1.2442625094338569,1.2979853025909398
2024-09-13,1.2497504156194528,1.3037101568856677
2024-09-16,1.2474295518118408,1.3012890865016002
2024-09-17,1.2463971843330848,1.3002121450972437
2024-09-18,1.2416770815222595,1.2952882451736198
2024-09-19,1.2614126261681387,1.3158758998644569
2024-09-20,1.264597836538731,1.3191986361964954
2024-09-23,1.2679311578841055,1.3226758784040722
2024-09-24,1.2780995031372746,1.3332832563409749
2024-09-25,1.2733822648831776,1.3283623446553663
2024-09-26,1.2904638980997776,1.3461815015384937
2024-09-27,1.2827297350292441,1.338113405041749
2024-09-30,1.2744483381028584,1.3294744470936697
2024-10-01,1.26799047507355,1.3227377566970413
2024-10-02,1.2651872298399525,1.3198134773868633
2024-10-03,1.2643554667823111,1.3189458017831455
2024-10-04,1.272715506832336,1.3276667983829233
2024-10-07,1.269781657414886,1.3246062758685886
2024-10-08,1.2748017189515515,1.3298430856601644
2024-10-09,1.278810023801894,1.3340244547399223
2024-10-10,1.2807209467792033,1.336017884518707
2024-10-11,1.2854067599742163,1.3409060143238722
2024-10-14,1.2948836994264439,1.3507921340367717
2024-10-15,1.288218073647601,1.3438387104401337
2024-10-16,1.2866424234581633,1.3421950293258924
2024-10-17,1.2890307616127328,1.344686487357252
2024-10-18,1.2939253493308045,1.3497924058207038
2024-10-21,1.2959038229136626,1.3518563027979442
2024-10-22,1.295032462326887,1.350947319985783
2024-10-23,1.2857537589820813,1.3412679955045377
2024-10-24,1.289554887916346,1.3452332435551069
2024-10-25,1.2940377170181965,1.34990962514188
2024-10-28,1.2982164567375751,1.3542687878571293
2024-10-29,1.307812491161144,1.3642791446351508
2024-10-30,1.3013300343634495,1.357516798599412
2024-10-31,1.274607917638556,1.3296409167014571
2024-11-01,1.2766253373268328,1.3317454413372853
2024-11-04,1.2808189502222929,1.336120119399023
2024-11-05,1.2883129021267128,1.3439376332729132
2024-11-06,1.2986232915410834,1.354693188328519
2024-11-07,1.3132513389320837,1.369952822348804
2024-11-08,1.311615405897417,1.3682462555922548
2024-11-11,1.3003451822123466,1.3564894240641638
2024-11-12,1.2895165574783172,1.3451932581462192
2024-11-13,1.2778901283999082,1.333064841553279
2024-11-14,1.2712629493401422,1.3261515246671756
2024-11-15,1.2583850237898802,1.3127175764726695
2024-11-18,1.2753854278548282,1.3304519970206696
2024-11-19,1.281764992624436,1.3371070085195258
2024-11-20,1.2838087743185542,1.3392390333780717
2024-11-21,1.2891758105386308,1.3448377989756162
2024-11-22,1.2966373243669886,1.3526214742136446
2024-11-25,1.2945251748457374,1.3504181296503612
2024-11-26,1.2978405118329748,1.3538766109997096
2024-11-27,1.2902547873501733,1.3459633621366054
2024-11-28,1.289410333705958,1.3450824480122945
2024-11-29,1.29169855812024,1.3474694697510747
2024-12-02,1.2958879997642037,1.3518397964616349
2024-12-03,1.3043322888423685,1.3606486796604658
2024-12-04,1.308418397559587,1.3649112118990618
2024-12-05,1.301911329692033,1.358123192175724
2024-12-06,1.3056888764979595,1.3620638399062202
2024-12-09,1.2945887083883718,1.3504844063435317
2024-12-10,1.3028822529643325,1.3591360364331322
2024-12-11,1.3199870570152026,1.3769793645840618
2024-12-12,1.3168803726557998,1.3737385447347772
2024-12-13,1.3196563267072032,1.3766343545273818
2024-12-16,1.3285304625376335,1.3858916437197848
2024-12-17,1.3199370939283823,1.3769272442703233
2024-12-18,1.294044965760235,1.349917186858606
2024-12-19,1.284578052237786,1.3400415259591796
2024-12-20,1.2898149645660453,1.34550454938189
2024-12-23,1.2997378492638745,1.3558558686569095
2024-12-24,1.3100436541716018,1.3666066412633158
2024-12-26,1.3094560224554408,1.3659936377169337
2024-12-27,1.2959807727228188,1.3519365750239138
2024-12-30,1.2846898353101461,1.3401581354237433
2024-12-31,1.2809132696164296,1.336218511166364
2025-01-02,1.282901593051721,1.3382926832773436
2025-01-03,1.2982236108201672,1.3542762508273534
2025-01-06,1.3128985067160106,1.369584756102919
2025-01-07,1.3017275087650197,1.3579314345202758
2025-01-08,1.3073969356523072,1.3638456469296503
2025-01-09,1.3078360345181457,1.3643037045098807
2025-01-10,1.2982821005168763,1.354337265899419
2025-01-13,1.2899084198206157,1.345602039699217
2025-01-14,1.2913088252368627,1.3470629095993996
2025-01-15,1.3091850433908092,1.365710958748039
2025-01-16,1.3113225986124146,1.3679408059387115
2025-01-17,1.3205820522938294,1.3776000496251313
2025-01-20,1.3194490273478883,1.37641810472512
2025-01-21,1.3287194674181375,1.3860888091532466
2025-01-22,1.3427669451499586,1.400742806598427
2025-01-23,1.3401830658514868,1.398047364657794
2025-01-24,1.3402942172771357,1.3981633152034065
2025-01-27,1.3180492800223502,1.3749579213296437
2025-01-28,1.3302299989924933,1.387664560064126
2025-01-29,1.3274876755589238,1.3848038329388317
2025-01-30,1.3347674179241558,1.3923978884738
2025-01-31,1.3303625824051422,1.3878028679530807
2025-02-03,1.3173064758782391,1.37418304556633
2025-02-04,1.332293044239536,1.389816680206731
2025-02-05,1.3410080885543225,1.3989080088823564
2025-02-06,1.34800714651191,1.406209261063509
2025-02-07,1.3369592865138027,1.3946843940889748
2025-02-10,1.3502897992061103,1.4085904705153152
2025-02-11,1.3501497487854495,1.4084443732197194
2025-02-12,1.3509156823160287,1.4092433770134651
2025-02-13,1.3675877187475929,1.426635252191218
2025-02-14,1.3678013125946455,1.4268580682546261
2025-02-17,1.370145736972805,1.4293037164701874
2025-02-18,1.3791935308820444,1.4387421616744942
2025-02-19,1.3864753314188065,1.4463383642454584
2025-02-20,1.3810667243748052,1.4406962329448876
2025-02-21,1.3653256340400077,1.4242754987779311
2025-02-24,1.3569752390761765,1.4155645637045808
2025-02-25,1.3427393506545735,1.4007140206716862
2025-02-26,1.346386258189381,1.4045183885958168
2025-02-27,1.3205515842912514,1.3775682661234618
2025-02-28,1.3187350937708642,1.3756733460564488
2025-03-03,1.3069152318949961,1.363343144931517
2025-03-04,1.3056224715192553,1.361994567798668
2025-03-05,1.3182184957540104,1.3751344431897787
2025-03-06,1.3013783128907246,1.357567161620366
2025-03-07,1.3047430331192107,1.3610771584022288
2025-03-10,1.2765843955800291,1.3317027318726746
2025-03-11,1.2816465182461332,1.3369834188424243
2025-03-12,1.291620262735807,1.3473877938527141
2025-03-13,1.305307736991383,1.3616662441625391
2025-03-14,1.3077505113536143,1.3642144887617955
2025-03-17,1.3204500954049956,1.3774623953110425
2025-03-18,1.3287090178788654,1.386077908440341
2025-03-19,1.3365782336910543,1.3942868887718185
2025-03-20,1.3376030159861974,1.3953559174915349
2025-03-21,1.3322374307546367,1.3897586655309873
2025-03-24,1.328948380859219,1.3863276062558163
2025-03-25,1.3310467915322686,1.388516618776701
2025-03-26,1.3324490044754433,1.389979374246342
2025-03-27,1.3392580034803556,1.397082361410806
2025-03-28,1.3360352472778987,1.3937204581525249
2025-03-31,1.3391210650960803,1.3969395105181672
2025-04-01,1.3436390576392567,1.4016525737775647
2025-04-02,1.3443346315500635,1.4023781800754702
2025-04-03,1.3290950257863592,1.386480582785033
2025-04-04,1.2968635157168293,1.3528574316948365
2025-04-07,1.2597092427614187,1.3140989704706711
2025-04-08,1.2626310255858633,1.3171469053997862
2025-04-09,1.3006503510606742,1.3539000765870404
2025-04-10,1.3375415691874772,1.400984481846411
2025-04-11,1.3536831056706133,1.3993440904892962
2025-04-14,1.353136067021022,1.3961370296890265
2025-04-15,1.3602810577317637,1.39965063352586
2025-04-16,1.381251828284588,1.3796424057954637
2025-04-17,1.3804633698825188,1.4019207630506725
2025-04-18,1.3826316010280668,1.4041226963495586
2025-04-21,1.4081532916975683,1.4418278835243643
2025-04-22,1.3980753927438159,1.4447767201565485
2025-04-23,1.384120352970083,1.4212545416801121
2025-04-24,1.399901796813917,1.4232150075104963
2025-04-25,1.3943514601175118,1.397922499993927
2025-04-28,1.407529941967885,1.4111347329361479
2025-04-29,1.4015734728408948,1.4051630088398164
2025-04-30,1.3944819313569028,1.3980533053800606
2025-05-01,1.3766418988099083,1.3996338145959597
2025-05-02,1.3803005461161104,1.4250318799707795
2025-05-05,1.4063062335476466,1.4432264461415594
2025-05-06,1.4307475173781596,1.4440158776556327
2025-05-07,1.4200664385510104,1.4364755689538722
2025-05-08,1.4030436769803878,1.4590568281402283
2025-05-09,1.409501534467115,1.4560041864581437
2025-05-12,1.3941002477043731,1.4805273853808087
2025-05-13,1.4058600803150434,1.4930162679100683
2025-05-14,1.408592969216103,1.4959185820484415
2025-05-15,1.411842232337414,1.4993692829871512
2025-05-16,1.413392837923337,1.501016018247161
2025-05-19,1.4138861848380173,1.501539950165888
2025-05-20,1.4170148820982216,1.504862610772201
2025-05-21,1.4102661361551723,1.4976954768432635
2025-05-22,1.4043881777220202,1.4914531148289523
2025-05-23,1.4042187513172895,1.491273184847286
2025-05-26,1.4111629670624295,1.4986479067136669
2025-05-27,1.423420742325891,1.5116656018121952
2025-05-28,1.424259493066703,1.5125563508406996
2025-05-29,1.4344836841662651,1.5234143898814319
2025-05-30,1.428000701310581,1.5165294950020287
2025-06-02,1.4415415424548097,1.5309097995519587
2025-06-03,1.4448813301996257,1.5344566371812478
2025-06-04,1.4587701713041432,1.5492065159222501
2025-06-05,1.458197379391274,1.5485982138187795
2025-06-06,1.4621966573124359,1.552845426667195
2025-06-09,1.470938549243391,1.5621292715163233
2025-06-10,1.4779650763841048,1.5695914076669184
2025-06-11,1.4817035755917742,1.5735616748455472
2025-06-12,1.4883272486170445,1.5805959819707835
2025-06-13,1.4789920081314076,1.5706820039689433
2025-06-16,1.4919881178550336,1.5844838065157298
2025-06-17,1.4852846671476811,1.5773647758971439
2025-06-18,1.4870064433212253,1.5791932934521948
2025-06-19,1.487407240143912,1.5796189376430902
2025-06-20,1.4898159341390091,1.5821769584372303
2025-06-23,1.4981748626415905,1.5910540980696852
2025-06-24,1.5178795705816004,1.6119803978635159
2025-06-25,1.522222423960616,1.6165924861038798
2025-06-26,1.5259889037382175,1.6205924685057227
2025-06-27,1.5208682825758486,1.615154394828072
2025-06-30,1.531405599592208,1.6263449720027396
2025-07-01,1.5298128434912948,1.6246534731098032
2025-07-02,1.535311315524008,1.6304928224934558
2025-07-03,1.547254090478705,1.6431759888632955
2025-07-04,1.539718870283595,1.635173623271506
2025-07-07,1.5338438800686571,1.6289344134898687
2025-07-08,1.538556947345869,1.6339396670105852
2025-07-09,1.5464869991803025,1.6423613417988232
2025-07-10,1.5524739295338634,1.6487194314393712
2025-07-11,1.553020063041833,1.6492994224521798
2025-07-14,1.5587246270058965,1.655357640420622
2025-07-15,1.559469486739156,1.6561486776757794
2025-07-16,1.5590190603672118,1.6556703271555357
2025-07-17,1.5654068264988266,1.6624541023573813
2025-07-18,1.564939834597359,1.6619581593288852
2025-07-21,1.5768385074854936,1.6745944895279363
2025-07-22,1.570274206874408,1.6676232356051375
2025-07-23,1.5727635738639276,1.670266930709787
2025-07-24,1.572388326112686,1.6698684195030569
2025-07-25,1.572532403775647,1.6700214292496562
2025-07-28,1.5750320018153068,1.6726759896776127
2025-07-29,1.5766294165641903,1.6743724360310421
2025-07-30,1.575525005235396,1.6731995568068276
2025-07-31,1.572187319999415,1.6696549520312471
2025-08-01,1.5460338152215722,1.641880062735413
2025-08-04,1.5667605253926014,1.6638917237100024
2025-08-05,1.5673877883842973,1.6645578738226439
2025-08-06,1.5762808513032773,1.6740022614935772
2025-08-07,1.585482467156569,1.6837743308142632
2025-08-08,1.5915916125810374,1.6902622122396436
2025-08-11,1.584416743880899,1.682642538106052
2025-08-12,1.5932598099032633,1.692033829326608
2025-08-13,1.6000170312800168,1.6992099641231104
2025-08-14,1.5971248299348637,1.6961384609779202
2025-08-15,1.593777542541327,1.6925836587597645
2025-08-18,1.5862238880439374,1.6845617160325428
2025-08-19,1.5711613603228123,1.6685653880633706
2025-08-20,1.5674042779253021,1.6645753856314756
2025-08-21,1.5631157988441788,1.660021042619421
2025-08-22,1.58348095685462,1.6816487370350233
2025-08-25,1.5849432219672588,1.6832016551608997
2025-08-26,1.5866814432644973,1.6850476373538241
2025-08-27,1.5896122835949185,1.6881601749052035
2025-08-28,1.5983970885135084,1.697489593129336
2025-08-29,1.5906387444644259,1.689250271137401
2025-09-01,1.5843611644929028,1.6825835130781706
2025-09-02,1.5892139636833986,1.6877371611813925
2025-09-03,1.6002510689077067,1.6994585108955365
2025-09-04,1.6085049342751563,1.7082240740118746
2025-09-05,1.6138791189049841,1.7139314308046554
2025-09-08,1.6233489121118003,1.7239883031132799
2025-09-09,1.6310579012944457,1.7321752104876276
2025-09-10,1.641045348484305,1.7427818286981762
2025-09-11,1.649818666702582,1.7520990481048928
2025-09-12,1.6616335816095178,1.76464642775314
2025-09-15,1.6740889933116594,1.7778740117461698
2025-09-16,1.681279706653535,1.7855105128088449
2025-09-17,1.6717573996355783,1.7753978710993956
2025-09-18,1.6854552618604157,1.7899449312397548
2025-09-19,1.6933157164330133,1.79829269408926
2025-09-22,1.70882554132207,1.814764049379901
2025-09-23,1.7070871078687757,1.8129178418783225
2025-09-24,1.6997336709177642,1.8051085291688735
2025-09-25,1.6972801212903879,1.8025028719209797
2025-09-26,1.6922279718430984,1.7971375148571203
2025-09-29,1.708312467485993,1.814219167570802
2025-09-30,1.712909978367221,1.8191017007856498
2025-10-01,1.7225549743860766,1.8293446375911762
2025-10-02,1.7373529367809222,1.8450599985270062
2025-10-03,1.7368503505868162,1.8445262545404362
2025-10-06,1.7498895113576562,1.858373777080799
2025-10-07,1.7469000093728526,1.8551989411502838
2025-10-08,1.7627150853865052,1.8719944715855221
2025-10-09,1.7547389610406445,1.8635238680240533
2025-10-10,1.7381845540338958,1.8459431718276427
2025-10-13,1.7615271332213547,1.8707328724172243
2025-10-14,1.7541778931588414,1.8629280167820534
2025-10-15,1.7786639909190265,1.8889321282903624
2025-10-16,1.7949147742219407,1.9061903776547624
2025-10-17,1.795363951264552,1.9066674013935971
2025-10-20,1.8288532128758412,1.942232827203786
2025-10-21,1.8051275703471672,1.917036315290601
2025-10-22,1.8025645236431598,1.9143143727032284
2025-10-23,1.8067293317060753,1.918737377721809
2025-10-24,1.8271624619876934,1.940437258344314
2025-10-27,1.8468102457450741,1.9613031049451897
2025-10-28,1.8460007359198491,1.960443409620586
2025-10-29,1.858329741861404,1.9735367513376199
2025-10-30,1.8538088450649186,1.968735581891808
2025-10-31,1.8598519280372907,1.9751533053284533
2025-11-03,1.880575551650321,1.9971616883941181
2025-11-04,1.8411675419196831,1.9553105821299612
2025-11-05,1.8383734762755373,1.9523432986010174
2025-11-06,1.8229721527051521,1.9359871711599574
2025-11-07,1.8144551118033305,1.9269421169622272
2025-11-10,1.8593613821578823,1.9746323480949648
2025-11-11,1.8639514808002324,1.9795070095497556
2025-11-12,1.873663757188623,1.9898213977661536
2025-11-13,1.8518447541873717,1.9666497273513093
2025-11-14,1.8259250209724351,1.939123102268451
2025-11-17,1.823730601759523,1.9367926402051436
2025-11-18,1.7988853672691734,1.9104071273126946
2025-11-19,1.8019361916646415,1.9136470873320088
2025-11-20,1.7892956033720087,1.9002228467399969
2025-11-21,1.777671916312123,1.8878785500944757
2025-11-24,1.8067490102460642,1.9187582762313717
2025-11-25,1.8165277866240892,1.9291432870991492
2025-11-26,1.8402096933214225,1.954293351781492
2025-11-27,1.8434912505955199,1.9577783489465073
2025-11-28,1.8481465841860905,1.962722289585118
2025-12-01,1.8462579958743066,1.960716618386142
2025-12-02,1.8605224698012728,1.9758654172775414
2025-12-03,1.8670353380219264,1.982782050262818
2025-12-04,1.8657811353798885,1.9814500934244115
2025-12-05,1.8779485213105214,1.9943717955103717
2025-12-08,1.8815293743856831,1.998174643296628
2025-12-09,1.8816219614799088,1.998272970320642
2025-12-10,1.8877479092100156,2.004778695709307
2025-12-11,1.885185452851993,2.0020573800663732
2025-12-12,1.8753611883733927,1.9916240610667229
2025-12-15,1.860465725868709,1.9758051555092413
2025-12-16,1.8512005373155693,1.9659655723040679
2025-12-17,1.8460496704975957,1.9604953778937184
2025-12-18,1.8531976533884764,1.9680864994343743
2025-12-19,1.8684188372265966,1.9842513193943172
2025-12-22,1.8940145991272193,2.011433888586138
2025-12-23,1.9054439314628207,2.023571781501185
2025-12-24,1.9066968898380254,2.0249024169345318
2025-12-26,1.915864879872149,2.0346387758059756
2025-12-29,1.9070005481685421,2.0252249005399037
2025-12-30,1.9052830834211258,2.023400961697512
2025-12-31,1.8943200103764555,2.0117582337822904
2026-01-02,1.9091149160589882,2.0274703485051626
2026-01-05,1.9460449411099217,2.066689847619907
2026-01-06,1.9671372163477925,2.0890897368395516
2026-01-07,1.9673450848158531,2.0893104920973085
2026-01-08,1.9642395049963564,2.0860123820956624
2026-01-09,1.980196655577892,2.1029587950006965
2026-01-12,1.9920770800852174,2.1155757455119732
2026-01-13,1.995593563311471,2.1193102328454874
2026-01-14,1.9928004017933805,2.1163439094938243
2026-01-15,2.0018513198210153,2.1259559384887377
2026-01-16,2.00492973517164,2.1292251999623524
2026-01-19,2.011559347252948,2.1362658143349487
2026-01-20,1.9995934788599456,2.1235581228508718
2026-01-21,2.024449915152586,2.1499555320004835
2026-01-22,2.044815266821,2.1715834320798697
